<?xml version="1.0" encoding="UTF-8"?>
<!DOCTYPE mapper PUBLIC "-//mybatis.org//DTD Mapper 3.0//EN" "http://mybatis.org/dtd/mybatis-3-mapper.dtd">

<mapper namespace="com.sorincorp.batch.setle.mapper.SetleMapper">

	<select id="selectPpsList" resultType="com.sorincorp.batch.setle.model.PpsVO">
		/* setle.selectPpsList */
		SET TRANSACTION ISOLATION LEVEL READ UNCOMMITTED
		SELECT METAL_CODE
			 , BRAND_GROUP_CODE
			 , GOODS_CODE
			 , GOODS_NAME
			 , SELLER
		  FROM IT_RVCMPN_MANAGE_BAS 
	</select>

	<select id="selectRvcmpnList" resultType="com.sorincorp.batch.setle.model.PpsVO">
		/* setle.selectMetalList */
		SET TRANSACTION ISOLATION LEVEL READ UNCOMMITTED
		SELECT SUB_CODE, CODE_NM, CODE_REFRNONE
		  FROM CO_CMMN_CD 
		 WHERE 1=1
		   AND MAIN_CODE LIKE '%RVCMPN_SE_CODE%'
		   AND DELETE_AT = 'N'
		   AND SUB_CODE <![CDATA[<>]]>  '@'
	</select>
	
	<select id="getRvcmpnPcList" resultType="Integer">
		/* setle.getRvcmpnPcList */
		SET TRANSACTION ISOLATION LEVEL READ UNCOMMITTED
		SELECT 
			COUNT(*) 
		FROM IT_RVCMPN_PC_MANAGE_BAS irmb 
		WHERE 1=1 
		  AND APPLC_DE  = CONVERT(CHAR(8),GETDATE(),112)
		  AND DELETE_AT = 'N'
	</select>
	
	<select id="getCommCdCnt" resultType="Integer">
		/* setle.getCommCdCnt*/
		SET TRANSACTION ISOLATION LEVEL READ UNCOMMITTED
		SELECT COUNT(*)
		FROM CO_CMMN_CD 
		WHERE 1=1
		  AND MAIN_CODE LIKE '%RVCMPN_SE_CODE%'
		  AND DELETE_AT = 'N' 
		  AND USE_AT = 'Y'
		  AND SUB_CODE <![CDATA[<>]]>  '@'
	</select>

	<insert id="insertCrawlingTx" parameterType="com.sorincorp.batch.setle.model.SetleVO">
		/* setle.insertCrawlingTx */
		IF NOT EXISTS(
	                  SELECT APPLC_DE 
	                    FROM IT_RVCMPN_PC_MANAGE_BAS WITH(NOLOCK)   
	                   WHERE APPLC_DE   		= #{applcDe}
	                     AND METAL_CODE 		= #{metalCode}
	                     AND BRAND_GROUP_CODE 	= #{brandGroupCode}
	                 )
			 	BEGIN
				INSERT INTO IT_RVCMPN_PC_MANAGE_BAS(
							APPLC_DE,
							BRAND_GROUP_CODE,
							METAL_CODE,
							SAROK_PC,
							PLATTS_PC,
							MB_PC,
							DELETE_AT,
							FRST_REGISTER_ID,
							FRST_REGIST_DT,
							LAST_CHANGER_ID,
							LAST_CHANGE_DT
					) VALUES (
							#{applcDe},
							#{brandGroupCode},
							#{metalCode},
							#{sellPrice},
							#{sellPrice},
							#{sellPrice},
							#{deleteAt},
							'SYSTEM',
							GETDATE(),
							'SYSTEM',
							GETDATE()
							)
				END
	</insert>
	
</mapper>