<?xml version="1.0" encoding="UTF-8"?>
<!DOCTYPE mapper PUBLIC "-//mybatis.org//DTD Mapper 3.0//EN" "http://mybatis.org/dtd/mybatis-3-mapper.dtd">

<mapper namespace="com.sorincorp.api.hanafx.fs.mapper.FshgMapper">
	<select id="selectMaxKeyApiIntSeq" parameterType="com.sorincorp.api.hanafx.fs.model.ApiIntSeqVo" resultType="int">
		/****** SELECT : API_INT_SEQ(환율 API 순번 관리) - SQL_ID: FshgMapper.selectMaxKeyApiIntSeq  ******/
		SET TRANSACTION ISOLATION LEVEL READ UNCOMMITTED
		<choose>
			<when test="intId eq 'API_TRD_SND'">
				SELECT ISNULL(MAX(REQ_SEQ), 0) + 1 AS MAX_NUMBER
			</when>
			<otherwise>
				SELECT ISNULL(MAX(PRC_SEQ), 0) + 1 AS MAX_NUMBER
			</otherwise>
		</choose>
		FROM API_INT_SEQ
		WHERE INT_ID = #{intId}
	</select>

	<update id="updateApiIntSeq" parameterType="com.sorincorp.api.hanafx.fs.model.ApiIntSeqVo">
		/******  UPDATE : API_INT_SEQ(환율 API 순번 관리) - SQL_ID: FshgMapper.updateApiIntSeq  ******/
		UPDATE API_INT_SEQ
		<choose>
			<when test="intId eq 'API_TRD_SND'">
				SET REQ_SEQ = #{reqSeq}                          /* 최종 요청 순번                */
			</when>
			<otherwise>
			    SET PRC_SEQ = #{prcSeq}                          /* 최종 처리 순번                */
			</otherwise>
		</choose>
		 WHERE 1=1
		   AND INT_ID = #{intId}                                /* 서비스 명                    */
	</update>

     <!--  API_INT_DAT 테이블-->
	<insert id="insertApiIntDat" parameterType="com.sorincorp.api.hanafx.fs.model.ApiIntDatVo">
		/******  INSERT : API_INT_DAT(환율 API 주문 요청) - SQL_ID: FshgMapper.insertApiIntDat  ******/
		INSERT INTO API_INT_DAT           /* 환율 API 주문 요청            */
		     (
		       INT_ID          /* 서비스 명                     */
		     , REQ_SEQ         /* 최종 요청 순번                */
		     , REQ_TP          /* 요청 메시지 TP                */
		     , STAT_TP         /* 처리 상태                     */
		     , REQ_DAT         /* 요청 DATA                     */
		     , REQ_DT          /* 최종 요청 일                  */
		     , REQ_TM          /* 최종 요청 시                  */
		     , PRC_DT          /* 최종 처리 일                  */
		     , PRC_TM          /* 최종 처리 시                  */
		     )
		VALUES
		     (
		       #{intId}         /* 서비스 명                     */
		     , #{reqSeq}        /* 최종 요청 순번                */
		     , #{reqTp}         /* 요청 메시지 TP                */
		     , #{statTp}        /* 처리 상태                     */
		     , #{reqDat}        /* 요청 DATA                     */
		     , #{reqDt}         /* 최종 요청 일                  */
		     , #{reqTm}         /* 최종 요청 시                  */
		     , #{prcDt}         /* 최종 처리 일                  */
		     , #{prcTm}         /* 최종 처리 시                  */
		     )
	</insert>

	<update id="updateApiIntDat" parameterType="com.sorincorp.api.hanafx.fs.model.ApiIntDatVo">
		/******  UPDATE : API_INT_DAT(환율 API 주문 요청) - SQL_ID: FshgMapper.updateApiIntDat  ******/
		UPDATE API_INT_DAT                   /* 환율 API 주문 요청            */
		   SET
		       STAT_TP   = #{statTp}          /* 처리 상태                     */
		     , PRC_DT    = #{prcDt}           /* 최종 처리 일                  */
		     , PRC_TM    = #{prcTm}           /* 최종 처리 시                  */
		 WHERE 1=1
		   AND INT_ID    = #{intId}           /* 서비스 명                     */
		   AND REQ_SEQ   = #{reqSeq}          /* 최종 요청 순번                */
	</update>

	<select id="selectApiIntDat" parameterType="com.sorincorp.api.hanafx.fs.model.ApiIntDatVo" resultType="com.sorincorp.api.hanafx.fs.model.ApiIntDatVo">
		/******  SELECT : API_INT_DAT(환율 API 주문 요청) - SQL_ID: FshgMapper.selectApiIntDat  ******/
		SET TRANSACTION ISOLATION LEVEL READ UNCOMMITTED
		SELECT
		       AID.INT_ID                         /* 서비스 명                     */
		     , AID.REQ_SEQ                        /* 최종 요청 순번                */
		     , AID.REQ_TP                         /* 요청 메시지 TP                */
		     , AID.STAT_TP                        /* 처리 상태                     */
		     , AID.REQ_DAT                        /* 요청 DATA                     */
		     , AID.REQ_DT                         /* 최종 요청 일                  */
		     , AID.REQ_TM                         /* 최종 요청 시                  */
		     , AID.PRC_DT                         /* 최종 처리 일                  */
		     , AID.PRC_TM                         /* 최종 처리 시                  */
		  FROM API_INT_DAT AS AID                  /* 환율 API 주문 요청            */
		 WHERE 1=1
		   AND AID.INT_ID      = #{intId}         /* INT_ID                        */
		   AND AID.REQ_SEQ     = #{reqSeq}        /* REQ_SEQ                       */
	</select>

	<!--  API_INT_DAT_REQ( 환율 주문 요청 ) 테이블-->
	<insert id="insertApiIntDatReq" parameterType="com.sorincorp.api.hanafx.fs.model.ApiIntDatReqVo">
	 	/****** SQL_ID: FshgMapper.insertApiIntDatReq  ******/
		INSERT INTO API_INT_DAT_REQ
		     (
		       INT_ID                                 /* 서비스 명                     */
		     , REQ_SEQ                                /* 최종 요청 순번                */
		     , MSG_TP                                 /* MSG 유형                      */
		     , CLI_ORD_NO                             /* 고객사 주문번호               */
		     , ORG_CLI_ORD_NO                         /* 청산대상 번호                */
		     , PROD_CD                                /* 상품코드                      */
		     , PAIR_ID                                /* 거래 통화 코드                */
		     , VAL_DT                                 /* NEAR 결제일                   */
		     , MAT_DT                                 /* FAR 결제일                    */
		     , CURR_CD                                /* 거래통화                      */
		     , NEAR_AMT                               /* NEAR 금액                     */
		     , FAR_AMT                                /* FAR 금액                      */
		     , BS_TP                                  /* 매수/매도 구분                */
		     , COND_TP                                /* 주문 조건                     */
		     , TIF                                    /* 주문 보조 조건                */
		     , LIM_PX                                 /* 주문 가격                     */
		     , QT_IDX                                 /* 환율 INDEX                    */
		     , ENTER_TM                               /* 요청 시간                     */
		     , REQUST_SPCLTY                          /* 요청 전문                     */
		     , FRST_REGISTER_ID                       /* 최초 등록자 아이디            */
		     , FRST_REGIST_DT                         /* 최초 등록 일시                */
		     )
		VALUES
		     (
		       #{intId}                                /* 서비스 명                     */
		     , #{reqSeq}                               /* 최종 요청 순번                */
		     , #{msgTp}                                /* MSG 유형                      */
		     , #{cliOrdNo}                             /* 고객사 주문번호               */
		     , #{orgCliOrdNo}						 /* 청산대상 번호                */
		     , #{prodCd}                               /* 상품코드                      */
		     , #{pairId}                               /* 거래 통화 코드                */
		     , #{valDt}                                /* NEAR 결제일                   */
		     , #{matDt}                                /* FAR 결제일                    */
		     , #{currCd}                               /* 거래통화                      */
		     , #{nearAmt}                              /* NEAR 금액                     */
		     , #{farAmt}                               /* FAR 금액                      */
		     , #{bsTp}                                 /* 매수/매도 구분                */
		     , #{condTp}                               /* 주문 조건                     */
		     , #{tif}                                  /* 주문 보조 조건                */
		     , #{limPx}                                /* 주문 가격                     */
		     , #{qtIdx}                                /* 환율 INDEX                    */
		     , #{enterTm}                              /* 요청 시간                     */
		     , #{requstSpclty}                         /* 요청 전문                     */
		     , #{frstRegisterId}                       /* 최초 등록자 아이디            */
		     , getdate()                              /* 최초 등록 일시                */
		     )
		;
	</insert>

    <!--  API_INT_DAT_RES 테이블-->
	<insert id="insertApiIntDatRes" parameterType="com.sorincorp.api.hanafx.fs.model.ApiIntDatResVo">
		/******  INSERT : API_INT_DAT_RES(환율 API 주문 응답) - SQL_ID: FshgMapper.insertApiIntDatRes  ******/
		INSERT INTO API_INT_DAT_RES                      /* 환율 API 주문 응답            */
		     (
		       INT_ID                                     /* 서비스 명                   */
		     , REQ_SEQ                                    /* 최종 요청 순번               */
		     , MSG_TP                                     /* MSG 유형                   */
		     , CLI_ORD_NO                                 /* 고객사 주문번호               */
		     , CLI_ORG_ORD_NO                             /* 취소 대상 고객사 원주문번호             */
		     , ORD_NO                                     /* 은행  주문 번호               */
		     , ORD_TP                                     /* 주문 구분                     */
		     , PROD_CD                                    /* 상품코드                      */
		     , PAIR_ID                                    /* 거래 통화 코드                */
		     , VAL_DT                                     /* NEAR 결제일                   */
		     , MAT_DT                                     /* FAR 결제일                    */
		     , CURR_CD                                    /* 거래통화                      */
		     , CUST_ID                                    /* 고객사 딜러 ID                */
		     , BS_TP                                      /* 매수/매도 구분                */
		     , COND_TP                                    /* 주문 조건                     */
		     , LIM_PX                                     /* 주문 가격                     */
		     , TIF                                        /* 주문 보조 조건                */
		     , ORD_AMT                                    /* 주문 금액                     */
		     , TKT_AMT                                    /* 체결 금액                     */
		     , REM_AMT                                    /* 미체결 금액                   */
		     , ACPT_TP                                    /* 접수 상태                     */
		     , TKT_NO                                     /* TICKET 번호                   */
		     , NEAR_RATE                                  /* NEAR 환율                     */
		     , NEAR_AMT                                   /* NEAR 금액                     */
		     , FAR_RATE                                   /* FAR 환율                      */
		     , FAR_AMT                                    /* FAR 금액                      */
		     , RET_TEXT                                   /* 응답 MSG                      */
		     , RSPNS_SPCLTY                               /* 응답 전문                  */
		     , FRST_REGISTER_ID                           /* 최초 등록자 아이디            */
		     , FRST_REGIST_DT                             /* 최초 등록 일시                */
		     )
		VALUES
	     (
	       #{intId}                                       /* 서비스 명                   */
	     , #{reqSeq}                                      /* 최종 요청 순번               */
	     , #{msgTp}                                     /* MSG 유형                      */
	     , #{cliOrdNo}                                  /* 고객사 주문번호               */
	     , #{cliOrgOrdNo}                               /* 고객사 원주문번호             */
	     , #{ordNo}                                     /* 은행  주문 번호               */
	     , #{ordTp}                                     /* 주문 구분                     */
	     , #{prodCd}                                    /* 상품코드                      */
	     , #{pairId}                                    /* 거래 통화 코드                */
	     , #{valDt}                                     /* NEAR 결제일                   */
	     , #{matDt}                                     /* FAR 결제일                    */
	     , #{currCd}                                    /* 거래통화                      */
	     , #{custId}                                    /* 고객사 딜러 ID                */
	     , #{bsTp}                                      /* 매수/매도 구분                */
	     , #{condTp}                                    /* 주문 조건                     */
	     , #{limPx}                                     /* 주문 가격                     */
	     , #{tif}                                       /* 주문 보조 조건                */
	     , #{ordAmt}                                    /* 주문 금액                     */
	     , #{tktAmt}                                    /* 체결 금액                     */
	     , #{remAmt}                                    /* 미체결 금액                   */
	     , #{acptTp}                                    /* 접수 상태                     */
	     , #{tktNo}                                     /* TICKET 번호                   */
	     , #{nearRate}                                  /* NEAR 환율                     */
	     , #{nearAmt}                                   /* NEAR 금액                     */
	     , #{farRate}                                   /* FAR 환율                      */
	     , #{farAmt}                                    /* FAR 금액                      */
	     , #{retText}                                   /* 응답 MSG                      */
	     , #{rspnsSpclty}                               /* 응답 전문                  */
	     , #{frstRegisterId}                            /* 최초 등록자 아이디            */
	     , getdate()                                    /* 최초 등록 일시                */
	     )
	</insert>

	<!--  LQD_INT_DAT_RES 테이블-->
	<insert id="insertLqdIntDatRes" parameterType="com.sorincorp.api.hanafx.fs.model.ApiIntDatResVo">
		/******  INSERT : LQD_INT_DAT_RES(청산 API 주문 응답) - SQL_ID: FshgMapper.insertLqdIntDatRes  ******/
		INSERT INTO LQD_INT_DAT_RES
		     (
		       INT_ID                                       /* 서비스 명                   */
		     , REQ_SEQ                                      /* 최종 요청 순번               */
		     , MSG_TP                                       /* MSG 유형                   */
		     , CLI_ORD_NO                                   /* 고객사 주문번호               */
		     , CLI_ORG_ORD_NO                               /* 고객사 원주문번호             */
		     , ORD_NO                                       /* 은행  주문 번호               */
		     , ORD_TP                                       /* 주문 구분                     */
		     , PROD_CD                                      /* 상품코드                      */
		     , PAIR_ID                                      /* 거래 통화 코드                */
		     , VAL_DT                                       /* NEAR 결제일                   */
		     , MAT_DT                                       /* FAR 결제일                    */
		     , CURR_CD                                      /* 거래통화                      */
		     , CUST_ID                                      /* 고객사 딜러 ID                */
		     , BS_TP                                        /* 매수/매도 구분                */
		     , COND_TP                                      /* 주문 조건                     */
		     , LIM_PX                                       /* 주문 가격                     */
		     , TIF                                          /* 주문 보조 조건                */
		     , ORD_AMT                                      /* 주문 금액                     */
		     , TKT_AMT                                      /* 체결 금액                     */
		     , REM_AMT                                      /* 미체결 금액                   */
		     , ACPT_TP                                      /* 접수 상태                     */
		     , TKT_NO                                       /* TICKET 번호                   */
		     , NEAR_RATE                                    /* NEAR 환율                     */
		     , NEAR_AMT                                     /* NEAR 금액                     */
		     , FAR_RATE                                     /* FAR 환율                      */
		     , FAR_AMT                                      /* FAR 금액                      */
		     , RET_TEXT                                     /* 응답 MSG                      */
		     , RSPNS_SPCLTY                                 /* 응답 전문                  */
		     , FRST_REGISTER_ID                             /* 최초 등록자 아이디            */
		     , FRST_REGIST_DT                               /* 최초 등록 일시                */
		     , FRST_TRDE_STDR_EHGT							/* 최초 매매 기준 환율			*/
		     , SWAP_POINT									/* SWAP POINT				*/
		     )
		VALUES
		     (
		       #{intId}                                        /* 서비스 명                   */
		     , #{reqSeq}                                       /* 최종 요청 순번               */
		     , #{msgTp}                                        /* MSG 유형                      */
		     , #{cliOrdNo}                                     /* 고객사 주문번호               */
		     , #{cliOrgOrdNo}                                  /* 고객사 원주문번호             */
		     , #{ordNo}                                        /* 은행  주문 번호               */
		     , #{ordTp}                                        /* 주문 구분                     */
		     , #{prodCd}                                       /* 상품코드                      */
		     , #{pairId}                                       /* 거래 통화 코드                */
		     , #{valDt}                                        /* NEAR 결제일                   */
		     , #{matDt}                                        /* FAR 결제일                    */
		     , #{currCd}                                       /* 거래통화                      */
		     , #{custId}                                       /* 고객사 딜러 ID                */
		     , #{bsTp}                                         /* 매수/매도 구분                */
		     , #{condTp}                                       /* 주문 조건                     */
		     , #{limPx}                                        /* 주문 가격                     */
		     , #{tif}                                          /* 주문 보조 조건                */
		     , #{ordAmt}                                       /* 주문 금액                     */
		     , #{tktAmt}                                       /* 체결 금액                     */
		     , #{remAmt}                                       /* 미체결 금액                   */
		     , #{acptTp}                                       /* 접수 상태                     */
		     , #{tktNo}                                        /* TICKET 번호                   */
		     , #{nearRate}                                     /* NEAR 환율                     */
		     , #{nearAmt}                                      /* NEAR 금액                     */
		     , #{farRate}                                      /* FAR 환율                      */
		     , #{farAmt}                                       /* FAR 금액                      */
		     , #{retText}                                      /* 응답 MSG                      */
		     , #{rspnsSpclty}                                  /* 응답 전문                  */
		     , #{frstRegisterId}                               /* 최초 등록자 아이디            */
		     , getdate()                                       /* 최초 등록 일시                */
		     , null							   	   			   /* 최초 매매 기준 환율				*/
		     , null					   						   /* SWAP POINT				*/
		     )
	</insert>

    <resultMap type="com.sorincorp.api.hanafx.fs.model.OrOrderFshgBasVo" id="OrOrderFshgBasInfo">
		<result column="FSHG_REQUST_ORDER_NO" 			jdbcType="VARCHAR" property="fshgRequstOrderNo"/>
		<result column="ORDER_NO" 						jdbcType="VARCHAR" property="orderNo"/>
		<result column="ORDER_SN" 						jdbcType="VARCHAR" property="orderSn"/>
		<result column="CANCL_EXCHNG_RTNGUD_NO" 		jdbcType="VARCHAR" property="canclExchngRtngudNo"/>
		<result column="CANCL_EXCHNG_RTNGUD_SN" 		jdbcType="VARCHAR" property="canclExchngRtngudSn"/>
		<result column="REQUST_FSHG_GOODS_CODE" 		jdbcType="VARCHAR" property="requstFshgGoodsCode"/>
		<result column="REQUST_EXPRTNDE" 				jdbcType="VARCHAR" property="requstExprtnde"/>
		<result column="REQUST_FSHG_DELNG_CRNCY_CODE" 	jdbcType="VARCHAR" property="requstFshgDelngCrncyCode"/>
		<result column="REQUST_ORDER_AMOUNT" 			jdbcType="VARCHAR" property="requstOrderAmount"/>
		<result column="REQUST_POSTN" 					jdbcType="VARCHAR" property="requstPostn"/>
		<result column="REQUST_ORDER_CND" 				jdbcType="VARCHAR" property="requstOrderCnd"/>
		<result column="REQUST_ORDER_PC" 				jdbcType="VARCHAR" property="requstOrderPc"/>
		<result column="REQUST_EHGT_INDX" 				jdbcType="VARCHAR" property="requstEhgtIndx"/>
		<result column="RSPNS_FSHG_ORDER_NO" 			jdbcType="VARCHAR" property="rspnsFshgOrderNo"/>
		<result column="RSPNS_FSHG_STTUS_CODE" 			jdbcType="VARCHAR" property="rspnsFshgSttusCode"/>
		<result column="RSPNS_CNCLS_AMOUNT" 			jdbcType="VARCHAR" property="rspnsCnclsAmount"/>
		<result column="RSPNS_UNCNCLS_AMOUNT" 			jdbcType="VARCHAR" property="rspnsUncnclsAmount"/>
		<result column="RSPNS_CNCLS_NO" 				jdbcType="VARCHAR" property="rspnsCnclsNo"/>
		<result column="RSPNS_DELNG_EHGT" 				jdbcType="VARCHAR" property="rspnsDelngEhgt"/>
		<result column="RSPNS_DELNG_AMOUNT" 			jdbcType="VARCHAR" property="rspnsDelngAmount"/>
		<result column="RSPNS_MSSAGE" 					jdbcType="VARCHAR" property="rspnsMssage"/>
		<result column="FRST_EXPRTNDE" 					jdbcType="VARCHAR" property="frstExprtnde"/>
		<result column="REQUST_LQD_NO" 					jdbcType="VARCHAR" property="requstLqdNo"/>
		<result column="REQUST_MSSAGE_SE" 				jdbcType="VARCHAR" property="requstMssageSe"/>
    </resultMap>

	<select id="selectFailOrderFshgBasInfo" parameterType="com.sorincorp.api.hanafx.fs.model.OrOrderFshgBasVo" resultMap="OrOrderFshgBasInfo">
 		/******  selectFailOrderFshgBasInfo ( 주문_주문 선물환 기본 정보 조회 ) - SQL_ID: FshgMapper.selectOrOrderFshgBasInfo  ******/
		SET TRANSACTION ISOLATION LEVEL READ UNCOMMITTED
		SELECT
		       OOFB.FSHG_REQUST_ORDER_NO                                 /* 선물환 요청 주문 번호         */
		     , OOFB.ORDER_NO                                             /* 주문 번호                     */
		     , OOFB.ORDER_SN                                             /* 주문 순번                     */
		     , OOFB.CANCL_EXCHNG_RTNGUD_NO                               /* 취소 교환 반품 번호           */
		     , OOFB.CANCL_EXCHNG_RTNGUD_SN                               /* 취소 교환 반품 순번           */
		     , OOFB.REQUST_FSHG_GOODS_CODE                               /* 요청 선물환 상품 코드         */
		     , OOFB.REQUST_EXPRTNDE                                      /* 요청 만기일자             */
		     , OOFB.REQUST_FSHG_DELNG_CRNCY_CODE                         /* 요청 선물환 거래 통화 코드    */
		     , OOFB.REQUST_ORDER_AMOUNT                                  /* 요청 주문금액 */
		     , OOFB.REQUST_POSTN                                         /* 요청 포지션                   */
		     , OOFB.REQUST_ORDER_CND                                     /* 요청 주문 조건                */
		     , OOFB.REQUST_ORDER_PC                                      /* 요청 주문 가격                */
		     , OOFB.REQUST_EHGT_INDX                                     /* 요청 환율 인덱스              */
		     , OOFB.RSPNS_FSHG_ORDER_NO                                  /* 응답 선물환 주문 번호         */
		     , OOFB.RSPNS_FSHG_STTUS_CODE                                /* 응답 선물환 상태 코드         */
		     , OOFB.RSPNS_CNCLS_AMOUNT                                   /* 응답 체결 금액                */
		     , OOFB.RSPNS_UNCNCLS_AMOUNT                                 /* 응답 미체결 금액              */
		     , OOFB.RSPNS_CNCLS_NO                                       /* 응답 체결 번호                */
		     , OOFB.RSPNS_DELNG_EHGT                                     /* 응답 거래 환율                */
		     , OOFB.RSPNS_DELNG_AMOUNT                                   /* 응답 거래 금액                */
		     , OOFB.RSPNS_MSSAGE                                         /* 응답 메시지                   */
		     , OOFB.FRST_EXPRTNDE                                        /* 최초 만기일자 				  */
		     , OOFB.REQUST_LQD_NO                                        /* 요청 청산 번호 				  */
		     , OOFB.REQUST_MSSAGE_SE									 /* 요청 메시지 구분(신규,청산,취소) */
		 FROM OR_ORDER_FSHG_BAS AS OOFB
		 WHERE 1=1
		   <if test="orderNo != null and orderNo != ''">
		   		AND OOFB.ORDER_NO  = #{orderNo}
		   </if>
		   <if test="canclExchngRtngudNo != null and canclExchngRtngudNo != ''">
		   		AND OOFB.CANCL_EXCHNG_RTNGUD_NO = #{canclExchngRtngudNo}
		   </if>
		   <if test="fshgRequstOrderNo != null and fshgRequstOrderNo != ''">
		   		AND OOFB.FSHG_REQUST_ORDER_NO = #{fshgRequstOrderNo}
		   </if>
		   AND ISNULL(OOFB.REHNDL_AT, 'N') = 'N'             				/* 재처리 여부 */
		   AND ISNULL(OOFB.RSPNS_FSHG_STTUS_CODE, '8') = '8'             /* 선물환 주문 실패건 */
		   AND OOFB.DELETE_AT = 'N'
   </select>

   <select id="selectOrderFshgBasInfo" resultMap="OrOrderFshgBasInfo">
 		/******  selectOrOrderFshgBasInfo ( 주문_주문 선물환 기본 정보 조회 ) - SQL_ID: FshgMapper.selectOrOrderFshgBasInfo  ******/
		SET TRANSACTION ISOLATION LEVEL READ UNCOMMITTED
		SELECT
		       OOFB.FSHG_REQUST_ORDER_NO                                 /* 선물환 요청 주문 번호         */
		     , OOFB.ORDER_NO                                             /* 주문 번호                     */
		     , OOFB.ORDER_SN                                             /* 주문 순번                     */
		     , OOFB.CANCL_EXCHNG_RTNGUD_NO                               /* 취소 교환 반품 번호           */
		     , OOFB.CANCL_EXCHNG_RTNGUD_SN                               /* 취소 교환 반품 순번           */
		     , OOFB.REQUST_FSHG_GOODS_CODE                               /* 요청 선물환 상품 코드         */
		     , OOFB.REQUST_EXPRTNDE                                      /* 요청 만기일자             */
		     , OOFB.REQUST_FSHG_DELNG_CRNCY_CODE                         /* 요청 선물환 거래 통화 코드    */
		     , OOFB.REQUST_ORDER_AMOUNT                                  /* 요청 주문금액 */
		     , OOFB.REQUST_POSTN                                         /* 요청 포지션                   */
		     , OOFB.REQUST_ORDER_CND                                     /* 요청 주문 조건                */
		     , OOFB.REQUST_ORDER_PC                                      /* 요청 주문 가격                */
		     , OOFB.REQUST_EHGT_INDX                                     /* 요청 환율 인덱스              */
		     , OOFB.RSPNS_FSHG_ORDER_NO                                  /* 응답 선물환 주문 번호         */
		     , OOFB.RSPNS_FSHG_STTUS_CODE                                /* 응답 선물환 상태 코드         */
		     , OOFB.RSPNS_CNCLS_AMOUNT                                   /* 응답 체결 금액                */
		     , OOFB.RSPNS_UNCNCLS_AMOUNT                                 /* 응답 미체결 금액              */
		     , OOFB.RSPNS_CNCLS_NO                                       /* 응답 체결 번호                */
		     , OOFB.RSPNS_DELNG_EHGT                                     /* 응답 거래 환율                */
		     , OOFB.RSPNS_DELNG_AMOUNT                                   /* 응답 거래 금액                */
		     , OOFB.RSPNS_MSSAGE                                         /* 응답 메시지                   */
		     , OOFB.REHNDL_AT                                            /* 재처리 여부                   */
		     , OOFB.FRST_EXPRTNDE                                        /* 최초 만기일자 				  */
		     , OOFB.REQUST_LQD_NO                                        /* 요청 청산 번호 				  */
		     , OOFB.REQUST_MSSAGE_SE									 /* 요청 메시지 구분(신규,청산,취소) */
		 FROM OR_ORDER_FSHG_BAS AS OOFB
		 WHERE 1=1
	   	   AND OOFB.FSHG_REQUST_ORDER_NO = #{fshgRequstOrderNo}
		   AND OOFB.DELETE_AT = 'N'
    </select>

	<select id="selectOrOrderFshgBasList" parameterType="com.sorincorp.api.hanafx.fs.model.OrOrderFshgBasVo" resultMap="OrOrderFshgBasInfo">
		/******  ( 주문_주문 선물환 기본 정보 리스트 조회 ) - SQL_ID: FshgMapper.selectOrOrderFshgBasList  ******/
		SET TRANSACTION ISOLATION LEVEL READ UNCOMMITTED
		SELECT
		       OOFB.FSHG_REQUST_ORDER_NO                                  /* 선물환 요청 주문 번호         */
		     , OOFB.ORDER_NO                                              /* 주문 번호                     */
		     , OOFB.ORDER_SN                                              /* 주문 순번                     */
		     , OOFB.CANCL_EXCHNG_RTNGUD_NO                                /* 취소 교환 반품 번호           */
		     , OOFB.CANCL_EXCHNG_RTNGUD_SN                                /* 취소 교환 반품 순번           */
		     , OOFB.REQUST_FSHG_GOODS_CODE                                /* 요청 선물환 상품 코드         */
		     , OOFB.REQUST_EXPRTNDE                                       /* 요청 만기일자             */
		     , OOFB.REQUST_FSHG_DELNG_CRNCY_CODE                          /* 요청 선물환 거래 통화 코드    */
		     , OOFB.REQUST_ORDER_AMOUNT                                   /* 요청 주문금액 */
		     , OOFB.REQUST_POSTN                                          /* 요청 포지션                   */
		     , OOFB.REQUST_ORDER_CND                                      /* 요청 주문 조건                */
		     , OOFB.REQUST_ORDER_PC                                       /* 요청 주문 가격                */
		     , OOFB.REQUST_EHGT_INDX                                      /* 요청 환율 인덱스              */
		     , OOFB.RSPNS_FSHG_ORDER_NO                                   /* 응답 선물환 주문 번호         */
		     , OOFB.RSPNS_FSHG_STTUS_CODE                                 /* 응답 선물환 상태 코드         */
		     , OOFB.RSPNS_CNCLS_AMOUNT                                    /* 응답 체결 금액                */
		     , OOFB.RSPNS_UNCNCLS_AMOUNT                                  /* 응답 미체결 금액              */
		     , OOFB.RSPNS_CNCLS_NO                                        /* 응답 체결 번호                */
		     , OOFB.RSPNS_DELNG_EHGT                                      /* 응답 거래 환율                */
		     , OOFB.RSPNS_DELNG_AMOUNT                                    /* 응답 거래 금액                */
		     , OOFB.RSPNS_MSSAGE                                          /* 응답 메시지                   */
		     , OOFB.FRST_EXPRTNDE                                         /* 최초 만기일자 				  */
		     , OOFB.REQUST_LQD_NO                                         /* 요청 청산 번호 				  */
		     , OOFB.REQUST_MSSAGE_SE									/* 요청 메시지 구분(신규,청산,취소) */
		  FROM OR_ORDER_FSHG_BAS AS OOFB
		 WHERE 1=1
		   <if test="orderNo != null and orderNo != ''">
		   		AND OOFB.ORDER_NO = #{orderNo}
		   </if>

		   <if test="canclExchngRtngudNo != null and canclExchngRtngudNo != ''">
		   		AND OOFB.CANCL_EXCHNG_RTNGUD_NO = #{canclExchngRtngudNo}
		   </if>

		   <if test="fshgRequstOrderNo != null and fshgRequstOrderNo != ''">
		   		AND OOFB.FSHG_REQUST_ORDER_NO = #{fshgRequstOrderNo}
		   </if>
		   AND ISNULL(OOFB.REHNDL_AT, 'N') = 'N'    					/* 재처리 여부 */
		   AND OOFB.RSPNS_FSHG_STTUS_CODE IS NULL
		   AND OOFB.DELETE_AT = 'N'
   </select>

   	<update id="updateOrOrderFshgBasReqData" parameterType="com.sorincorp.api.hanafx.fs.model.OrOrderFshgBasVo">
		/******  UPDATE : OR_ORDER_FSHG_BAS() - SQL_ID: FshgMapper.updateOrOrderFshgBasReqData  ******/
		UPDATE OR_ORDER_FSHG_BAS                                                                         /*                               */
		   SET
		       REQUST_ORDER_PC         = #{requstOrderPc}                           /* 요청 주문 가격                */
		     , REQUST_EHGT_INDX        = #{requstEhgtIndx}                          /* 요청 환율 인덱스              */
		     , LAST_CHANGER_ID         = #{lastChangerId}                           /* 최종 변경자 아이디            */
		     , LAST_CHANGE_DT          = getdate()                            		 /* 최종 변경 일시                */
		     , FRST_EXPRTNDE           = #{frstExprtnde}                            /* 최초 만기일자 				 */
		 WHERE 1=1
		   AND FSHG_REQUST_ORDER_NO    = #{fshgRequstOrderNo}                       /* 선물환 요청 주문 번호         */
	</update>

   	<update id="updateOrOrderFshgBasResData" parameterType="com.sorincorp.api.hanafx.fs.model.OrOrderFshgBasVo">
		/******  UPDATE : OR_ORDER_FSHG_BAS() - SQL_ID: FshgMapper.updateOrOrderFshgBasResData  ******/
		UPDATE A                                                                          /*                               */
		   SET
		       A.RSPNS_FSHG_ORDER_NO    = #{rspnsFshgOrderNo}                        /* 응답 선물환 주문 번호         */
		     , A.RSPNS_FSHG_STTUS_CODE  = #{rspnsFshgSttusCode}                      /* 응답 선물환 상태 코드         */
		     , A.RSPNS_CNCLS_AMOUNT     = #{rspnsCnclsAmount}                        /* 응답 체결 금액                */
		     , A.RSPNS_UNCNCLS_AMOUNT   = #{rspnsUncnclsAmount}                      /* 응답 미체결 금액              */
		     , A.RSPNS_CNCLS_NO         = #{rspnsCnclsNo}                            /* 응답 체결 번호                */
		     , A.RSPNS_DELNG_EHGT       = #{rspnsDelngEhgt}                          /* 응답 거래 환율                */
		     , A.RSPNS_DELNG_AMOUNT     = #{rspnsDelngAmount}                        /* 응답 거래 금액                */
		     , A.RSPNS_MSSAGE           = #{rspnsMssage}                             /* 응답 메시지                   */
		     , A.LAST_CHANGER_ID        = #{lastChangerId}                           /* 최종 변경자 아이디            */
		     , A.LAST_CHANGE_DT         = getdate()                            		 /* 최종 변경 일시                */
		     <if test='rspnsFshgSttusCode != null and rspnsFshgSttusCode.equals("2")'>
		     , A.SPREAD = ISNULL(A.REQUST_ORDER_PC, 0) - (ISNULL(SPEX, 0) + ISNULL(SPEX_MDAT_CFFCNT, 0))
		     </if>
		 FROM OR_ORDER_FSHG_BAS A
		 	INNER JOIN OR_ORDER_BAS B ON A.ORDER_NO=B.ORDER_NO
		 WHERE 1=1
		   AND FSHG_REQUST_ORDER_NO   = #{fshgRequstOrderNo}                       /* 선물환 요청 주문 번호         */
	</update>

	<insert id="insertTestOrOrderFshgBas" parameterType="com.sorincorp.api.hanafx.fs.model.OrOrderFshgBasVo">
		/******  INSERT : OR_ORDER_FSHG_BAS(주문_주문 선물환 기본) - SQL_ID: FshgMapper.insertTestOrOrderFshgBas  ******/
		INSERT INTO OR_ORDER_FSHG_BAS                        /* 주문_주문 선물환 기본         */
		     (
		       FSHG_REQUST_ORDER_NO                          /* 선물환 요청 주문 번호         */
		     , ORDER_NO                                      /* 주문 번호                     */
		     , ORDER_SN                                      /* 주문 순번                     */
		     , CANCL_EXCHNG_RTNGUD_NO                        /* 취소 교환 반품 번호           */
		     , CANCL_EXCHNG_RTNGUD_SN                        /* 취소 교환 반품 순번           */
		     , REQUST_FSHG_GOODS_CODE                        /* 요청 선물환 상품 코드         */
		     , REQUST_EXPRTNDE                               /* 요청 만기일자                 */
		     , REQUST_FSHG_DELNG_CRNCY_CODE                  /* 요청 선물환 거래 통화 코드    */
		     , REQUST_ORDER_AMOUNT                           /* 요청 주문 금액                */
		     , REQUST_POSTN                                  /* 요청 포지션                   */
		     , REQUST_ORDER_CND                              /* 요청 주문 조건                */
		     , REQUST_ORDER_PC                               /* 요청 주문 가격                */
		     , REQUST_EHGT_INDX                              /* 요청 환율 인덱스              */
		     , RSPNS_FSHG_ORDER_NO                           /* 응답 선물환 주문 번호         */
		     , RSPNS_FSHG_STTUS_CODE                         /* 응답 선물환 상태 코드         */
		     , RSPNS_CNCLS_AMOUNT                            /* 응답 체결 금액                */
		     , RSPNS_UNCNCLS_AMOUNT                          /* 응답 미체결 금액              */
		     , RSPNS_CNCLS_NO                                /* 응답 체결 번호                */
		     , RSPNS_DELNG_EHGT                              /* 응답 거래 환율                */
		     , RSPNS_DELNG_AMOUNT                            /* 응답 거래 금액                */
		     , RSPNS_MSSAGE                                  /* 응답 메시지                   */
		     , REHNDL_AT                                     /* 재처리 여부 				  */
		     , DELETE_DT                                     /* 삭제 일시                     */
		     , DELETE_AT                                     /* 삭제 여부                     */
		     , FRST_REGISTER_ID                              /* 최초 등록자 아이디            */
		     , FRST_REGIST_DT                                /* 최초 등록 일시                */
		     , LAST_CHANGER_ID                               /* 최종 변경자 아이디            */
		     , LAST_CHANGE_DT                                /* 최종 변경 일시                */
		     , REQUST_LQD_NO                                 /* 요청 청산 번호 */
		     , REQUST_MSSAGE_SE								/* 요청 메시지 구분 */
		     )
		VALUES
		     (
		       #{fshgRequstOrderNo}                          /* 선물환 요청 주문 번호         */
		     , #{orderNo}                                    /* 주문 번호                     */
		     , #{orderSn}                                    /* 주문 순번                     */
		     , #{canclExchngRtngudNo}                        /* 취소 교환 반품 번호           */
		     , #{canclExchngRtngudSn}                        /* 취소 교환 반품 순번           */
		     , #{requstFshgGoodsCode}                        /* 요청 선물환 상품 코드         */
		     , #{requstExprtnde}                             /* 요청 만기일자                 */
		     , #{requstFshgDelngCrncyCode}                   /* 요청 선물환 거래 통화 코드    */
		     , #{requstOrderAmount}                          /* 요청 주문 금액                */
		     , #{requstPostn}                                /* 요청 포지션                   */
		     , #{requstOrderCnd}                             /* 요청 주문 조건                */
		     , #{requstOrderPc}                              /* 요청 주문 가격                */
		     , #{requstEhgtIndx}                             /* 요청 환율 인덱스              */
		     , #{rspnsFshgOrderNo}                           /* 응답 선물환 주문 번호         */
		     , #{rspnsFshgSttusCode}                         /* 응답 선물환 상태 코드         */
		     , #{rspnsCnclsAmount}                           /* 응답 체결 금액                */
		     , #{rspnsUncnclsAmount}                         /* 응답 미체결 금액              */
		     , #{rspnsCnclsNo}                               /* 응답 체결 번호                */
		     , #{rspnsDelngEhgt}                             /* 응답 거래 환율                */
		     , #{rspnsDelngAmount}                           /* 응답 거래 금액                */
		     , #{rspnsMssage}                                /* 응답 메시지                   */
		     , 'N'											/* 재처리 여부					   */
		     , #{deleteDt}                                   /* 삭제 일시                     */
		     , 'N'                                           /* 삭제 여부                     */
		     , 'system'                                      /* 최초 등록자 아이디            */
		     , getdate()                                     /* 최초 등록 일시                */
		     , 'system'                                      /* 최종 변경자 아이디            */
		     , getdate()                                     /* 최종 변경 일시                */
		     , #{requstLqdNo}                                /* 요청 청산 번호               */
		     , #{requstMssageSe}							/* 요청 메시지 구분 */
		     )
	</insert>

	<update id="updateOrderFshgBasRehndlAt" parameterType="com.sorincorp.api.hanafx.fs.model.OrOrderFshgBasVo">
		/******  재처리 여부 수정 - SQL_ID: FshgMapper.updateOrderFshgBasRehndlAt  ******/
		UPDATE OR_ORDER_FSHG_BAS
		SET REHNDL_AT         = 'Y'
		    , LAST_CHANGER_ID = #{lastChangerId}
		    , LAST_CHANGE_DT  = getdate()
		WHERE 1=1
			AND FSHG_REQUST_ORDER_NO = #{fshgRequstOrderNo}
		   <if test="orderNo != null and orderNo != ''">
		   	  AND ORDER_NO = #{orderNo}
		   </if>
		   <if test="canclExchngRtngudNo != null and canclExchngRtngudNo != ''">
		   	  AND CANCL_EXCHNG_RTNGUD_NO = #{canclExchngRtngudNo}
		   </if>
			AND ISNULL(REHNDL_AT, 'N') = 'N'
	</update>

	<insert id="insertNewOrOrderFshgBas" parameterType="com.sorincorp.api.hanafx.fs.model.OrOrderFshgBasVo">
		/******  INSERT : OR_ORDER_FSHG_BAS(주문_주문 선물환 기본) - SQL_ID: FshgMapper.insertNewOrOrderFshgBas  ******/
		INSERT INTO OR_ORDER_FSHG_BAS                                     /* 주문_주문 선물환 기본         */
	     (
		       FSHG_REQUST_ORDER_NO                                       /* 선물환 요청 주문 번호         */
		     , ORDER_NO                                                   /* 주문 번호                     */
		     , ORDER_SN                                                   /* 주문 순번                     */
		     , CANCL_EXCHNG_RTNGUD_NO                                     /* 취소 교환 반품 번호           */
		     , CANCL_EXCHNG_RTNGUD_SN                                     /* 취소 교환 반품 순번           */
		     , REQUST_FSHG_GOODS_CODE                                     /* 요청 선물환 상품 코드         */
		     , REQUST_EXPRTNDE                                            /* 요청 만기일자                 */
		     , REQUST_FSHG_DELNG_CRNCY_CODE                               /* 요청 선물환 거래 통화 코드    */
		     , REQUST_ORDER_AMOUNT                                        /* 요청 주문 금액                */
		     , REQUST_POSTN                                               /* 요청 포지션                   */
		     , REQUST_ORDER_CND                                           /* 요청 주문 조건                */
		     , REHNDL_AT                                                  /* 재처리 여부 */
		     , DELETE_AT                                                  /* 삭제 여부                  */
		     , FRST_REGISTER_ID                                           /* 최초 등록자 아이디            */
		     , FRST_REGIST_DT                                             /* 최초 등록 일시                */
		     , LAST_CHANGER_ID                                            /* 최종 변경자 아이디            */
		     , LAST_CHANGE_DT                                             /* 최종 변경 일시                */
		     , REQUST_LQD_NO                                              /* 요청 청산 번호              */
		     , REQUST_MSSAGE_SE											  /* 요청 메시지 구분(신규,청산,취소) */
	     )
		SELECT #{newFshgRequstOrderNo}                                  /* 신규 선물환 요청 주문 번호         */
			 , ORDER_NO                                                 /* 주문 번호                     */
			 , ORDER_SN                                                 /* 주문 순번                     */
			 , CANCL_EXCHNG_RTNGUD_NO
			 , CANCL_EXCHNG_RTNGUD_SN
			 , REQUST_FSHG_GOODS_CODE
			 , #{requstExprtnde}                                        /* 선물환 만기일 */
			 , REQUST_FSHG_DELNG_CRNCY_CODE								/* 요청 선물환 거래 통화 코드    */
			 , REQUST_ORDER_AMOUNT										/* 요청 주문 금액                */
			 , REQUST_POSTN												/* 요청 포지션                   */
			 , REQUST_ORDER_CND											/* 요청 주문 조건                */
			 , 'N'                                                      /* 재처리 여부 */
			 , 'N'                                                      /* 삭제 여부  */
			 , #{frstRegisterId}
			 , getdate()
			 , #{lastChangerId}
			 , getdate()
     		 , REQUST_LQD_NO                                     		/* 요청 청산 번호 - 선물환 관리 번호 */
     		 , REQUST_MSSAGE_SE											/* 요청 메시지 구분(신규,청산,취소) */
		FROM OR_ORDER_FSHG_BAS
		WHERE 1=1
			AND FSHG_REQUST_ORDER_NO = #{fshgRequstOrderNo}
	   	<if test="orderNo != null and orderNo != ''">
	   		AND ORDER_NO  = #{orderNo}
	   	</if>
	   	<if test="canclExchngRtngudNo != null and canclExchngRtngudNo != ''">
	   		AND CANCL_EXCHNG_RTNGUD_NO = #{canclExchngRtngudNo}
	   	</if>
	</insert>

	<select id="selectNewOrderPurchsInfo" parameterType="com.sorincorp.api.hanafx.fs.model.OrOrderFshgBasVo" resultType="com.sorincorp.api.hanafx.fs.model.ItPurchsInfoBasVo">
		/******  SELECT : IT_PURCHS_INFO_BAS(선물환 만기일자를 위해 상품_PO 정보 기본 조회) - SQL_ID: FshgMapper.selectNewOrderPurchsInfo  ******/
		SET TRANSACTION ISOLATION LEVEL READ UNCOMMITTED
		SELECT
			   IPIB.BL_NO                                             /* BL 번호                       */
		     , IPIB.PURCHS_ORDER_NO                                   /* 구매 주문 번호                */
		     , IPIB.PURCHS_LINE_NO                                    /* 구매 라인 번호                */
		     , IPIB.PURCHS_BSNM                                       /* 구매 사업자                   */
		     , IPIB.PURCHS_CMMRC_CND                                  /* 구매 무역 조건                */
		     , IPIB.PURCHS_LC_NM                                      /* 구매 위치 명                  */
		     , IPIB.PURCHS_QY                                         /* 구매 수량                     */
		     , IPIB.PURCHS_LME_DOLLAR_PC                              /* 구매 LME 달러 가격            */
		     , IPIB.PURCHS_PREMIUM_DOLLAR_AMOUNT                      /* 구매 프리미엄 달러 금액       */
		     , IPIB.PURCHS_UNIT_DOLLAR_PC                             /* 구매 단위 달러 가격           */
		     , IPIB.PURCHS_DOLLAR_AMOUNT                              /* 구매 달러 총액                */
		     , IPIB.PURCHS_WON_AMOUNT                                 /* 구매 원화 총액                */
		     , IPIB.FTRS_CNTRCT_NO                                    /* 선물 계약 번호                */
		     , IPIB.FTRS_THSEX_CNTRCT_NO                              /* 선물 삼성 계약 번호           */
		     , IPIB.FTRS_DELNG_DT                                     /* 선물 거래 일시                */
		     , IPIB.FTRS_DELNG_LOT_QY                                 /* 선물 거래 LOT 수량            */
		     , IPIB.FTRS_DELNG_OPTN                                   /* 선물 거래 옵션                */
		     , IPIB.FTRS_DELNG_BEGIN_DE                               /* 선물 거래 시작 일자           */
		     , IPIB.FTRS_DELNG_END_DE                                 /* 선물 거래 종료 일자           */
		     , IPIB.FTRS_LME_DOLLAR_PC                                /* 선물 LME 달러 가격            */
		     , IPIB.FTRS_SPREAD_DOLLAR_PC                             /* 선물 스프레드 달러 가격       */
		     , IPIB.FTRS_END_DOLLAR_PC                                /* 선물 종료 달러 가격           */
		     , IPIB.FTRS_DOLLAR_FEE                                   /* 선물 달러 수수료              */
		     , IPIB.FTRS_EXPRTN_DE                                    /* 선물 만기 일자                */
		     , IPIB.FSHG_CNTRCT_NO                                    /* 선물환 계약 번호              */
		     , IPIB.FSHG_DELNG_DT                                     /* 선물환 거래 일시              */
		     , IPIB.FSHG_DLRY_WT                                      /* 선물환 배부 중량              */
		     , IPIB.FSHG_DELNG_CRNCY                                  /* 선물환 거래 통화              */
		     , IPIB.FSHG_DELNG_DOLLAR_AMOUNT                          /* 선물환 거래 달러 금액         */
		     , IPIB.FSHG_WON_EHGT                                     /* 선물환 원화 환율              */
		     , IPIB.FSHG_WON_SPREAD                                   /* 선물환 원화 스프레드          */
		     , IPIB.FSHG_END_WON_PC                                   /* 선물환 종료 원화 가격         */
		     , IPIB.FSHG_EXPRTN_DE                                    /* 선물환 만기 일자              */
		     , IPIB.FSHG_MANAGE_NO                                     /* 선물환 관리 번호 */
		FROM OR_ORDER_FSHG_BAS  AS OOFB
		INNER JOIN OR_ORDER_DTL AS OOD ON OOFB.ORDER_NO = OOD.ORDER_NO AND OOFB.ORDER_SN = OOD.ORDER_SN
		INNER JOIN IT_PURCHS_INFO_BAS AS IPIB ON OOD.BL_NO = IPIB.BL_NO
		WHERE 1=1
		AND OOFB.ORDER_NO  = #{orderNo}
		AND OOFB.FSHG_REQUST_ORDER_NO = #{fshgRequstOrderNo}
		AND OOFB.DELETE_AT = 'N'
		AND OOD.DELETE_AT  = 'N'
		AND IPIB.DELETE_AT = 'N'
	</select>

	<select id="selectFshgBasOrderFailList" parameterType="com.sorincorp.api.hanafx.fs.model.OrOrderFshgBasVo" resultMap="OrOrderFshgBasInfo">
		/******  ( 주문_주문 선물환 기본 정보 실패 리스트 조회 ) - SQL_ID: FshgMapper.selectFshgBasOrderFailList  ******/
		SET TRANSACTION ISOLATION LEVEL READ UNCOMMITTED
		SELECT
		       OOFB.FSHG_REQUST_ORDER_NO                            /* 선물환 요청 주문 번호         */
		     , OOFB.ORDER_NO                                        /* 주문 번호                     */
		     , OOFB.ORDER_SN                                        /* 주문 순번                     */
		     , OOFB.CANCL_EXCHNG_RTNGUD_NO                          /* 취소 교환 반품 번호           */
		     , OOFB.CANCL_EXCHNG_RTNGUD_SN                          /* 취소 교환 반품 순번           */
		     , OOFB.REQUST_ORDER_PC                                 /* 요청 주문 가격                */
		     , OOFB.REQUST_EHGT_INDX                                /* 요청 환율 인덱스              */
		  FROM OR_ORDER_FSHG_BAS AS OOFB
		 WHERE 1=1
		    AND OOFB.DELETE_AT = 'N'
		   <if test="fshgRequstOrderNo != null and fshgRequstOrderNo != ''">
		   	AND OOFB.FSHG_REQUST_ORDER_NO = #{fshgRequstOrderNo}
		   </if>
		   <if test="orderNo != null and orderNo != ''">
		   	AND OOFB.ORDER_NO = #{orderNo}
		   </if>
		   <if test="canclExchngRtngudNo != null and canclExchngRtngudNo != ''">
		   	AND OOFB.CANCL_EXCHNG_RTNGUD_NO = #{canclExchngRtngudNo}
		   </if>
		   AND OOFB.RSPNS_FSHG_STTUS_CODE IS NULL
		   AND OOFB.REQUST_ORDER_PC IS NULL
		   AND OOFB.REQUST_EHGT_INDX IS NULL
   </select>

   	<update id="updateFshgBasOrderFail" parameterType="com.sorincorp.api.hanafx.fs.model.OrOrderFshgBasVo">
		/******  UPDATE : OR_ORDER_FSHG_BAS(주문_주문 선물환 기본) - SQL_ID: FshgMapper.updateFshgBasOrderFail  ******/
		UPDATE OR_ORDER_FSHG_BAS
		SET	RSPNS_FSHG_STTUS_CODE = '8'
			<if test="rspnsMssage != null and rspnsMssage != ''">
			, RSPNS_MSSAGE		  = #{rspnsMssage}
			</if>
		    , LAST_CHANGER_ID 	  = 'system'
		    , LAST_CHANGE_DT      = getdate()
		WHERE 1=1
		   <if test="orderNo != null and orderNo != ''">
		   		AND ORDER_NO = #{orderNo}
		   </if>
		   <if test="canclExchngRtngudNo != null and canclExchngRtngudNo != ''">
		   		AND CANCL_EXCHNG_RTNGUD_NO = #{canclExchngRtngudNo}
		   </if>
		   AND FSHG_REQUST_ORDER_NO = #{fshgRequstOrderNo}
		   AND RSPNS_FSHG_STTUS_CODE IS NULL
	</update>

	<select id="selectClaimPurchsInfo" parameterType="com.sorincorp.api.hanafx.fs.model.OrOrderFshgBasVo" resultType="com.sorincorp.api.hanafx.fs.model.ItPurchsInfoBasVo">
		/******  SELECT : IT_PURCHS_INFO_BAS(선물환 만기일자를 위해 상품_PO 정보 기본 조회) - SQL_ID: FshgMapper.selectClaimPurchsInfo  ******/
		SET TRANSACTION ISOLATION LEVEL READ UNCOMMITTED
		SELECT
			   IPIB.BL_NO                                                  /* BL 번호                       */
		     , IPIB.PURCHS_ORDER_NO                                        /* 구매 주문 번호                */
		     , IPIB.PURCHS_LINE_NO                                         /* 구매 라인 번호                */
		     , IPIB.PURCHS_BSNM                                            /* 구매 사업자                   */
		     , IPIB.PURCHS_CMMRC_CND                                       /* 구매 무역 조건                */
		     , IPIB.PURCHS_LC_NM                                           /* 구매 위치 명                  */
		     , IPIB.PURCHS_QY                                              /* 구매 수량                     */
		     , IPIB.PURCHS_LME_DOLLAR_PC                                   /* 구매 LME 달러 가격            */
		     , IPIB.PURCHS_PREMIUM_DOLLAR_AMOUNT                           /* 구매 프리미엄 달러 금액       */
		     , IPIB.PURCHS_UNIT_DOLLAR_PC                                  /* 구매 단위 달러 가격           */
		     , IPIB.PURCHS_DOLLAR_AMOUNT                                   /* 구매 달러 총액                */
		     , IPIB.PURCHS_WON_AMOUNT                                      /* 구매 원화 총액                */
		     , IPIB.FTRS_CNTRCT_NO                                         /* 선물 계약 번호                */
		     , IPIB.FTRS_THSEX_CNTRCT_NO                                   /* 선물 삼성 계약 번호           */
		     , IPIB.FTRS_DELNG_DT                                          /* 선물 거래 일시                */
		     , IPIB.FTRS_DELNG_LOT_QY                                      /* 선물 거래 LOT 수량            */
		     , IPIB.FTRS_DELNG_OPTN                                        /* 선물 거래 옵션                */
		     , IPIB.FTRS_DELNG_BEGIN_DE                                    /* 선물 거래 시작 일자           */
		     , IPIB.FTRS_DELNG_END_DE                                      /* 선물 거래 종료 일자           */
		     , IPIB.FTRS_LME_DOLLAR_PC                                     /* 선물 LME 달러 가격            */
		     , IPIB.FTRS_SPREAD_DOLLAR_PC                                  /* 선물 스프레드 달러 가격       */
		     , IPIB.FTRS_END_DOLLAR_PC                                     /* 선물 종료 달러 가격           */
		     , IPIB.FTRS_DOLLAR_FEE                                        /* 선물 달러 수수료              */
		     , IPIB.FTRS_EXPRTN_DE                                         /* 선물 만기 일자                */
		     , IPIB.FSHG_CNTRCT_NO                                         /* 선물환 계약 번호              */
		     , IPIB.FSHG_DELNG_DT                                          /* 선물환 거래 일시              */
		     , IPIB.FSHG_DLRY_WT                                           /* 선물환 배부 중량              */
		     , IPIB.FSHG_DELNG_CRNCY                                       /* 선물환 거래 통화              */
		     , IPIB.FSHG_DELNG_DOLLAR_AMOUNT                               /* 선물환 거래 달러 금액         */
		     , IPIB.FSHG_WON_EHGT                                          /* 선물환 원화 환율              */
		     , IPIB.FSHG_WON_SPREAD                                        /* 선물환 원화 스프레드          */
		     , IPIB.FSHG_END_WON_PC                                        /* 선물환 종료 원화 가격         */
		     , IPIB.FSHG_EXPRTN_DE                                         /* 선물환 만기 일자              */
        FROM dbo.OR_ORDER_FSHG_BAS  AS OOFB
        INNER JOIN dbo.OR_CANCL_EXCHNG_RTNGUD_DTL AS OOD
			ON OOFB.ORDER_NO = OOD.ORDER_NO
		    AND OOFB.ORDER_SN = OOD.ORDER_SN
			AND OOFB.CANCL_EXCHNG_RTNGUD_NO = OOD.CANCL_EXCHNG_RTNGUD_NO
			AND OOFB.CANCL_EXCHNG_RTNGUD_SN = OOD.CANCL_EXCHNG_RTNGUD_SN
        INNER JOIN IT_PURCHS_INFO_BAS AS IPIB ON OOD.BL_NO = IPIB.BL_NO
        WHERE 1=1
		AND OOFB.ORDER_NO             	= #{orderNo}
		AND OOFB.FSHG_REQUST_ORDER_NO 	= #{fshgRequstOrderNo}
		AND OOFB.CANCL_EXCHNG_RTNGUD_NO = #{canclExchngRtngudNo}
		AND OOFB.CANCL_EXCHNG_RTNGUD_SN = #{canclExchngRtngudSn}
		AND OOFB.DELETE_AT = 'N'
		AND OOD.DELETE_AT  = 'N'
		AND IPIB.DELETE_AT = 'N'
	</select>

	<select id="getOrderNo" parameterType="string" resultType="string">
		/***** com.sorincorp.api.hanafx.fs.mapper.FshgMapper.getOrderNo *****/
		SET TRANSACTION ISOLATION LEVEL READ UNCOMMITTED
		SELECT ORDER_NO
		FROM OR_ORDER_FSHG_BAS  AS OOFB
		WHERE 1=1
		AND OOFB.FSHG_REQUST_ORDER_NO 	= #{value}
		AND OOFB.DELETE_AT = 'N'
	</select>

	<!-- 다음달 선물, 선물환 만기일 조회 -->
	<select id="selectNextMonthExprtnDate" resultType="java.util.HashMap">
        /***** com.sorincorp.api.hanafx.fs.mapper.FshgMapper.selectNextMonthExprtnDate : 선물,선물환 다음달 만기일 조회 *****/
		SET TRANSACTION ISOLATION LEVEL READ UNCOMMITTED
		SELECT CONVERT(VARCHAR(8), GETDATE() , 112) AS TODAY,
			    MAX(CASE WHEN X.GOODS_NAME='CUR_FTRS' THEN ISNULL(X.APPLC_DE,'00000000') END) AS CUR_FTRS_EXPRTN_DE
			  , MAX(CASE WHEN X.GOODS_NAME='NEXT_FTRS' THEN ISNULL(X.APPLC_DE,'00000000') END) AS NEXT_FTRS_EXPRTN_DE
			  , MAX(CASE WHEN X.GOODS_NAME='CUR_FSHG' THEN ISNULL(X.APPLC_DE, '00000000') END) AS CUR_FSHG_EXPRTN_DE
			  , MAX(CASE WHEN X.GOODS_NAME='NEXT_FSHG' THEN ISNULL(X.APPLC_DE, '00000000') END) AS NEXT_FSHG_EXPRTN_DE
		FROM
		(
				SELECT 'CUR_FTRS' AS GOODS_NAME, ILCB.APPLC_DE
				FROM DBO.IT_LME_CLNDR_BAS ILCB                 /* 상품_LME 달력 기본 */
				WHERE  1=1
					AND ILCB.CMPNY_CODE = '10'                 /* 회사코드 : 10.케이지트레이딩주식회사, 20.SORIN SINGAPORE PTE. LTD, 50.(주)영풍 	*/
					AND ILCB.LME_CLDR_TY_CODE = '3'            /* LME 달력 유형 코드 : 1.LME closed, 2.Weekend, 3.3rd Wednesday 	*/
					AND SUBSTRING(ILCB.APPLC_DE, 1, 6) = CONVERT(VARCHAR(6), GETDATE(), 112)
				AND DELETE_AT= 'N'

				UNION ALL
				SELECT 'NEXT_FTRS' AS GOODS_NAME, ILCB.APPLC_DE
				FROM DBO.IT_LME_CLNDR_BAS ILCB                 /* 상품_LME 달력 기본 */
				WHERE  1=1
					AND ILCB.CMPNY_CODE = '10'                 /* 회사코드 : 10.케이지트레이딩주식회사, 20.SORIN SINGAPORE PTE. LTD, 50.(주)영풍 	*/
					AND ILCB.LME_CLDR_TY_CODE = '3'            /* LME 달력 유형 코드 : 1.LME closed, 2.Weekend, 3.3rd Wednesday 	*/
					AND SUBSTRING(ILCB.APPLC_DE, 1, 6) = CONVERT(VARCHAR(6), DATEADD(MONTH, 1, DATEADD(DAY, -(DAY(GETDATE()-1)), GETDATE()) ),  112)
				AND DELETE_AT= 'N'

				UNION ALL
				SELECT 'CUR_FSHG' AS GOODS_NAME, OFDB.APPLC_DE
			    FROM DBO.OR_FSHG_DDTMAN_BAS OFDB               /* 주문_선물환 거래 일자 기본 */
			    WHERE 1=1
			    AND SUBSTRING(OFDB.APPLC_DE, 1, 6) = CONVERT(VARCHAR(6), GETDATE(), 112)
			    AND DELETE_AT= 'N'

				UNION ALL
			    SELECT 'NEXT_FSHG' AS GOODS_NAME, OFDB.APPLC_DE
			    FROM DBO.OR_FSHG_DDTMAN_BAS OFDB               /* 주문_선물환 거래 일자 기본 */
			    WHERE 1=1
			    AND SUBSTRING(OFDB.APPLC_DE, 1, 6) = CONVERT(VARCHAR(6), DATEADD(MONTH, 1, DATEADD(DAY, -(DAY(GETDATE()-1)), GETDATE()) ),  112)
			    AND DELETE_AT= 'N'
		) X
    </select>

	<!-- PO 테이블 선물환 만기일자 수정 -->
    <update id="updateExprtndeItPurchsInfoBas" parameterType="com.sorincorp.api.hanafx.fs.model.ItPurchsInfoBasVo">
		/***** com.sorincorp.api.hanafx.fs.mapper.FshgMapper.updateExprtndeItPurchsInfoBas : PO 테이블 선물환 만기일자 수정 *****/
		UPDATE dbo.IT_PURCHS_INFO_BAS
	    SET FSHG_EXPRTN_DE 	= #{fshgExprtnDe}                        /* 선물환 만기 일자                */
		  , LAST_CHANGER_ID = 'system'
		  , LAST_CHANGE_DT 	= GETDATE()
     	WHERE 1=1
		   AND BL_NO		= #{blNo}
		   AND DELETE_AT    = 'N'
	</update>

	<!-- PO 테이블 히스토리 등록 -->
	<insert id="insertItPurchsInfoBasHst" parameterType="com.sorincorp.api.hanafx.fs.model.ItPurchsInfoBasVo">
        /******  com.sorincorp.batch.or.mapper.WrtmOrderCnclMapper.insertItPurchsInfoBasHst: PO 테이블의 이력 테이블 등록    ******/
        INSERT INTO dbo.IT_PURCHS_INFO_BAS_HST
        SELECT IPIB.*
        FROM dbo.IT_PURCHS_INFO_BAS AS IPIB WITH (NOLOCK)
        WHERE 1=1
		   AND BL_NO           = #{blNo}
    </insert>

	<!-- 고시일 기준 매매 기준율 조회 -->
	<select id="selectValueDeGtxApiFxrate" resultType="java.math.BigDecimal">
		/******  SELECT : GTX_API_FXRATE(고시일 기준 매매 기준율 조회) - SQL_ID: FshgMapper.selectValueDeGtxApiFxrate  ******/
		SET TRANSACTION ISOLATION LEVEL READ UNCOMMITTED
		SELECT
			USD_CVTRATE							/* 달러 환산율 */
		FROM GTX_API_FXRATE
		WHERE CURR_CD = 'KRW' 											-- 통화코드
			AND VALUE_DATE = CONVERT(CHAR(8), GETDATE() , 112)			-- 고시일자
	</select>
</mapper>