<?xml version="1.0" encoding="UTF-8"?>
<!DOCTYPE mapper PUBLIC "-//mybatis.org//DTD Mapper 3.0//EN" "http://mybatis.org/dtd/mybatis-3-mapper.dtd">

<mapper namespace="com.sorincorp.api.hanafx.de.mapper.DealingEhgtMapper">
     <!--  GFX_RFS_REQ 테이블 -->
     <select id="selectMaxMdReqId" resultType="java.math.BigDecimal">
     	/******  SELECT : GFX_RFS_REQ(거래용 환율 RFS I/F) - SQL_ID: DealingEhgtMapper.selectMaxMdReqId  ******/
		SET TRANSACTION ISOLATION LEVEL READ UNCOMMITTED
		SELECT MAX(ISNULL( CONVERT(decimal (27), RIGHT(MD_REQ_ID,27)), 0)) + 1 AS MAX_NUMBER
		FROM GFX_RFS_REQ
		WHERE 1=1
	</select>

    <select id="selectRegistRfsReqCount" resultType="int" parameterType="com.sorincorp.api.hanafx.de.model.GfxRfsReqVo">
    	/******  SELECT : GFX_RFS_REQ(거래용 환율 RFS I/F) - SQL_ID: DealingEhgtMapper.selectRegistRfsReqCount  ******/
		SET TRANSACTION ISOLATION LEVEL READ UNCOMMITTED
		SELECT COUNT(VAL_DT) AS CNT
		FROM GFX_RFS_REQ
		WHERE 1=1
			AND PAIR_ID = #{pairId}
			AND CURR_CD = #{currCd}
			AND VAL_DT  = #{valDt}
			AND MAT_DT  = #{matDt}
			AND AMT1    = #{amt1}
	</select>

    <select id="selectOrFshgDdtmanBasApplcDe" resultType="String" parameterType="String">
    	/******  SELECT : OR_FSHG_DDTMAN_BAS(주문_선물환 거래 일자 기본 테이블 조회) - SQL_ID: DealingEhgtMapper.selectOrFshgDdtmanBasApplcDe  ******/
		SET TRANSACTION ISOLATION LEVEL READ UNCOMMITTED
		SELECT	APPLC_DE
		FROM OR_FSHG_DDTMAN_BAS
		WHERE 1=1
		AND SUBSTRING(APPLC_DE, 1, 6)	=  #{exprtnMt}
		AND DELETE_AT 					!= 'Y'
	</select>

	<insert id="insertGfxRfsReq" parameterType="com.sorincorp.api.hanafx.de.model.GfxRfsReqVo">
		/******  SQL_ID: DealingEhgtMapper.insertGfxRfsReq  ******/
		INSERT INTO GFX_RFS_REQ
		     (
		       PROD_CD                                     /* 상품코드                      */
		     , PAIR_ID                                     /* 거래 통화 코드                */
		     , CURR_CD                                     /* 거래 통화                     */
		     , VAL_DT                                      /* Near 결제일                   */
		     , MAT_DT                                      /* Far 결제일                    */
		     , AMT1                                        /* 요청 금액                     */
		     , MD_REQ_ID                                   /* 환율 요청 ID                  */
		     , MD_REQ_TP                                   /* 환율 요청 구분                */
		     , USER_ID                                     /* 고객 딜러 ID                  */
		     , REQ_TM                                      /* 이전 요청 연월일              */
		     , STATUS                                      /* 환율 상태                     */
		     )
		VALUES
		     (
		       #{prodCd}                                   /* 상품코드                      */
		     , #{pairId}                                   /* 거래 통화 코드                */
		     , #{currCd}                                   /* 거래 통화                     */
		     , #{valDt}                                    /* Near 결제일                   */
		     , #{matDt}                                    /* Far 결제일                    */
		     , #{amt1}                                     /* 요청 금액                     */
		     , #{mdReqId}                                  /* 환율 요청 ID                  */
		     , #{mdReqTp}                                  /* 환율 요청 구분                */
		     , #{userId}                                   /* 고객 딜러 ID                  */
		     , #{reqTm}                                    /* 이전 요청 연월일              */
		     , #{status}                                   /* 환율 상태                     */
		     )
	</insert>

	<delete id="deleteGfxRfsReqWithSchedule">
		/******  DELETE : GFX_RFS_REQ(거래용 환율 RFS I/F) - SQL_ID: DealingEhgtMapper.deleteGfxRfsReqWithSchedule  ******/
		DELETE GFX_RFS_REQ                     /* 거래용 환율 RFS I/F           */
	</delete>

     <!--  GFX_RFS_RES 테이블-->
	<insert id="insertGfxRfsRes" parameterType="com.sorincorp.api.hanafx.de.model.GfxRfsResVo">
		/******  INSERT : GFX_RFS_RES(거래용 환율 응답 I/F) - SQL_ID: DealingEhgtMapper.insertGfxRfsRes  ******/
		INSERT INTO GFX_RFS_RES                                   /* 거래용 환율 응답 I/F          */
		     (
		       MD_REQ_ID                                          /* 환율 요청 ID                  */
		     , QT_STATUS                                          /* 환율 제공 상태                */
		     , QT_IDX                                             /* 환율 건별 INDEX               */
		     , PROD_CD                                            /* 상품코드                      */
		     , PAIR_ID                                            /* 거래 통화 코드                */
		     , CURR_CD                                            /* 거래 통화                     */
		     , VAL_DT                                             /* NEAR 결제일                   */
		     , MAT_DT                                             /* FAR 결제일                    */
		     , AMT1                                               /* 요청 금액                     */
		     , USER_ID                                            /* 고객 딜러 ID                  */
		     , VALID_TIME                                         /* 환율 유효 시간                */
		     , SPOT_BID                                           /* 현물환 매도 환율              */
		     , SPOT_ASK                                           /* 현물환 매수 환율              */
		     , NEAR_BID                                           /* 선물환 매도 환율              */
		     , NEAR_ASK                                           /* 선물환 매수 환율              */
		     , FAR_BID                                            /* SWAP 매도 환율                */
		     , FAR_ASK                                            /* SWAP 매수 환율                */
		     , FRST_REGISTER_ID                                   /* 최초 등록자 아이디            */
		     , FRST_REGIST_DT                                     /* 최초 등록 일시                */
		     )
		VALUES
		     (
		       #{mdReqId}                                        /* 환율 요청 ID                  */
		     , #{qtStatus}                                       /* 환율 제공 상태                */
		     , #{qtIdx}                                          /* 환율 건별 INDEX               */
		     , #{prodCd}                                         /* 상품코드                      */
		     , #{pairId}                                         /* 거래 통화 코드                */
		     , #{currCd}                                         /* 거래 통화                     */
		     , #{valDt}                                          /* NEAR 결제일                   */
		     , #{matDt}                                          /* FAR 결제일                    */
		     , #{amt1}                                           /* 요청 금액                     */
		     , #{userId}                                         /* 고객 딜러 ID                  */
		     , #{validTime}                                      /* 환율 유효 시간                */
		     , #{spotBid}                                        /* 현물환 매도 환율              */
		     , #{spotAsk}                                        /* 현물환 매수 환율              */
		     , #{nearBid}                                        /* 선물환 매도 환율              */
		     , #{nearAsk}                                        /* 선물환 매수 환율              */
		     , #{farBid}                                         /* SWAP 매도 환율                */
		     , #{farAsk}                                         /* SWAP 매수 환율                */
		     , 'system'                                          /* 최초 등록자 아이디            */
		     , getdate()                                         /* 최초 등록 일시                */
		     )
	</insert>

	<select id="selectRecentDataWithGfxRfsRes" resultType="com.sorincorp.api.hanafx.de.model.GfxRfsResVo">
		/******  SELECT : GFX_RFS_RES(거래용 환율 응답 I/F) 선물환 만기일별 최신 데이타 - SQL_ID: DealingEhgtMapper.selectRecentDataWithGfxRfsRes  ******/
		SET TRANSACTION ISOLATION LEVEL READ UNCOMMITTED
		SELECT TOP 1
		       GRR.INTRFC_SN                           /* 인터페이스 순번               */
		     , GRR.MD_REQ_ID                           /* 환율 요청 ID                  */
		     , GRR.QT_STATUS                           /* 환율 제공 상태                */
		     , GRR.QT_IDX                              /* 환율 건별 INDEX               */
		     , GRR.PROD_CD                             /* 상품코드                      */
		     , GRR.PAIR_ID                             /* 거래 통화 코드                */
		     , GRR.CURR_CD                             /* 거래 통화                     */
		     , GRR.VAL_DT                              /* NEAR 결제일                   */
		     , GRR.MAT_DT                              /* FAR 결제일                    */
		     , GRR.AMT1                                /* 요청 금액                     */
		     , GRR.USER_ID                             /* 고객 딜러 ID                  */
		     , GRR.VALID_TIME                          /* 환율 유효 시간                */
		     , GRR.SPOT_BID                            /* 현물환 매도 환율              */
		     , GRR.SPOT_ASK                            /* 현물환 매수 환율              */
		     , GRR.NEAR_BID                            /* 선물환 매도 환율              */
		     , GRR.NEAR_ASK                            /* 선물환 매수 환율              */
		     , GRR.FAR_BID                             /* SWAP 매도 환율                */
		     , GRR.FAR_ASK                             /* SWAP 매수 환율                */
		     , GRR.FRST_REGISTER_ID                    /* 최초 등록자 아이디            */
		     , GRR.FRST_REGIST_DT                      /* 최초 등록 일시                */
		  FROM GFX_RFS_RES AS GRR                      /* 거래용 환율 응답 I/F          */
		 WHERE 1=1
		<if test="valDt != null and valDt != ''">
		   AND GRR.VAL_DT                                    = #{valDt}              /* NEAR 결제일(만기일)  */
		</if>

		   AND GRR.PROD_CD                                   = 'FWD'                 /* 상품코드            */
		   AND CHARINDEX(#{searchKeyword}, QT_IDX, 6) > 0
		   AND GRR.VALID_TIME <![CDATA[ >= ]]> REPLACE(CONVERT(CHAR(8), GETDATE(), 8), ':', '')
		ORDER BY GRR.INTRFC_SN DESC

		<!-- 20220104 등록일 기준이 아닌 유효시간 마지막 데이터로 변경
		   AND GRR.FRST_REGIST_DT >= DATEADD(SS,-30,GETDATE())                                              /* 30초 이전 데이터 */
		 ORDER BY GRR.FRST_REGIST_DT DESC
		  -->
		  <!-- 20230620 환율정보를 속도가 느려 VALID_TIME 기준으로 조회
		    AND CONVERT(CHAR(8), FRST_REGIST_DT, 112) 		 = #{searchKeyword}      /* 오늘 날짜 */
		 	ORDER BY GRR.VALID_TIME DESC
		  -->
		<!-- 20230925 환율정보를 속도가 느려 CHARINDEX를 사용
			AND GRR.QT_IDX      LIKE '%' + #{searchKeyword} + '%' 					/* 오늘 날짜 */
		-->
	</select>

	<select id="selectValidProdValDt" resultType="com.sorincorp.api.hanafx.de.model.GtxApiFxTenorVo">
		/******  SELECT : GTX_API_FX_TENOR(환율 기간)- SQL_ID: DealingEhgtMapper.selectValidProdValDt  ******/
		SET TRANSACTION ISOLATION LEVEL READ UNCOMMITTED
		SELECT
		       GAFT.PROD_CD                                       /* 상품코드                      */
		     , GAFT.PAIR_ID                                       /* 거래통화 코드                 */
		     , GAFT.TENOR_CD                                      /* 기간 코드                     */
		     , GAFT.ACTIVE_YN                                     /* 유효 상태                     */
		     , GAFT.STAT_CD                                       /* 수신 상태                     */
		     , GAFT.VAL_DT                                        /* 결제일                        */
		     , GAFT.COMMENTS                                      /* 추가 정보                     */
		     , GAFT.UPD_DT                                        /* 수정 일자                     */
		     , GAFT.UPD_TM                                        /* 수정 시간                     */
		  FROM dbo.GTX_API_FX_TENOR AS GAFT                       /* 환율 기간                     */
		 WHERE 1=1
		   AND GAFT.PROD_CD      = #{prodCd}                    /* 상품코드                      */
		   AND GAFT.PAIR_ID      = #{pairId}                    /* 거래통화 코드                 */
		   AND GAFT.TENOR_CD     = #{tenorCd}                   /* 기간 코드                     */
		   AND GAFT.ACTIVE_YN    = #{activeYn}                  /* 유효 상태                     */
		   AND GAFT.UPD_DT       = #{updDt}                     /* 수정 일자                     */
	</select>


	<select id="selectValidApplcDeList" resultType="com.sorincorp.api.hanafx.de.model.OrFshgDdtmanBasVo">
		/******  SELECT : OR_FSHG_DDTMAN_BAS()- SQL_ID: DealingEhgtMapper.selectValidApplcDeList  ******/
		SET TRANSACTION ISOLATION LEVEL READ UNCOMMITTED
		SELECT TOP 6
		       OFDB.APPLC_DE                                    /* 적용 일자                     */
		     , OFDB.DELETE_DT                                   /* 삭제 일시                     */
		     , OFDB.DELETE_AT                                   /* 삭제 여부                     */
		     , OFDB.FRST_REGISTER_ID                            /* 최초 등록자 아이디            */
		     , OFDB.LAST_CHANGER_ID                             /* 최종 변경자 아이디            */
		  FROM dbo.OR_FSHG_DDTMAN_BAS AS OFDB                   /*                               */
		 WHERE 1=1
		   AND OFDB.APPLC_DE        <![CDATA[>]]> #{applcDe}     /* 적용 일자                     */
		   AND OFDB.DELETE_AT       = 'N'                        /* 삭제 여부                     */
		   ORDER BY OFDB.APPLC_DE
	</select>

</mapper>