<?xml version="1.0" encoding="UTF-8"?>
<!DOCTYPE mapper PUBLIC "-//mybatis.org//DTD Mapper 3.0//EN" "http://mybatis.org/dtd/mybatis-3-mapper.dtd">

<mapper namespace="com.sorincorp.fo.ev.mapper.evMapper">

    <select id="selectBsnmRegistNo" parameterType="com.sorincorp.fo.ev.model.LoanCnsltReqstInfoVO" resultType="int">
    	/* ev.selectBsnmRegistNo */
        SET TRANSACTION ISOLATION LEVEL READ UNCOMMITTED
        SELECT COUNT(*) FROM EV_LOAN_CNSLT_REQST_INFO_BAS WHERE DELETE_AT = 'N' AND BSNM_REGIST_NO = #{bsnmRegistNo}
    </select>

    <insert id="saveLoanCnsltReqstInfo" parameterType="com.sorincorp.fo.ev.model.LoanCnsltReqstInfoVO">
        /*  ev.saveLoanCnsltReqstInfo    */
        INSERT INTO dbo.EV_LOAN_CNSLT_REQST_INFO_BAS														/* 프로모션_대출 상담 요청 정보 기본 */
        (
			BSNM_REGIST_NO							/* 사업자 등록 번호				*/
			,ENTRPSNM_KOREAN						/* 업체명 한글					*/
			,INDVDL_INFO_COLCT_USE_AGRE_AT			/* 개인 정보 수집 이용 동의 여부	*/
			,INDVDL_INFO_COLCT_USE_AGRE_DT			/* 개인 정보 수집 이용 동의 일시	*/
			,ENTRPS_NO								/* 업체 번호					*/
			,MBER_NO								/* 회원 번호					*/
			,LOGIN_REQUST_AT						/* 로그인 신청 여부				*/
			,LOAN_REQUST_NM							/* 대출 요청 이름				*/
			,LOAN_REQUST_TLPHON_NO					/* 대출 요청 전화번호			*/
			,LOAN_REQUST_REGIST_DT					/* 대출 상담 등록일				*/
			,LOAN_CNSLT_COMPT_AT					/* 대출 상담 완료 여부			*/
			,LOAN_CNSLT_NM							/* 대출 상담 담당자				*/
			,LOAN_CNSLT_COMPT_DT					/* 대출 상담 완료 일시			*/
			,DELETE_AT								/* 삭제 여부					*/
			,DELETE_DT								/* 삭제 일시					*/
			,FRST_REGISTER_ID						/* 최초 등록자 아이디			*/
			,FRST_REGIST_DT							/* 최초 등록 일시				*/
			,LAST_CHANGER_ID						/* 최종 변경자 아이디			*/
			,LAST_CHANGE_DT							/* 최종 변경 일시				*/
        )
        VALUES
        (
			#{bsnmRegistNo}							/* 사업자 등록 번호				*/
			,#{entrpsnmKorean}						/* 업체명 한글					*/
			,'Y'									/* 개인 정보 수집 이용 동의 여부	*/
			,GETDATE()								/* 개인 정보 수집 이용 동의 일시	*/
			,(SELECT ENTRPS_NO FROM MB_MBER_INFO_BAS mmib WHERE MBER_NO = #{mberNo})										/* 업체 번호					*/
			,#{mberNo}								/* 회원 번호					*/
			,CASE WHEN (SELECT COUNT(*) FROM MB_MBER_INFO_BAS mmib WHERE MBER_NO = #{mberNo}) > 0 THEN 'Y' ELSE 'N' END		/* 로그인 신청 여부				*/
			,#{loanRequstNm}						/* 대출 요청 이름				*/
			,#{loanRequstTlphonNo}					/* 대출 요청 전화번호			*/
			,GETDATE()								/* 대출 상담 등록일				*/
			,'N'									/* 대출 상담 완료 여부			*/
			,NULL									/* 대출 상담 담당자				*/
			,NULL									/* 대출 상담 완료 일시			*/
			,'N'									/* 삭제 여부					*/
			,NULL									/* 삭제 일시					*/
			,#{loanRequstNm}						/* 최초 등록자 아이디			*/
			,GETDATE()								/* 최초 등록 일시				*/
			,'ADMIN'								/* 최종 변경자 아이디			*/
			,GETDATE()								/* 최종 변경 일시				*/
        )
    </insert>
    
    <select id="selectEntrpsEtr" parameterType="string" resultType="com.sorincorp.fo.mb.model.EntrpsEtrVO">
    	/* ev.selectEntrpsEtr */
        SET TRANSACTION ISOLATION LEVEL READ UNCOMMITTED
        SELECT * FROM MB_ENTRPS_INFO_BAS WHERE ENTRPS_NO = #{entrpsNo}
    </select>
    
    <select id="selectMobileNo" parameterType="string" resultType="int">
    	/* ev.selectMobileNo */
        SET TRANSACTION ISOLATION LEVEL READ UNCOMMITTED
        SELECT COUNT(*) FROM EV_PROMTN_MOBILE_OPEN WHERE MBTLNUM = #{mbtlnum} AND ENTRPS_NM = #{entrpsNm}
    </select>

    <insert id="saveMobileEntrInfo" parameterType="com.sorincorp.fo.ev.model.MobileEntryEventVO">
		/* ev.saveMobileEntrInfo */
		INSERT INTO EV_PROMTN_MOBILE_OPEN 
		(
			ENTRPS_NM
			,NM
			,MBTLNUM
			,FRST_REGISTER_ID
			,FRST_REGIST_DT
			,LAST_CHANGER_ID
			,LAST_CHANGE_DT
		) 
		VALUES
		(
			#{entrpsNm}
			,#{nm}
			,#{mbtlnum}
			,#{frstRegisterId}
			,GETDATE()
			,NULL
			,NULL
		)
     </insert>
</mapper>