<?xml version="1.0" encoding="UTF-8"?>
<!DOCTYPE mapper PUBLIC "-//mybatis.org//DTD Mapper 3.0//EN" "http://mybatis.org/dtd/mybatis-3-mapper.dtd">

<mapper namespace="com.sorincorp.fo.ev.mapper.PromtnEventMapper">

    <select id="selectPromtnInfoListTotCnt" resultType="int">
        /* Promtn.selectPromtnInfoListTotCnt*/
        SET TRANSACTION ISOLATION LEVEL READ UNCOMMITTED
        SELECT COUNT(*) totalcount
         FROM EV_PROMTN_INFO_BAS
        WHERE 1=1
            AND FO_EXPSR_AT 		= 'Y'
            AND PROMTN_USE_AT  = 'Y'
            AND DELETE_AT			= 'N'
            AND PROMTN_BEGIN_DE <![CDATA[<=]]>  FORMAT(GETDATE(),'yyyyMMddHHmmss')
    </select>

    <select id="selectPromtnInfoList" parameterType="com.sorincorp.fo.ev.model.PromtnInfoVO" resultType="com.sorincorp.fo.ev.model.PromtnInfoVO">
        /* Promtn.selectPromtnInfoList */
        SET TRANSACTION ISOLATION LEVEL READ UNCOMMITTED
        SELECT
                  A.ROWNUM
                , A.PROMTN_NO
                , A.PROMTN_NM
                , A.PROMTN_SE_CODE
                , A.PROMTN_USE_AT
                , A.PROMTN_BEGIN_DE
                , A.PROMTN_END_DE
                , A.URL
                , A.BEGIN_THUMB_DOC_NO
                , A.END_THUMB_DOC_NO
                , A.PROMTN_CN
                , A.ORDTM_EXPSR_AT
                , A.FO_EXPSR_AT
                , A.DELETE_AT
                , A.FRST_REGISTER_ID
                , A.FRST_REGIST_DT
                , A.LAST_CHANGER_ID
                , A.LAST_CHANGE_DT
                , CDB1.DOC_FILE_REAL_COURS AS BEGIN_THUMB_DOC_PATH
                , CDB2.DOC_FILE_REAL_COURS AS END_THUMB_DOC_PATH
            FROM
              (
                SELECT row_number() OVER(ORDER BY ISNULL(LAST_CHANGE_DT, FRST_REGIST_DT) DESC) AS ROWNUM,  *
                 FROM EV_PROMTN_INFO_BAS
                WHERE 1=1
                   AND FO_EXPSR_AT 		= 'Y'
                   AND PROMTN_USE_AT 	= 'Y'
                   AND DELETE_AT			= 'N'
                   AND PROMTN_BEGIN_DE <![CDATA[<=]]>  FORMAT(GETDATE(),'yyyyMMddHHmmss')
                ) A
                LEFT JOIN CO_DOC_BAS CDB1
                 ON A.BEGIN_THUMB_DOC_NO = CDB1.DOC_NO
               AND 								'ev' = CDB1.JOB_SE_CODE
               LEFT JOIN CO_DOC_BAS CDB2
                 ON A.END_THUMB_DOC_NO = CDB2.DOC_NO
               AND 								'ev' = CDB2.JOB_SE_CODE
            WHERE A.ROWNUM between  #{pageIndex} and #{rowCountPerPage}
            ORDER BY ISNULL(A.LAST_CHANGE_DT, A.FRST_REGIST_DT) DESC
    </select>

    <select id="selectPromtnInfo" parameterType="com.sorincorp.fo.ev.model.PromtnInfoVO" resultType="com.sorincorp.fo.ev.model.PromtnInfoVO">
        /* Promtn.selectPromtnInfo */
        SET TRANSACTION ISOLATION LEVEL READ UNCOMMITTED
        SELECT
              PROMTN_NO
            , PROMTN_NM
            , PROMTN_SE_CODE
            , PROMTN_USE_AT
            , PROMTN_BEGIN_DE
            , PROMTN_END_DE
            , URL
            , BEGIN_THUMB_DOC_NO
            , END_THUMB_DOC_NO
            , PROMTN_CN
            , ORDTM_EXPSR_AT
            , FO_EXPSR_AT
            , DELETE_AT
            , DELETE_DT
            , FRST_REGISTER_ID
            , FRST_REGIST_DT
            , LAST_CHANGER_ID
            , LAST_CHANGE_DT
          FROM EV_PROMTN_INFO_BAS
        WHERE 1=1
           AND PROMTN_NO = #{promtnNo}
    </select>

    <select id="selectRecomendrIdPossAt" parameterType="com.sorincorp.fo.ev.model.PromtnInfoVO" resultType="int">
        /* PromtnEventMapper.selectRecomendrIdPossAt*/
        SET TRANSACTION ISOLATION LEVEL READ UNCOMMITTED
        SELECT COUNT(MMIB.ENTRPS_NO) AS RECOMENDR_ID_CNT
          FROM MB_MBER_INFO_BAS MMIB
          LEFT JOIN MB_ENTRPS_INFO_BAS MEIB
            ON MMIB.ENTRPS_NO  = MEIB.ENTRPS_NO
          WHERE 1=1 
            AND MMIB.MBER_SE_CODE='01'                                              /*  회원구분코드:01 (마스터) */
            AND DATEDIFF(DD, MMIB.MBER_ETR_DT , GETDATE()) <![CDATA[<=]]> 30        /*  가입 30일 이내   */
            AND MEIB.RECOMENDR_ID IS NULL                                           /*  추천인아이디 미등록 상태   */
            AND MMIB.ENTRPS_NO = #{entrpsNo}
    </select>
    
    <update id="insertRecomendrId" parameterType="com.sorincorp.fo.ev.model.PromtnInfoVO">
         /* PromtnEventMapper.insertRecomendrId*/
        UPDATE MB_ENTRPS_INFO_BAS
           SET
                  RECOMENDR_ID                  = #{recomendrId}                                                                            /*  추천인 아이디     */
                , LAST_CHANGER_ID               = #{lastChangerId}                                                                          /*  최종 변경자 아이디      */
                , LAST_CHANGE_DT                = GETDATE()                                                                                 /*  최종 변경자 일시       */
         WHERE ENTRPS_NO = #{entrpsNo}
    </update>
    
	<select id="chkHasTicket" parameterType="String" resultType="int">
		/* PromtnEventMapper.chkHasTicket*/
		SET TRANSACTION ISOLATION LEVEL READ UNCOMMITTED
		SELECT COUNT(*)
		FROM EV_PROMTN_GDL_BSKT
		WHERE 1=1
		AND ENTRPS_NO = #{entrpsNo}
		AND ( PRZWNER_NM IS NULL OR  PRZWNER_NM  = '')
	</select>

    <select id="chkTotTicket" resultType="int">
        /* PromtnEventMapper.chkTotTicket*/
        SET TRANSACTION ISOLATION LEVEL READ UNCOMMITTED
        SELECT COUNT(*)
        FROM EV_PROMTN_GDL_BSKT
        WHERE 1=1
    </select>
	
	<select id="selectAllNewYearPromtnList" parameterType="String" resultType="com.sorincorp.fo.ev.model.PromtnNewYearVO">
		/* PromtnEventMapper.selectAllNewYearPromtnList*/
		SET TRANSACTION ISOLATION LEVEL READ UNCOMMITTED
		SELECT PRZWNER_NM
				, PRZWIN_AMOUNT
				, CONVERT(VARCHAR, INDVDL_INFO_AGRE_DT, 120) AS INDVDL_INFO_AGRE_DT
		FROM EV_PROMTN_GDL_BSKT
		WHERE 1=1
		AND ENTRPS_NO = #{entrpsNo}
		AND ( PRZWNER_NM IS NOT NULL OR PRZWNER_NM != '')
	</select>
	
	<select id="selectAllTicketCnt" parameterType="com.sorincorp.fo.ev.model.PromtnNewYearVO" resultType="int">
		/* PromtnEventMapper.selectAllTicketCnt*/
		SET TRANSACTION ISOLATION LEVEL READ UNCOMMITTED
		SELECT COUNT(*)
		FROM EV_PROMTN_GDL_BSKT EPGB
		WHERE 1=1
		<choose>
			<when test="przwinAmount != null and przwinAmount > 0">
				AND EPGB.PRZWIN_AMOUNT = ${przwinAmount}
			</when>
		</choose>
		AND EPGB.PRZWNER_NM IS NOT NULL
	</select>
	
	<select id="selectTicketIDX" parameterType="com.sorincorp.fo.ev.model.PromtnNewYearVO"  resultType="int">
		/* PromtnEventMapper.selectTicketIDX*/
		SET TRANSACTION ISOLATION LEVEL READ UNCOMMITTED
		SELECT TOP(1) EV_PROMTN_GDL_BSKT_IDX
		FROM EV_PROMTN_GDL_BSKT
		WHERE 1=1
		AND PRZWIN_AMOUNT IS NULL
		AND ENTRPS_NO = #{entrpsNo}
		ORDER BY EV_PROMTN_GDL_BSKT_IDX ASC
	</select>
	
	<update id="updateEvNewYearPromtn" parameterType="com.sorincorp.fo.ev.model.PromtnNewYearVO">
		/* PromtnEventMapper.updateEvNewYearPromtn*/
		UPDATE EV_PROMTN_GDL_BSKT
		SET
			 PRZWNER_NM						= #{przwnerNm}
			, PRZWIN_AMOUNT					= ${przwinAmount}
			, PRZWNER_MOBLPHON_NO 			= #{przwnerMoblphonNo}
			, INDVDL_INFO_AGRE				= 'Y'
			, INDVDL_INFO_AGRE_DT			= GETDATE()
			, THPTY_INDVDL_INFO_AGRE		= 'Y'
			, THPTY_INDVDL_INFO_AGRE_DT		= GETDATE()
			, LAST_CHANGER_ID				= #{przwnerNm}
			, LAST_CHANGE_DT				= GETDATE()
		    , SEND_AT                       = 'N'
		    , PRZWNER_NUM                   = ${przNum}
		WHERE EV_PROMTN_GDL_BSKT_IDX = ${evPromtnGdlBsktIdx}
	</update>

    <select id="chkBestPrz" parameterType="com.sorincorp.fo.ev.model.PromtnNewYearVO" resultType="boolean">
        /* PromtnEventMapper.chkBestPrz*/
        SET TRANSACTION ISOLATION LEVEL READ UNCOMMITTED
        SELECT
            CASE WHEN EXISTS (
                SELECT 1
                FROM EV_PROMTN_GDL_BSKT EPGB
                WHERE 1=1
                  AND EPGB.PRZWIN_AMOUNT = 100000
                  AND ENTRPS_NO = #{entrpsNo})
                THEN 1
                ELSE 0
            END
    </select>

    <select id="isUsedNumber" parameterType="com.sorincorp.fo.ev.model.PromtnNewYearVO" resultType="boolean">
        /* PromtnEventMapper.isUsedNumber*/
        SET TRANSACTION ISOLATION LEVEL READ UNCOMMITTED
        SELECT
            CASE WHEN EXISTS (
                SELECT 1
                FROM EV_PROMTN_GDL_BSKT EPGB
                WHERE 1=1
                  AND PRZWNER_NUM IN (${przNum}))
                THEN 1
                ELSE 0
                END
    </select>
</mapper>