<?xml version="1.0" encoding="UTF-8"?>
<!DOCTYPE mapper PUBLIC "-//mybatis.org//DTD Mapper 3.0//EN" "http://mybatis.org/dtd/mybatis-3-mapper.dtd">

<mapper namespace="com.sorincorp.fo.bd.mapper.BddprListMapper">

	<sql id="selectBddpr">
		SELECT BBB.BID_PBLANC_ID 
			, BBB.METAL_CODE 
			, dbo.fn_getCodeNm('METAL_CODE', BBB.METAL_CODE) AS METAL_NM
			, BBB.ITM_SN
			, IIIB.DSPY_GOODS_NM
			, IIF(BBB.BRAND_CODE = '0000000000', 'ANY BRAND', BBB.BRAND_CODE) AS BRAND_CODE
			, BBB.BRAND_GROUP_CODE
			, ISNULL((SELECT CODE_DCTWO FROM CO_CMMN_CD WHERE MAIN_CODE = 'BRAND_GROUP_CODE'  AND SUB_CODE = BBB.BRAND_GROUP_CODE),'ANY BRAND') AS BRAND_GROUP_NM
			, BBB.DSTRCT_LCLSF_CODE
			, (SELECT CODE_DCTWO FROM CO_CMMN_CD WHERE MAIN_CODE = 'DSTRCT_LCLSF_CODE'  AND SUB_CODE = BBB.DSTRCT_LCLSF_CODE) AS DSTRCT_LCLSF_NM
			, BBB.BID_WT
			, BBB.BDDPR_BEGIN_DT
			, BBB.BDDPR_END_DT
			, BBB.BID_STTUS_CODE
			, BBB.PBLANC_CANCL_AT
			, BBD.BID_ENTRPS_NO 
			, BBD.OPENG_RANK_CN AS OPENG_RANK
			, BBD.BDDPR_DT
			, BBD.SCSBID_AT
			, BBD.CANCL_AT
			, BSD.JDGMN_STTUS_CODE
			, (BBD.DELY_CND_STDR_PC + BBD.CNVRS_PREMIUM_AMOUNT + BBD.BDDPR_PREMIUM_PC) AS BDDPR_PC
			, ISNULL(CCC.CODE_REFRNTHREE, 'https://sorincorp.blob.core.windows.net/secs/odflag/flag_mcht_default.png') AS NATION_FLAG_IMG_URL
			, (SELECT DOC_FILE_REAL_COURS FROM IT_ITM_INFO_BAS IIIB JOIN CO_DOC_BAS CDB ON DOC_NO = IIIB.PC_IMAGE_ONE_SN WHERE IIIB.ITM_SN = BBB.ITM_SN) AS PC_IMAGE_ONE_NM
		FROM BD_BID_BAS BBB
		LEFT JOIN BD_BDDPR_DTL BBD
			ON BBB.BID_PBLANC_ID = BBD.BID_PBLANC_ID
		LEFT JOIN IT_ITM_INFO_BAS IIIB
			ON BBB.ITM_SN = IIIB.ITM_SN
		LEFT JOIN IT_BRAND_INFO_BAS IBIB
			ON BBB.BRAND_CODE = IBIB.BRAND_CODE
		LEFT JOIN BD_SCSBID_DTL BSD
			ON BBD.BID_PBLANC_ID = BSD.BID_PBLANC_ID
		LEFT JOIN (SELECT * FROM CO_CMMN_CD WHERE MAIN_CODE = 'NATION_CODE' AND SUB_CODE != '@' AND USE_AT = 'Y' AND ISNULL(DELETE_AT, 'N') = 'N') CCC
		ON IBIB.NATION_CODE = CCC.SUB_CODE
	</sql>
	
	<sql id="selectBddprCnd">
		<if test="bidEntrpsNo != null and bidEntrpsNo != ''"> 																		<!--     입찰 업체 번호			-->
			AND BBD.BID_ENTRPS_NO = #{bidEntrpsNo}
		</if>
		<if test="pdSetup != null and pdSetup != '' and pdSetup == '공고일'">															<!--    기간조회 설정 (공고일)   -->
			<if test="searchDateFrom != null and searchDateFrom != '' and searchDateTo != null and searchDateTo != ''">		
				AND LEFT(BBB.BDDPR_BEGIN_DT, 8) BETWEEN REPLACE(#{searchDateFrom}, '-', '') AND REPLACE(#{searchDateTo}, '-', '')
			</if>
		</if>
		<if test="pdSetup != null and pdSetup != '' and pdSetup == '마감일'">														  	<!--    기간조회 설정 (마감일)   -->
			<if test="searchDateFrom != null and searchDateFrom != '' and searchDateTo != null and searchDateTo != ''">	
				AND LEFT(BBB.BDDPR_END_DT, 8) BETWEEN REPLACE(#{searchDateFrom}, '-', '') AND REPLACE(#{searchDateTo}, '-', '')
			</if>
		</if> 
		<if test="pageStatus == 'bddprTab'">																						<!--     	투찰 건			-->
            AND BBB.BID_STTUS_CODE IN ('13','20','21')
        </if>
	    <if test="pageStatus == 'scsbidTab'">																						<!--     	낙찰 건			-->
            AND BBB.BID_STTUS_CODE IN ('22', '23', '31')
        </if>

        <if test="pageStatus == 'loseTab'">																							<!--     	패찰 건			-->
            AND BBB.BID_STTUS_CODE = '31'
        </if>
        <if test="pageStatus == 'failTab'">																							<!--     	유찰 건			-->
            AND BBB.BID_STTUS_CODE = '32'
        </if>
        
        <if test="canclAt != null and canclAt != ''">																				<!--     	취소 여부			-->
			AND BBD.CANCL_AT = #{canclAt}
		</if>
		<if test="scsbidAt != null and scsbidAt != ''">																				<!--     	낙찰 여부			-->
			AND BBD.SCSBID_AT = #{scsbidAt}
		</if>
	</sql>
	
	<select id="selectBddprList" parameterType="com.sorincorp.fo.bd.model.BddprListVO" resultType="com.sorincorp.fo.bd.model.BddprListVO">
		<include refid="selectBddpr"></include>
		WHERE 1=1
			AND BBB.DELETE_AT = 'N'
			<include refid="selectBddprCnd"></include>
		ORDER BY BBD.BDDPR_DT DESC
	</select>
	
	<select id="selectBddprListTotcnt" parameterType="com.sorincorp.fo.bd.model.BddprListVO" resultType="int">
		/* BddprListMapper.selectBddprListTotcnt */
		SET TRANSACTION ISOLATION LEVEL READ UNCOMMITTED
		SELECT COUNT(*) totalCount
		FROM BD_BID_BAS BBB
		LEFT JOIN BD_BDDPR_DTL BBD
			ON BBB.BID_PBLANC_ID = BBD.BID_PBLANC_ID
		LEFT JOIN IT_ITM_INFO_BAS IIIB
			ON BBB.ITM_SN = IIIB.ITM_SN
		LEFT JOIN IT_BRAND_INFO_BAS IBIB
			ON BBB.BRAND_CODE = IBIB.BRAND_CODE
		LEFT JOIN BD_SCSBID_DTL BSD
			ON BBD.BID_PBLANC_ID = BSD.BID_PBLANC_ID
		LEFT JOIN (SELECT * FROM CO_CMMN_CD WHERE MAIN_CODE = 'NATION_CODE' AND SUB_CODE != '@' AND USE_AT = 'Y' AND ISNULL(DELETE_AT, 'N') = 'N') CCC
		ON IBIB.NATION_CODE = CCC.SUB_CODE
		WHERE 1=1
			AND BBB.DELETE_AT = 'N'
			<include refid="selectBddprCnd"></include>
	</select>
	
	<select id="selectBddprCnt" resultType="com.sorincorp.fo.bd.model.BddprListVO">
		/* BddprListMapper.selectBddprCnt */
		SET TRANSACTION ISOLATION LEVEL READ UNCOMMITTED
		SELECT ISNULL(SUM(CASE WHEN BDDPR.BID_STTUS_CODE IN ('13','20','21') AND BDDPR.CANCL_AT = 'N' AND BDDPR.SCSBID_AT = 'N' THEN 1 ELSE 0 END), 0) AS BDDPR_CNT
		, ISNULL(SUM(CASE WHEN BDDPR.BID_STTUS_CODE IN ('22', '23', '31') AND BDDPR.CANCL_AT = 'N' AND BDDPR.SCSBID_AT = 'Y' THEN 1 ELSE 0 END), 0) AS SCSBID_CNT
		, ISNULL(SUM(CASE WHEN BDDPR.BID_STTUS_CODE = '31' AND BDDPR.CANCL_AT = 'N' AND BDDPR.SCSBID_AT = 'N' THEN 1 ELSE 0 END), 0) AS LOSE_CNT
		, ISNULL(SUM(CASE WHEN BDDPR.BID_STTUS_CODE = '32' AND BDDPR.CANCL_AT = 'N' AND BDDPR.SCSBID_AT = 'N' THEN 1 ELSE 0 END), 0) AS CANCL_CNT
		FROM (
			<include refid="selectBddpr"></include>
			WHERE 1=1
				AND BBB.DELETE_AT = 'N'
		) AS BDDPR
		WHERE 1=1
			<if test="bidEntrpsNo != null and bidEntrpsNo != ''">																	<!--     입찰 업체 번호			-->
				AND BDDPR.BID_ENTRPS_NO = #{bidEntrpsNo}
			</if>
	</select>
	
</mapper>