<?xml version="1.0" encoding="UTF-8"?>
<!DOCTYPE mapper PUBLIC "-//mybatis.org//DTD Mapper 3.0//EN" "http://mybatis.org/dtd/mybatis-3-mapper.dtd">

<mapper namespace="com.sorincorp.fo.bd.mapper.BdFaqMapper">
	<select id="selectFaqList" parameterType="com.sorincorp.fo.bd.model.BdFaqVO" resultType="com.sorincorp.fo.bd.model.BdFaqVO">
 	<![CDATA[
			/* SQL-ID: BdFaqMapper.selectFaqList */
			SET TRANSACTION ISOLATION LEVEL READ UNCOMMITTED
			SELECT
				FAQ_NO,																							/* FAQ 번호		   				*/
				FAQ_JOB_SE_CODE,																				/* FAQ 업무 구분 코드				*/
				(SELECT CODE_DCTWO FROM CO_CMMN_CD WHERE MAIN_CODE = 'BID_FAQ_SE_CODE'  AND SUB_CODE = FAQ_JOB_SE_CODE) AS FAQ_JOB_SE_CODE_NM,						/* FAQ 업무 구분 코드명				*/
				FAQ_QESTN,																						/* FAQ 질문						*/
				FAQ_ANSWER,																						/* FAQ 답변						*/
				FAQ_EXPSR_AT,																					/* FAQ 노출 여부					*/
				FAQ_ORDR,																						/* FAQ 순서						*/
				DELETE_AT,																						/* 삭제 여부						*/
				CONVERT(CHAR(10), DELETE_DT, 23) AS DELETE_DT,													/* 삭제 일시						*/
				FRST_REGISTER_ID,																				/* 최초 등록자 아이디					*/
				CONVERT(CHAR(10), FRST_REGIST_DT, 23) AS FRST_REGIST_DT,										/* 최초 등록 일시					*/
				LAST_CHANGER_ID,																				/* 최종 변경자 아이디					*/
				CONVERT(CHAR(10), LAST_CHANGE_DT, 23) AS LAST_CHANGE_DT 										/* 최종 변경 일시					*/
			FROM
				(
					SELECT row_number() OVER(ORDER BY FAQ_ORDR DESC, FRST_REGIST_DT DESC) AS ROWNUM, *
					FROM BD_FAQ_BAS
					WHERE 1=1
						AND DELETE_AT = 'N'																		/* 삭제 여부						*/
						AND FAQ_EXPSR_AT = 'Y'                          										/* FAQ 노출 여부					*/
 	]]>
				<if test="searchCondition1 != null and searchCondition1 != ''"> 								<!--  	업무 구분 코드 설정 		-->
	                AND FAQ_JOB_SE_CODE = #{searchCondition1}
	            </if>
	 			<if test="searchKeyword1 != null and searchKeyword1 != ''"> 									<!--  		검색어 설정 		-->
					AND (FAQ_QESTN LIKE '%' + #{searchKeyword1} + '%' OR FAQ_ANSWER LIKE '%' + #{searchKeyword1} + '%')
				</if>
				) o
			WHERE 1=1
		    <if test="excelYn neq 'Y'.toString()">
          		AND o.ROWNUM between #{pageIndex} and #{rowCountPerPage}
        	</if>
			ORDER BY ROWNUM ASC
	</select>

	<select id="selectFaqListTotCnt" parameterType="com.sorincorp.fo.bd.model.BdFaqVO" resultType="int">
	<![CDATA[
			/* SQL-ID: BdFaqMapper.selectFaqListTotCnt */
			SET TRANSACTION ISOLATION LEVEL READ UNCOMMITTED
			SELECT COUNT(*) totalcount
			FROM BD_FAQ_BAS
			WHERE 1=1
			AND DELETE_AT    = 'N'																				/* 삭제 여부						*/
			AND FAQ_EXPSR_AT = 'Y'                         														/* FAQ 노출 여부					*/
	]]>
			<if test="searchCondition1 != null and searchCondition1 != ''">  <!--  	업무 구분 코드 설정 		-->
                AND FAQ_JOB_SE_CODE = #{searchCondition1}
            </if>
 			<if test="searchKeyword1 != null and searchKeyword1 != ''">		<!--  		검색어 설정 		-->
				AND (FAQ_QESTN LIKE '%' + #{searchKeyword1} + '%' OR FAQ_ANSWER LIKE '%' + #{searchKeyword1} + '%')
			</if>
	</select>

	<select id="selectDocInfoList" parameterType="int" resultType="com.sorincorp.comm.filedoc.model.FileDocVO">
		/******  SELECT : CO_DOC_BAS(공통_문서 기본)                                                                                     ******/
		SET TRANSACTION ISOLATION LEVEL READ UNCOMMITTED
		SELECT
			   B.DOC_NO																							/* 문서 번호                     	*/
			 , B.JOB_SE_CODE																					/* 업무 구분 코드                	*/
			 , B.DOC_FILE_NM																					/* 문서 파일 명                  	*/
			 , B.DOC_FILE_COURS																					/* 문서 파일 경로                	*/
			 , B.DOC_FILE_REAL_COURS																			/* 문서 파일 실제 경로           		*/
			 , B.DELETE_AT                                                                                 		/* 삭제 여부						*/
			 , B.DELETE_DT                                                                                 		/* 삭제 일시						*/
			 , B.FRST_REGISTER_ID                                                                          		/* 최초 등록자 아이디					*/
			 , B.FRST_REGIST_DT                                                                            		/* 최초 등록 일시					*/
			 , B.LAST_CHANGER_ID                                                                           		/* 최종 변경자 아이디					*/
			 , B.LAST_CHANGE_DT                                                                           		/* 최종 변경 일시					*/
			 , B.DOC_FILE_MG                                                                               		/* 문서 파일 크기					*/
		  FROM OP_FAQ_ATCHMNFL_BAS A, dbo.CO_DOC_BAS AS B                                                  		/* 공통_문서 기본					*/
		 WHERE 1=1
		   AND A.DOC_NO = B.DOC_NO
		   AND A.FAQ_NO = #{faqNo}
		   AND ISNULL(A.DELETE_AT, 'N')						= 'N'										 		/* 삭제 여부						*/
		   AND ISNULL(B.DELETE_AT, 'N')						= 'N'										 		/* 삭제 여부						*/
	</select>
	
	<select id="showFaq" parameterType="com.sorincorp.fo.bd.model.BdFaqVO" resultType="com.sorincorp.fo.bd.model.BdFaqVO">

		SELECT
		TOP 4
		FAQ_NO
		, FAQ_QESTN
	
		FROM BD_FAQ_BAS
		WHERE 1=1
		AND DELETE_AT = 'N'
		AND FAQ_EXPSR_AT = 'Y'
		ORDER BY FAQ_NO DESC
	
	</select>
</mapper>