<!DOCTYPE mapper PUBLIC "-//mybatis.org//DTD Mapper 3.0//EN" "http://mybatis.org/dtd/mybatis-3-mapper.dtd">

<mapper namespace="com.sorincorp.fo.bd.mapper.BdIntrstPblancMapper">
	
	<insert id="insertIntrstPblanc">
		/* BdIntrstPblancMapper.insertIntrstPblanc */
		MERGE INTO dbo.BD_INTRST_DTL AS BID
		USING (
			SELECT #{bidEntrpsNo} AS BID_ENTRPS_NO, #{bidPblancId} AS BID_PBLANC_ID
		) AS BBID
		ON (BID.BID_ENTRPS_NO = BBID.BID_ENTRPS_NO AND BID.BID_PBLANC_ID = BBID.BID_PBLANC_ID)
		WHEN MATCHED THEN
			UPDATE SET
				DELETE_AT = #{deleteAt}
				, DELETE_DT = NULL
				, LAST_CHANGER_ID = #{lastChangerId}
				, LAST_CHANGE_DT = GETDATE()
		WHEN NOT MATCHED THEN
			INSERT 
			(
		       BID_ENTRPS_NO                                                                                 /* 입찰 업체 번호                	*/
		     , BID_PBLANC_ID                                                                                 /* 입찰 공고 아이디              	*/
		     , DELETE_AT                                                                                     /* 삭제 여부                     */
		     , DELETE_DT                                                                                     /* 삭제 일시                     */
		     , FRST_REGISTER_ID                                                                              /* 최초 등록자 아이디            	*/
		     , FRST_REGIST_DT                                                                                /* 최초 등록 일시                	*/
		     , LAST_CHANGER_ID                                                                               /* 최종 변경자 아이디            	*/
		     , LAST_CHANGE_DT                                                                                /* 최종 변경 일시                	*/
		     ) 
			VALUES
		     (
		       #{bidEntrpsNo}                                                                                /* 입찰 업체 번호                	*/
		     , #{bidPblancId}                                                                                /* 입찰 공고 아이디              	*/
		     , #{deleteAt}                                                                                   /* 삭제 여부                     */
		     , #{deleteDt}                                                                                   /* 삭제 일시                     */
		     , #{frstRegisterId}                                                                             /* 최초 등록자 아이디            	*/
		     , GETDATE()                                                                               		 /* 최초 등록 일시                	*/
		     , #{lastChangerId}                                                                              /* 최종 변경자 아이디            	*/
		     , GETDATE()                                                                               		 /* 최종 변경 일시                	*/
		     )
		;
		
	</insert>
	
	<update id="updateIntrstEntrpsQyPlus" parameterType="com.sorincorp.fo.bd.mapper.BdIntrstPblancMapper">
		/* BdIntrstPblancMapper.updateIntrstEntrpsQyPlus */
		UPDATE dbo.BD_BID_BAS 
		SET
				INTRST_ENTRPS_QY = INTRST_ENTRPS_QY + 1
		  	  , LAST_CHANGER_ID = #{lastChangerId}
		  	  , LAST_CHANGE_DT = GETDATE()
		WHERE 1=1
			AND DELETE_AT										  =	'N'
			AND BID_PBLANC_ID							 		  =	#{bidPblancId}                             /* 입찰 공고 아이디              */
	</update>
	
	<update id="deleteIntrstPblanc" parameterType="com.sorincorp.fo.bd.mapper.BdIntrstPblancMapper">
		/* BdIntrstPblancMapper.deleteIntrstPblanc */
		UPDATE dbo.BD_INTRST_DTL                                                                              /* 입찰_관심 상세                */
		   SET
				DELETE_AT                                        = #{deleteAt}                                /* 삭제 여부                    */
			  , DELETE_DT                                        = GETDATE()                                  /* 삭제 일시                    */
			  , LAST_CHANGER_ID                                  = #{lastChangerId}                           /* 최종 변경자 아이디            	*/
			  , LAST_CHANGE_DT                                   = GETDATE()                            	  /* 최종 변경 일시                	*/
		WHERE 1=1
			AND BID_ENTRPS_NO                                    = #{bidEntrpsNo}                             /* 입찰 업체 번호                	*/
			AND BID_PBLANC_ID                                    = #{bidPblancId}                             /* 입찰 공고 아이디              	*/
	</update>
	
	<update id="updateIntrstEntrpsQyMinus" parameterType="com.sorincorp.fo.bd.mapper.BdIntrstPblancMapper">
		/* BdIntrstPblancMapper.updateIntrstEntrpsQyMinus */
		UPDATE dbo.BD_BID_BAS 
		SET
				INTRST_ENTRPS_QY = INTRST_ENTRPS_QY - 1
		  	  , LAST_CHANGER_ID = #{lastChangerId}
		  	  , LAST_CHANGE_DT = GETDATE()
		WHERE 1=1
			AND DELETE_AT										  =	'N'
			AND BID_PBLANC_ID							 		  =	#{bidPblancId}                             /* 입찰 공고 아이디              */
	</update>
	
	<select id="selectIntrstPblancList" parameterType="com.sorincorp.fo.bd.model.BdIntrstPblancVO" resultType="com.sorincorp.fo.bd.model.BdIntrstPblancVO">
		/* BdIntrstPblancMapper.selectIntrstPblancList */
		SELECT *
		FROM BD_INTRST_DTL BID
		LEFT JOIN (
				SELECT BBB.BID_PBLANC_ID 
				, BBB.METAL_CODE 
				, dbo.fn_getCodeNm('METAL_CODE', BBB.METAL_CODE) AS METAL_NM
				, BBB.ITM_SN
				, IIIB.DSPY_GOODS_NM
				, IIF(BBB.BRAND_CODE = '0000000000', 'ANY BRAND', BBB.BRAND_CODE) AS BRAND_CODE
				, BBB.BRAND_GROUP_CODE
				, ISNULL((SELECT CODE_DCTWO FROM CO_CMMN_CD WHERE MAIN_CODE = 'BRAND_GROUP_CODE'  AND SUB_CODE = BBB.BRAND_GROUP_CODE),'ANY BRAND') AS BRAND_GROUP_NM
				, BBB.DSTRCT_LCLSF_CODE
				, (SELECT CODE_DCTWO FROM CO_CMMN_CD WHERE MAIN_CODE = 'DSTRCT_LCLSF_CODE'  AND SUB_CODE = BBB.DSTRCT_LCLSF_CODE) AS DSTRCT_LCLSF_NM
				, BBB.BID_WT
				, BBB.BDDPR_BEGIN_DT
				, BBB.BDDPR_END_DT
				, ISNULL(CCC.CODE_REFRNTHREE, 'https://sorincorp.blob.core.windows.net/secs/odflag/flag_mcht_default.png') AS NATION_FLAG_IMG_URL
				, (SELECT DOC_FILE_REAL_COURS FROM IT_ITM_INFO_BAS IIIB JOIN CO_DOC_BAS CDB ON DOC_NO = IIIB.PC_IMAGE_ONE_SN WHERE IIIB.ITM_SN = BBB.ITM_SN) AS PC_IMAGE_ONE_NM
				, BBB.PARTCPTN_ENTRPS_QY
				, BBB.INTRST_ENTRPS_QY
				, BBB.DSPY_AT 
				, BBB.BID_STTUS_CODE
			FROM dbo.BD_BID_BAS BBB
			LEFT JOIN IT_ITM_INFO_BAS IIIB
			ON BBB.ITM_SN = IIIB.ITM_SN
			LEFT JOIN IT_BRAND_INFO_BAS IBIB
			ON BBB.BRAND_CODE = IBIB.BRAND_CODE
			LEFT JOIN (SELECT * FROM CO_CMMN_CD WHERE MAIN_CODE = 'NATION_CODE' AND SUB_CODE != '@' AND USE_AT = 'Y' AND ISNULL(DELETE_AT, 'N') = 'N') CCC
			ON IBIB.NATION_CODE = CCC.SUB_CODE
			WHERE 1=1
				AND BBB.DELETE_AT = 'N'
		) AS BBBT
		ON BID.BID_PBLANC_ID = BBBT.BID_PBLANC_ID
		WHERE 1=1
			AND BID.BID_ENTRPS_NO                                = #{bidEntrpsNo}                             /* 입찰 업체 번호                	 */
		    AND BID.DELETE_AT                                	 = 'N'                                		  /* 삭제 여부                     	*/
			AND BBBT.DSPY_AT 									= 'Y'										  /* 전시 여부                     	*/
			AND BBBT.BID_STTUS_CODE IN ('12', '13')															  /* 입찰 상태 코드                     */
	</select>
	
	<select id="selectIntrstPblancCnt" parameterType="com.sorincorp.fo.bd.model.BdIntrstPblancVO" resultType="int">
		/* BdIntrstPblancMapper.selectIntrstPblancCnt */
		SELECT COUNT(*) CNT
		FROM BD_INTRST_DTL BID
		LEFT JOIN (
				SELECT BBB.BID_PBLANC_ID 
				, BBB.METAL_CODE 
				, dbo.fn_getCodeNm('METAL_CODE', BBB.METAL_CODE) AS METAL_NM
				, BBB.ITM_SN
				, IIIB.GOODS_NM
				, BBB.BRAND_CODE
				, BBB.BRAND_GROUP_CODE
				, ISNULL((SELECT CODE_DCTWO FROM CO_CMMN_CD WHERE MAIN_CODE = 'BRAND_GROUP_CODE'  AND SUB_CODE = BBB.BRAND_GROUP_CODE),'ANY BRAND') AS BRAND_GROUP_NM
				, BBB.DSTRCT_LCLSF_CODE
				, (SELECT CODE_DCTWO FROM CO_CMMN_CD WHERE MAIN_CODE = 'DSTRCT_LCLSF_CODE'  AND SUB_CODE = BBB.DSTRCT_LCLSF_CODE) AS DSTRCT_LCLSF_NM
				, BBB.BID_WT
				, BBB.BDDPR_BEGIN_DT
				, BBB.BDDPR_END_DT
				, ISNULL(CCC.CODE_REFRNTHREE, 'https://sorincorp.blob.core.windows.net/secs/odflag/flag_mcht_default.png') AS NATION_FLAG_IMG_URL
				, (SELECT DOC_FILE_REAL_COURS FROM IT_ITM_INFO_BAS IIIB JOIN CO_DOC_BAS CDB ON DOC_NO = IIIB.PC_IMAGE_ONE_SN WHERE IIIB.ITM_SN = BBB.ITM_SN) AS PC_IMAGE_ONE_NM
				, BBB.PARTCPTN_ENTRPS_QY
				, BBB.INTRST_ENTRPS_QY
				, BBB.DSPY_AT 
				, BBB.BID_STTUS_CODE
			FROM dbo.BD_BID_BAS BBB
			LEFT JOIN IT_ITM_INFO_BAS IIIB
			ON BBB.ITM_SN = IIIB.ITM_SN
			LEFT JOIN IT_BRAND_INFO_BAS IBIB
			ON BBB.BRAND_CODE = IBIB.BRAND_CODE
			LEFT JOIN (SELECT * FROM CO_CMMN_CD WHERE MAIN_CODE = 'NATION_CODE' AND SUB_CODE != '@' AND USE_AT = 'Y' AND ISNULL(DELETE_AT, 'N') = 'N') CCC
			ON IBIB.NATION_CODE = CCC.SUB_CODE
			WHERE 1=1
				AND BBB.DELETE_AT = 'N'
		) AS BBBT
		ON BID.BID_PBLANC_ID = BBBT.BID_PBLANC_ID
		WHERE 1=1
		   AND BID.BID_ENTRPS_NO                                = #{bidEntrpsNo}                              /* 입찰 업체 번호                	 	*/
		   AND BID.DELETE_AT                                	= 'N'                                		  /* 삭제 여부                     	*/
		   AND BBBT.DSPY_AT 									= 'Y'										  /* 전시 여부                     	*/
		   AND BBBT.BID_STTUS_CODE IN ('12', '13')															  /* 입찰 상태 코드                     */
	</select>
	
	
</mapper>