<!DOCTYPE mapper PUBLIC "-//mybatis.org//DTD Mapper 3.0//EN" "http://mybatis.org/dtd/mybatis-3-mapper.dtd">

<mapper namespace="com.sorincorp.fo.bd.mapper.BdMyInfoMngMapper">

	<select id="selectMyInfoMngDtl" parameterType="com.sorincorp.fo.bd.model.BdMyInfoMngVO" resultType="com.sorincorp.fo.bd.model.BdMyInfoMngVO">
		/* BdMyInfoMngMapper.selectMyInfoMngDtl */
		SET TRANSACTION ISOLATION LEVEL READ UNCOMMITTED
		SELECT BID_ENTRPS_NO
			, BID_MBER_ID
			, BID_MBER_SECRET_NO
			, ENTRPS_NM
			, BSNM_REGIST_NO
			, BID_MBER_EMAIL
			, MOBLPHON_NO2
			, ADIT_IEM
			, VRSC_ENTRPS_NM
			, VRSC_BSNM_REGIST_NO
			, VRSC_BID_MBER_EMAIL
			, VRSC_MOBLPHON_NO
			, ADIT_IEM2
		    , ENTRPS_TLPHON_NO
		    , VRSC_TLPHON_NO
			, POST_NO
			, ADRES
			, DETAIL_ADRES
			, RN_ADRES
			, RN_DETAIL_ADRES
			, BSNM_REGIST_DOC_NO1
			, BSNM_REGIST_DOC_NO2
		FROM BD_ENTRPS_INFO_BAS
		WHERE 1=1
			AND BID_ENTRPS_NO = #{bidEntrpsNo}																	<!--     입찰 업체 번호				-->
	</select>

	<update id="updateMoblphonNo" parameterType="com.sorincorp.fo.bd.model.BdMyInfoMngVO">
		/* BdMyInfoMngMapper.updateMoblphonNo */
		SET TRANSACTION ISOLATION LEVEL READ UNCOMMITTED
		UPDATE BD_ENTRPS_INFO_BAS
		SET 
		<if test="modalId == 'sorinModalAlert1' and modalId != null and modalId != ''">
			CHANGE_MOBLPHON_NO2 = #{changeMoblphonNo2}															<!--     변경 휴대폰 번호			-->
			, ADIT_IEM = '회사 기본 정보 > 휴대폰 번호'																<!--     추가 항목				-->
			, ADIT_IEM2 = #{aditIem2}																			<!--     추가 항목2				-->
		</if>
		<if test="modalId == 'sorinModalAlert2' and modalId != null and modalId != ''">
			CHANGE_VRSC_MOBLPHON_NO = #{changeVrscMoblphonNo}													<!--     변경 대행 휴대폰 번호		-->
			, ADIT_IEM = '입찰 대리인 > 휴대폰 번호'																	<!--     추가 항목				-->
			, ADIT_IEM2 = #{aditIem2}																			<!--     추가 항목2				-->
		</if>		
			, BID_MBER_STTUS_CODE = '03'																		<!--     입찰 회원 상태 코드			-->		
			, BID_CONFM_STTUS_CODE = '01'																		<!--     입찰 승인 상태 코드			-->
			, BID_CONFM_DETAIL_STTUS_CODE = '02' 																<!--     입찰 승인 상세 상태 코드		-->
			, CHANGE_CONFM_REQUST_DT = GETDATE()																<!--     변경 승인 요청 일시			-->
		WHERE BID_MBER_ID = #{bidMberId}																		<!--     입찰 업체 번호				-->
	</update>

	<select id="selectDocNo" parameterType="java.lang.String" resultType="com.sorincorp.comm.filedoc.model.FileDocVO">
		/******  SELECT : CO_DOC_BAS(공통_문서 기본) ******/
		SELECT
			DOC_NO                                                                                   /* 문서 번호					*/
			 , JOB_SE_CODE                                                                              /* 업무 구분 코드           	*/
			 , DOC_FILE_NM                                                                              /* 문서 파일 명            		*/
			 , DOC_FILE_COURS                                                                           /* 문서 파일 경로           	*/
			 , DOC_FILE_REAL_COURS                                                                      /* 문서 파일 실제 경로       		*/
			 , DELETE_AT                                                                                /* 삭제 여부              		*/
			 , DELETE_DT                                                                                /* 삭제 일시              		*/
			 , FRST_REGISTER_ID                                                                         /* 최초 등록자 아이디        		*/
			 , FRST_REGIST_DT                                                                           /* 최초 등록 일시           	*/
			 , LAST_CHANGER_ID                                                                          /* 최종 변경자 아이디        		*/
			 , LAST_CHANGE_DT                                                                           /* 최종 변경 일시           	*/
			 , DOC_FILE_MG                                                                              /* 문서 파일 크기           	*/
		FROM dbo.CO_DOC_BAS AS CDB
		WHERE 1=1
		  AND DOC_NO 			= #{docNo}																	/* 문서 번호					*/
		  AND DELETE_AT 		= 'N'																 		/* 삭제 여부					*/
	</select>
</mapper>