<?xml version="1.0" encoding="UTF-8"?>
<!DOCTYPE mapper PUBLIC "-//mybatis.org//DTD Mapper 3.0//EN" "http://mybatis.org/dtd/mybatis-3-mapper.dtd">

<mapper namespace="com.sorincorp.fo.bd.mapper.BdNoticeMapper">
<!--공지사항 목록을 조회한다. -->
	<select id="searchListNotice" parameterType="com.sorincorp.fo.bd.model.BdNoticeVO" resultType="com.sorincorp.fo.bd.model.BdNoticeVO">
		/* BdNoticeMapper.searchListNotice*/
		SET TRANSACTION ISOLATION LEVEL READ UNCOMMITTED
		SELECT
		ROWNUM
		, NOTICE_NO                                                        /* 공지사항 번호 */
		, NOTICE_SJ                                                        /* 공지사항 제목 */
		, NOTICE_CN                                                        /* 공지사항 내용 */
		, NOTICE_UPENDEXPSR_AT                                             /* 공지사항 상단노출 여부 */
		, NOTICE_UPENDEXPSR_BGNDE                                          /* 공지사항 상단노출 시작일 */
		, NOTICE_UPENDEXPSR_ENDDE                                          /* 공지사항 상단노출 종료일 */
		, NOTICE_MAINPOPUP_AT                                              /* 공지사항 메인팝업 여부 */
		, NOTICE_MAINPOPUP_BGNDE                                           /* 공지사항 메인팝업 시작일 */
		, NOTICE_MAINPOPUP_ENDDE                                           /* 공지사항 메인팝업 종료일 */
		, USE_AT                                                           /* 사용 여부 */
		, DELETE_AT                                                        /* 삭제 여부 */
		, DELETE_DT                                                        /* 삭제 일시 */
		, FRST_REGISTER_ID                                                 /* 최초 등록자 아이디 */
		, FRST_REGIST_DT                                                   /* 최초 등록 일시 */
		, LAST_CHANGER_ID                                                  /* 최종 변경자 아이디 */
		, LAST_CHANGE_DT                                                   /* 최종 변경 일시 */
		FROM (
		SELECT ROW_NUMBER() OVER(ORDER BY FRST_REGIST_DT DESC) AS ROWNUM, *
		FROM (
		SELECT *
		FROM BD_NOTICE_BAS
		WHERE 1=1
		AND DELETE_AT = 'N'
		<if test="searchKeyword != null and searchKeyword != ''">
			AND(NOTICE_SJ LIKE '%' + #{searchKeyword} + '%' OR NOTICE_CN LIKE '%' +
			#{searchKeyword} + '%')
		</if>
		)x
		) o
		WHERE o.ROWNUM between #{pageIndex} and #{rowCountPerPage}
		ORDER BY
		ROWNUM
	</select>
<!--공지사항 목록 총개수를 조회한다. -->
	<select id="selectNoticeListTotcnt" resultType="int">
	/* BdNoticeMapper.selectNoticeListTotcnt*/
		SET TRANSACTION ISOLATION LEVEL READ
		
		UNCOMMITTED
		SELECT COUNT(*) totalcount
		FROM (
		SELECT ROW_NUMBER() OVER(ORDER BY FRST_REGIST_DT DESC) AS ROWNUM, *
		FROM (
		SELECT *
		FROM BD_NOTICE_BAS
		WHERE 1=1
		AND DELETE_AT = 'N'
		<if test="searchKeyword != null and searchKeyword != ''">
			AND(NOTICE_SJ LIKE '%' + #{searchKeyword} + '%' OR NOTICE_CN LIKE '%' +
			#{searchKeyword} + '%')
		</if>
		)x
		) o
</select>
<!-- 필독으로 설정된 공지사항 목록을 조회한다. -->
	<select id="selectListNoticeUpendexpsr"
	resultType="com.sorincorp.fo.bd.model.BdNoticeVO">
		/* BdNoticeMapper.selectListNoticeUpendexpsr*/
		SET TRANSACTION
		ISOLATION LEVEL READ UNCOMMITTED
		SELECT
			0 AS GROUP_NO 
			, NOTICE_NO                                                       /* 공지사항 번호 */
			, NOTICE_SJ                                                       /* 공지사항 제목 */
			, NOTICE_CN                                                       /* 공지사항 내용 */
			,NOTICE_UPENDEXPSR_AT                                             /* 공지사항 상단노출 여부 */
			, NOTICE_UPENDEXPSR_BGNDE                                         /*공지사항 상단노출 시작일 */
			, NOTICE_UPENDEXPSR_ENDDE                                         /* 공지사항 상단노출 종료일 */
			,NOTICE_MAINPOPUP_AT                                              /* 공지사항 메인팝업 여부 */
			, NOTICE_MAINPOPUP_BGNDE                                          /* 공지사항 메인팝업 시작일 */
			, NOTICE_MAINPOPUP_ENDDE                                          /* 공지사항 메인팝업 종료일 */
			, USE_AT                                                          /* 사용 여부 */
			, DELETE_AT                                                       /* 삭제 여부 */
			, DELETE_DT                                                       /* 삭제 일시 */
			, FRST_REGISTER_ID                                                /* 최초 등록자 아이디 */
			, FRST_REGIST_DT                                                  /* 최초 등록 일시 */
			, LAST_CHANGER_ID                                                 /* 최종변경자 아이디 */
			, LAST_CHANGE_DT                                                  /* 최종 변경 일시 */
			, 0 AS PRE_NOTICE_NO
			, 0 AS
		NEXT_NOTICE_NO
		, 1 AS NOTICE_AT
		FROM (
		SELECT * FROM BD_NOTICE_BAS
		WHERE
		1=1
		AND DELETE_AT = 'N'
		AND ((SELECT GETDATE()) BETWEEN (SELECT
		CONVERT(DATETIME,
		NOTICE_UPENDEXPSR_BGNDE, 112))
		AND (SELECT
		CONVERT(DATETIME, NOTICE_UPENDEXPSR_ENDDE, 112))
		AND
		NOTICE_UPENDEXPSR_AT = 'Y')
		) o
		ORDER BY FRST_REGIST_DT DESC
		</select>
<!-- 공지사항 목록 총개수를 조회한다. -->
	<select id="selectNotice"
		parameterType="com.sorincorp.fo.bd.model.BdNoticeVO"
		resultType="com.sorincorp.fo.bd.model.BdNoticeVO">
			/* BdNoticeMapper.selectNotice*/
			SET TRANSACTION ISOLATION LEVEL READ
			UNCOMMITTED
			SELECT
			NOTICE_NO /* 공지사항 번호 */
			, ISNULL(( SELECT TOP 1
			NOTICE_NO FROM BD_NOTICE_BAS
			     <![CDATA[	 WHERE NOTICE_NO = (SELECT MAX(NOTICE_NO) FROM BD_NOTICE_BAS onb WHERE NOTICE_NO < #{noticeNo} AND DELETE_AT = 'N' ]]>
			<if test="searchKeyword != null and searchKeyword != ''">
				AND (NOTICE_SJ LIKE '%' + #{searchKeyword} + '%' OR NOTICE_CN LIKE '%' +
				#{searchKeyword} + '%')
			</if>
			)),0) AS PRE_NOTICE_NO /* 이전 공지사항 번호 */
			, ISNULL(( SELECT TOP 1 NOTICE_NO FROM BD_NOTICE_BAS
			     <![CDATA[	 WHERE NOTICE_NO = (SELECT MIN(NOTICE_NO) FROM BD_NOTICE_BAS onb WHERE NOTICE_NO > #{noticeNo} AND DELETE_AT = 'N' ]]>
			<if test="searchKeyword != null and searchKeyword != ''">
				AND (NOTICE_SJ LIKE '%' + #{searchKeyword} + '%' OR NOTICE_CN LIKE '%' +
				#{searchKeyword} + '%')
			</if>
			)),0) AS NEXT_NOTICE_NO                                        /* 이전 공지사항 번호 */
			, NOTICE_SJ                                                    /* 공지사항 제목 */
			, NOTICE_CN                                                    /* 공지사항 내용 */
			, NOTICE_UPENDEXPSR_AT                                         /* 공지사항 상단노출 여부 */
			, NOTICE_UPENDEXPSR_BGNDE                                      /* 공지사항 상단노출 시작일 */
			, NOTICE_UPENDEXPSR_ENDDE                                      /* 공지사항 상단노출 종료일 */
			, NOTICE_MAINPOPUP_AT                                          /* 공지사항 메인팝업 여부 */
			, NOTICE_MAINPOPUP_BGNDE                                       /* 공지사항 메인팝업 시작일 */
			, NOTICE_MAINPOPUP_ENDDE                                       /* 공지사항 메인팝업 종료일 */
			, FO_IMAGE_DOC_NO                                              /* FO 이미지 문서 번호 */
			, MO_IMAGE_DOC_NO                                              /* MO 이미지 문서 번호 */
			, USE_AT                                                       /* 사용 여부 */
			, DELETE_AT                                                    /* 삭제 여부 */
			, DELETE_DT                                                    /* 삭제 일시 */
			, FRST_REGISTER_ID                                             /* 최초 등록자 아이디 */
			, FRST_REGIST_DT                                               /* 최초 등록 일시 */
			, LAST_CHANGER_ID                                              /* 최종 변경자 아이디 */
			, LAST_CHANGE_DT                                               /* 최종 변경 일시 */
			FROM dbo.BD_NOTICE_BAS
			WHERE 1=1
			AND NOTICE_NO = #{noticeNo}
			AND DELETE_AT = 'N'
	</select>
<!--공지사항 첨부파일 목록을 조회한다.  -->
	<select id="selectListNoticeAtchmnfl"
		parameterType="com.sorincorp.fo.bd.model.BdNoticeVO"
		resultType="com.sorincorp.fo.bd.model.BdNoticeVO">
		/* BdNoticeMapper.selectListNoticeAtchmnfl*/
			SET TRANSACTION ISOLATION
			LEVEL
			READ UNCOMMITTED
			SELECT
			NOTICE_NO                                                         /* 공지사항 번호 */
			, DOC_NO                                                          /* 문서 번호 */
			, DELETE_AT                                                       /* 삭제 여부 */
			, DELETE_DT                                                       /* 삭제 일시 */
			, FRST_REGISTER_ID                                                /* 최초 등록자 아이디 */
			, FRST_REGIST_DT                                                  /* 최초 등록 일시 */
			, LAST_CHANGER_ID                                                 /* 최종 변경자 아이디 */
			, LAST_CHANGE_DT                                                  /* 최종 변경 일시 */
			FROM dbo.BD_NOTICE_ATCHMNFL_BAS
			WHERE 1=1
			AND NOTICE_NO = #{noticeNo}                                       /* 공지사항 번호 */
			AND DELETE_AT = 'N'                                               /* 삭제 여부 */
			<if
		test=" (foImageDocNo != null and foImageDocNo != '') or (moImageDocNo != null and moImageDocNo != '') ">
		AND DOC_NO NOT IN (
		<choose>
			<when test="foImageDocNo != null and foImageDocNo != '' ">
				#{foImageDocNo}
				<if test="moImageDocNo != null and moImageDocNo != '' ">
					, #{moImageDocNo}
				</if>
			</when>
			<otherwise>
				<if test="moImageDocNo != null and moImageDocNo != '' ">
					#{moImageDocNo}
				</if>
			</otherwise>
		</choose>
		)
	</if>
		</select>

	<update id="updateNoticeViewCount"
		parameterType="com.sorincorp.fo.bd.model.BdNoticeVO">
		UPDATE dbo.BD_NOTICE_BAS
		SET
		NOTICE_INQIRE_CO =
		ISNULL(NOTICE_INQIRE_CO, 0)+1                            /* 공지사항 조회 수 */
		WHERE 1=1
		AND NOTICE_NO =
		#{noticeNo}                                              /* 공지사항 번호 */
		AND DELETE_AT = 'N'                                      /* 삭제 여부 */
	</update>

	<select id="showNotice"
	parameterType="com.sorincorp.fo.bd.model.BdNoticeVO"
	resultType="com.sorincorp.fo.bd.model.BdNoticeVO">

	SELECT
	 TOP 4
		  NOTICE_NO                                               /* 공지사항 번호 */
		, NOTICE_SJ                                               /* 공지사항 제목 */
		
	  FROM BD_NOTICE_BAS 
	  WHERE 1=1
   	  AND DELETE_AT = 'N'
   	  AND USE_AT = 'Y' 
	  ORDER BY NOTICE_NO DESC

</select>
	</mapper>