<?xml version="1.0" encoding="UTF-8"?>
<!DOCTYPE mapper PUBLIC "-//mybatis.org//DTD Mapper 3.0//EN" "http://mybatis.org/dtd/mybatis-3-mapper.dtd">

<mapper namespace="com.sorincorp.mfo.tr.mapper.TrackMapper">

	<update id="insertVisitrTrackBas" parameterType="com.sorincorp.mfo.tr.model.TrackVo">
		/*  mfo.track.insertVisitrTrackBas */
	    <selectKey keyProperty="visitrBassSeqNo" resultType="int" order="AFTER">
			SET TRANSACTION ISOLATION LEVEL READ UNCOMMITTED
	        SELECT TOP 1 VISITR_BASS_SEQ_NO 
		    FROM TR_VISITR_TRACK_BAS
		    WHERE 1=1
		    <choose>
			  <when test='@com.sorincorp.comm.util.CommonUtil@isNotEmpty(newVisitrId)'>
		    	AND VISITR_ID = #{newVisitrId}
		      </when>
		      <otherwise>
	    		AND VISITR_ID = #{visitrId}
		      </otherwise>
	    	</choose> 
		    ORDER BY FRST_REGIST_DT DESC
		</selectKey>
			
		MERGE INTO dbo.TR_VISITR_TRACK_BAS AS TVTB
		USING (SELECT 1 AS dual) AS TMP 
		   ON TVTB.VISITR_BASS_SEQ_NO = (
		       SELECT TOP 1 VISITR_BASS_SEQ_NO 
			   FROM TR_VISITR_TRACK_BAS 
			   WHERE VISITR_ID = #{visitrId}
			   ORDER BY FRST_REGIST_DT DESC
		   )
		 WHEN MATCHED THEN
			UPDATE SET 
				TVTB.LAST_CHANGE_DT = GETDATE() 
				,TVTB.CONECT_ENVRN = #{conectEnvrn}
		<choose>
			<when test='@com.sorincorp.comm.util.CommonUtil@isNotEmpty(newVisitrId)'>
		   		, TVTB.MBER_NO = #{mberNo}
		   		, TVTB.ENTRPS_NO = #{entrpsNo}
				, TVTB.VISITR_ID = #{newVisitrId}
				, TVTB.LAST_CHANGER_ID = #{newVisitrId}
		 	</when>
			<otherwise>
				, TVTB.VISITR_ID = #{visitrId}
			</otherwise>
		</choose>
		 WHEN NOT MATCHED THEN
			INSERT (
				VISITR_ID
				, VISITR_IP
				, MBER_NO
				, ENTRPS_NO
				, CONECT_ENVRN
				, INFLOW_COURS
				, FRST_REGISTER_ID
				, FRST_REGIST_DT
				, LAST_CHANGER_ID
				, LAST_CHANGE_DT
			) VALUES (
				#{visitrId}
				, #{visitrIp}
				, #{mberNo}
				, #{entrpsNo}
				, #{conectEnvrn}
				, #{inflowCours}
				, 'SYSTEM'
				, GETDATE()
				, 'SYSTEM'
				, GETDATE()
			);
	</update>
	
	<insert id="insertVisitrTrackDetail" parameterType="com.sorincorp.mfo.tr.model.TrackDetailVo"   useGeneratedKeys="true" keyProperty="visitrMvmnSeqNo">
		/*  mfo.track.insertVisitrTrackDetail */
		INSERT INTO dbo.TR_VISITR_TRACK_DETAIL
			(
			  VISITR_BASS_SEQ_NO
			  , BEFORE_SCRIN
			  , NOW_SCREEN
			  , BUTTON
			  , CNVRS_CODE
			  , LOGIN_YN
			  <if test='@com.sorincorp.comm.util.CommonUtil@isNotEmpty(params)'>
				  , PARAMS
			  </if>
			  , FRST_REGISTER_ID
			  , LAST_CHANGER_ID
			  , FRST_REGIST_DT
			  , LAST_CHANGE_DT
			)
		VALUES
			(
			  #{visitrBassSeqNo}
			  , #{beforeScrin}
			  , #{nowScreen}
			  , #{button}
		  	  , #{cnvrsCode}
			  , #{loginYn}
			  <if test='@com.sorincorp.comm.util.CommonUtil@isNotEmpty(params)'>
				  , #{params}
			  </if>
			  <if test='loginYn == "N"'>
			  	, 'SYSTEM'
			  	, 'SYSTEM'
			  </if>
			  <if test='loginYn == "Y"'>
			  	, #{frstRegisterId}
			  	, #{frstRegisterId}
			  </if>
			  , GETDATE()
			  , GETDATE()
			)
	</insert>
	
	<insert id="insertTrackMber" parameterType="com.sorincorp.mfo.tr.model.TrackMemberVo">
		/*  mfo.track.insertTrackMber */
		INSERT INTO dbo.TR_TRACK_MBER_BAS 
		(
			VISITR_MVMN_SEQ_NO
			, RPRSNTV_NM
			, ENTRPSNM_KOREAN
			, POST_NO
			, ADRES
			, DETAIL_ADRES
			, RN_ADRES
			, RN_DETAIL_ADRES
			, CMPNY_TLPHON_NO
			, MBER_EMAIL
			, MOBLPHON_NO
			, ENTRPS_NO
			, FRST_REGISTER_ID
			, FRST_REGIST_DT
			, LAST_CHANGER_ID
			, LAST_CHANGE_DT
		)
		VALUES
		(
			#{visitrMvmnSeqNo}
			, #{rprsntvNm}
			, #{entrpsnmKorean}
			, #{postNo}
			, #{adres}
			, #{detailAdres}
			, #{rnAdres}
			, #{detailAdres}
			, #{cmpnyTlphonNo}
			, #{mberEmail}
			, #{moblphonNo}
			, #{entrpsNo}
			, 'SYSTEM'
			, GETDATE()
			, 'SYSTEM'
			, GETDATE()
		)
	</insert>
	
	<insert id="insertTrackOrder" parameterType="com.sorincorp.mfo.tr.model.TrackOrderVo">
		/*  mfo.track.insertTrackOrder */
		INSERT INTO dbo.TR_TRACK_ORDER_BAS 
		(
			VISITR_MVMN_SEQ_NO
			, ORDER_NO
			, METAL_CODE
			, SLE_MTHD_CODE
			, ITM_SN
			, BRAND_GROUP_CODE
			, BRAND_CODE
			, DSTRCT_LCLSF_CODE
			, GOODS_NM
			, DLVY_MN_CODE
			, BUNDLE_QY
			, TOT_REAL_ORDER_WT
			, SPLPC
			, FRST_REGISTER_ID
			, FRST_REGIST_DT
			, LAST_CHANGER_ID
			, LAST_CHANGE_DT
		)
		VALUES
		(
			#{visitrMvmnSeqNo}
			, #{orderNo}
			, #{metalCode}
			, #{sleMthdCode}
			, #{itmSn}
			, #{brandGroupCode}
			, #{brandCode}
			, #{dstrctLclsfCode}
			, #{goodsNm}
			, #{dlvyMnCode}
			, #{bundleQy}
			, #{bundleQy}
			, #{splpc}
			, 'SYSTEM'
			, GETDATE()
			, 'SYSTEM'
			, GETDATE()
		)
	</insert>
		
	<select id="selectTrackMsg"  parameterType="com.sorincorp.mfo.tr.model.TrackDetailVo" resultType="map">
		/*  mfo.track.selectTrackMsg */
		SELECT TVTB.CONECT_ENVRN AS conectEnvrn
			 , TVTB.VISITR_BASS_SEQ_NO AS visitrBassSeqNo
			 , TVTD.VISITR_MVMN_SEQ_NO AS visitrMvmnSeqNo
			 , ISNULL(CCC.CODE_CHRCTR_REFRNONE, '0000') AS currLocation
			 , TVTD.CNVRS_CODE AS cnvrsCode
			 , TVTB.VISITR_ID AS visitrId
			 , CASE WHEN ISNULL(TVTB.ENTRPS_NO,'') = '' AND ISNULL(TVTB.MBER_NO,'') = '' THEN TVTB.VISITR_ID
					WHEN ISNULL(TVTB.ENTRPS_NO,'') = '' THEN TVTB.MBER_NO
					ELSE TVTB.ENTRPS_NO END AS visitrNo
			 , CASE WHEN ISNULL(TVTB.ENTRPS_NO,'') = '' AND ISNULL(TVTB.MBER_NO,'') = '' THEN 'U'
					WHEN ISNULL(TVTB.ENTRPS_NO,'') = '' THEN 'S'
					ELSE 'E' END AS mberGb
			 , TVTB.ENTRPS_NO AS entrpsNo
			 , CASE WHEN MEIB.ENTRPS_NO IS NULL THEN MSMIB.SIMPL_MBER_NM
					ELSE ISNULL(MEIB.ENTRPSNM_KOREAN_SHORT, MEIB.ENTRPSNM_KOREAN) END AS visitrNm
			 , TVTB.LAST_CHANGE_DT AS lastChangeDt
			 , CASE WHEN CHARINDEX(',', TVTB.VISITR_IP) = 0 THEN TVTB.VISITR_IP
					ELSE LEFT(TVTB.VISITR_IP, CHARINDEX(',', TVTB.VISITR_IP) - 1) END visitrIp
			 , CASE WHEN U_TVTB.CNT > 0 THEN 'R' /* 비로그인 재방문 */
					WHEN E_S_TVTB.CNT > 0 THEN 'R' /* 로그인 계정 재방문 */
					ELSE 'I' END AS visitrTy
		  FROM TR_VISITR_TRACK_BAS TVTB
		 INNER JOIN TR_VISITR_TRACK_DETAIL TVTD
		    ON TVTB.VISITR_BASS_SEQ_NO = TVTD.VISITR_BASS_SEQ_NO
		   AND TVTD.VISITR_MVMN_SEQ_NO = #{visitrMvmnSeqNo}
		  LEFT OUTER JOIN MB_ENTRPS_INFO_BAS MEIB
			ON MEIB.ENTRPS_NO = TVTB.ENTRPS_NO
		  LEFT OUTER JOIN CO_CMMN_CD CCC
			ON CCC.MAIN_CODE = 'CNVRS_CODE'
		   AND CCC.SUB_CODE = TVTD.CNVRS_CODE
		  LEFT OUTER JOIN MB_SIMPL_MBER_INFO_BAS MSMIB
			ON TVTB.MBER_NO = MSMIB.SIMPL_MBER_NO
		  LEFT OUTER JOIN (
			SELECT
				COUNT(VISITR_BASS_SEQ_NO) AS CNT
				, CONVERT(VARCHAR, LAST_CHANGE_DT, 112) AS LAST_CHANGE_DT
				, VISITR_IP
			  FROM TR_VISITR_TRACK_BAS
			 WHERE VISITR_BASS_SEQ_NO <![CDATA[ <> ]]> #{visitrBassSeqNo}
			   AND ISNULL(ENTRPS_NO,'') = '' AND ISNULL(MBER_NO,'') = ''
			 GROUP BY VISITR_IP, CONVERT(VARCHAR, LAST_CHANGE_DT, 112)
			) U_TVTB
			ON U_TVTB.VISITR_IP = TVTB.VISITR_IP
		   AND CONVERT(VARCHAR, TVTB.LAST_CHANGE_DT, 112) = U_TVTB.LAST_CHANGE_DT
		   AND ISNULL(TVTB.ENTRPS_NO,'') = '' AND ISNULL(TVTB.MBER_NO,'') = ''
		LEFT OUTER JOIN (
			SELECT
				COUNT(VISITR_BASS_SEQ_NO) AS CNT
				, CONVERT(VARCHAR, LAST_CHANGE_DT, 112) AS LAST_CHANGE_DT
				, VISITR_ID
			  FROM TR_VISITR_TRACK_BAS
			 WHERE VISITR_BASS_SEQ_NO <![CDATA[ <> ]]> #{visitrBassSeqNo}
			   AND ISNULL(MBER_NO,'') = ''
			 GROUP BY VISITR_IP, CONVERT(VARCHAR, LAST_CHANGE_DT, 112),VISITR_ID
			) E_S_TVTB
			ON E_S_TVTB.VISITR_ID = TVTB.VISITR_ID
		   AND CONVERT(VARCHAR, TVTB.LAST_CHANGE_DT, 112) = E_S_TVTB.LAST_CHANGE_DT
		   AND ISNULL(TVTB.MBER_NO,'') = ''
		 WHERE 1=1
		   AND TVTB.VISITR_BASS_SEQ_NO = #{visitrBassSeqNo}
		   AND ISNULL(TVTB.ENTRPS_NO,'C9999') NOT IN ('C0121','C0122','C0133')	/* 내부 사용자 업체 번호 제외	*/
	</select>


	<update id="trackHealthCheck" parameterType="com.sorincorp.mfo.tr.model.TrackVo">
		/*  mfo.trackHealthCheck	*/
		UPDATE dbo.TR_VISITR_TRACK_BAS	/*	트래킹_방문자 트래킹 기본 */
		SET
			LAST_CHANGE_DT                        = GETDATE()	/* 최종 변경 일시*/
		WHERE 1=1
			AND VISITR_IP				= #{visitrIp}			/* 방문자 IP	*/
			AND VISITR_ID				= #{visitrId}			/* 방문자 아이디	*/
			AND FORMAT(LAST_CHANGE_DT, 'yyyyMMdd') = FORMAT(GETDATE(), 'yyyyMMdd')
	</update>

</mapper>