<?xml version="1.0" encoding="UTF-8"?>
<!DOCTYPE mapper PUBLIC "-//mybatis.org//DTD Mapper 3.0//EN" "http://mybatis.org/dtd/mybatis-3-mapper.dtd">
<mapper namespace="com.sorincorp.comm.message.mapper.MailMapper">

	<select id="selectMailNoSeq" resultType="int">
		/* com.sorincorp.comm.message.mapper.MailMapper.selectMailNoSeq */
		SET TRANSACTION ISOLATION LEVEL READ UNCOMMITTED
		SELECT NEXT VALUE FOR dbo.MAIL_NO_SEQ AS mailNo
	</select>
	
	<!-- mailReceiverNoSeq 시퀀스 조회 -->
	<select id="selectMailReceiverNoSeq" resultType="int">
		/* com.sorincorp.comm.message.mapper.MailMapper.selectMailReceiverNoSeq */
		SET TRANSACTION ISOLATION LEVEL READ UNCOMMITTED
		SELECT NEXT VALUE FOR dbo.MAIL_RECEIVER_NO_SEQ AS mailReceiverNo
	</select>
	
	<!-- 템플릿 조회 -->
	<select id="selectMailTmpt" parameterType="int"  resultType="com.sorincorp.comm.message.model.MailVO">
		/* com.sorincorp.comm.message.mapper.MailMapper.selectMailTmpt      */
		SET TRANSACTION ISOLATION LEVEL READ UNCOMMITTED
	    SELECT
			  JOB_SE_CODE                      /* 업무 구분 코드            */
			, SNTO_EMAIL                       /* 발신자 이메일             */
			, EMAIL_TMPLAT_SJ as nsltSj        /* 이메일 템플릿 제목        */
			, EMAIL_TMPLAT_CN as nsltCn        /* 이메일 템플릿 내용        */
			, EMAIL_TMPLAT_REPTIT as nsltRe    /* 이메일 템플릿 반복        */
			, SNDNG_GROUP_CODE                 /* 발송 그룹 코드            */
			, WEBMASTER_TRNSMIS_AT             /* 웹마스터 전송 여부        */
			, ADIT_CHARGER_TRNSMIS_AT          /* 추가 담당자 전송 여부     */
	   	FROM OP_EMAIL_TMPLAT_BAS               /* 운영_이메일 템플릿 기본   */
	   	WHERE EMAIL_TMPLAT_NO = #{mailTmptSeq} /* 이메일 템플릿 번호        */
	</select>
	
	<!-- 이메일(내용 반복) 템플릿 조회, 20220622 추가, 20221219 제거(필요없음) 
	<select id="selectMailRepitTmpt" parameterType="int"  resultType="com.sorincorp.comm.message.model.MailVO">
		/* com.sorincorp.comm.message.mapper.MailMapper.selectMailTmpt */
		SET TRANSACTION ISOLATION LEVEL READ UNCOMMITTED
	    SELECT
			 JOB_SE_CODE
			,SNTO_EMAIL
			,EMAIL_TMPLAT_SJ as nsltSj
			,EMAIL_TMPLAT_CN as nsltCn
			,EMAIL_TMPLAT_REPTIT as nsltRe
	   	FROM OP_EMAIL_TMPLAT_BAS
	   	WHERE EMAIL_TMPLAT_NO = #{mailTmptSeq}
	</select>
	-->
	
	<!-- 회원_업체 정보 기본 테이블의 구매담당자 이메일 조회, 20220118 추가 -->
	<select id="selectPurchschargerEmail" parameterType="com.sorincorp.comm.message.model.MailVO" resultType="String">
		/* com.sorincorp.comm.message.mapper.MailMapper.selectPurchschargerEmail */
		SET TRANSACTION ISOLATION LEVEL READ UNCOMMITTED
		SELECT 
			(CASE WHEN PURCHSCHARGER_EMAIL IS NULL THEN '' ELSE PURCHSCHARGER_EMAIL END) AS PURCHSCHARGER_EMAIL
		FROM MB_ENTRPS_INFO_BAS 
		WHERE ENTRPS_NO = #{entrpsNo}
	</select>
	
	<!-- 공통_SMS 발송 그룹 기본 테이블의 발송그룹코드에 해당하는 내부사용자 회사 이메일 리스트 조회, 20221219 추가 -->
	<select id="selectMailReceiverList" parameterType="com.sorincorp.comm.message.model.MailVO" resultType="String">
		/******  com.sorincorp.comm.message.mapper.MailMapper.selectMailReceiverList  SELECT : CO_SMS_SNDNG_GROUP_BAS(공통_SMS 발송 그룹 기본) INNER JOIN CO_EMPL_BAS(공통_사원 기본)   ******/
		SET TRANSACTION ISOLATION LEVEL READ UNCOMMITTED
		SELECT
			CEB.CMPNY_EMAIL AS INNER_USER_EMAIL              /* 회사 이메일                 */
		FROM (
			SELECT 
				EMPL_NO                                      /* 사원 번호                   */
			FROM CO_SMS_SNDNG_GROUP_BAS                      /* 공통_SMS 발송 그룹 기본     */
			WHERE SMS_SNDNG_GROUP_CODE = #{sndngGroupCode}   /* SMS 발송 그룹 코드          */
		) AS CSSGB
		INNER JOIN CO_EMPL_BAS CEB                           /* 공통_사원 기본              */
		    ON CSSGB.EMPL_NO = CEB.EMPL_NO	AND CEB.EMP_STTUS = 'W'	/* 사원 번호                   */
	</select>
	
	<insert id="insertMail" parameterType="com.sorincorp.comm.message.model.MailVO">
		/* com.sorincorp.comm.message.mapper.MailMapper.insertMail */
		Insert Into MAIL_RECEIVER (
									mail_receiver_no
									, mail_receiver_rev_no
									, mail_no
									, mail_receiver_email
									, mail_receiver_send_date
									, mail_sender_ip
									, mail_tmpt_seq
									, mail_serialnum
									, mail_receiver_replace_json
									, mail_receiver_report_seq
									, mail_receiver_open
									, mail_receiver_open_date
									, mail_receiver_link_open
									, mail_receiver_link_open_date
									, mail_receiver_smtp_msg
									, mail_receiver_result_code
									, mail_receiver_resend
									, mail_receiver_report_resp
									, mail_receiver_complete_date
								  )Values( 
								  	  #{mailReceiverNo} 
								  	, 0
								  	, #{mailNo}
								  	, #{email}	
								  	, CONVERT(INT,DATEDIFF(ss,'1970-01-01 09:00:00', GETDATE())) 
								  	, '52.141.33.153'
								  	, #{mailTmptSeq}
								  	, 0
								  	, #{mailReceiverReplaceJson}
								  	, 0
								  	, 0
								  	, 0
								  	, 0
								  	, 0
								  	, ''
								  	, 1
								  	, 1
								  	, 0
								  	, 0
								  )
	</insert>
	
	<select id="selectMailReceiverNo" resultType="int">
		/* com.sorincorp.comm.message.mapper.MailMapper.selectMailReceiverNo */
		SET TRANSACTION ISOLATION LEVEL READ UNCOMMITTED
		select top(1) mail_receiver_no
		from  MAIL_RECEIVER
		where MAIL_NO = #{mailNo}
		and mail_receiver_email = #{email}
	</select>
	
	<insert id="insertHistory" parameterType="com.sorincorp.comm.message.model.MailVO">
		/* com.sorincorp.comm.message.mapper.MailMapper.insertHistory */
		Insert Into MAIL_HISTORY (
									mail_no
									, mail_rev_no
									, mail_send_count
									, mail_send_subject
									, mail_send_contents
									, mail_send_userid
									, mail_send_email
									, mail_send_date
									, mail_tmpt_seq
									, mail_serialnum
									, mail_send_flag
									, mail_send_order
									, mail_send_reserve
									, mail_send_resend_yn
									, mail_send_success_count 
									, mail_send_failed_count
									, mail_send_deny_count
									, mail_send_complete_date
								  )Values( 
								  	  #{mailNo}
								  	, 0
								  	, #{mailSendCnt}
								  	, #{nsltSj}
								  	, #{nsltCn}
								  	, #{mailSendUserId}
								  	, #{mailSendEmail}
								  	, CONVERT(INT,DATEDIFF(ss,'1970-01-01 09:00:00', GETDATE())) 
								  	, #{mailTmptSeq}
								  	, 0
								  	, 1
								  	, 1
								  	, 0
								  	, 1
								  	, 0
								  	, 0
								  	, 0
								  	, 0
								  ) 
	</insert>
	
	<insert id="insertOpMailSendHistory">
		/******  INSERT : OP_EMAIL_SNDNG_HST()  com.sorincorp.comm.message.mapper.MailMapper.insertOpMailSendHistory                                                                          ******/
		INSERT INTO OP_EMAIL_SNDNG_HST                                                                   /*                               */
		     (
		     	 EMAIL_SJ
		     	,EMAIL_CN
		     	,EMAIL_SNDNG_DT
		     	,MBER_NO
		     	,RCVER_EMAIL
		     	,FRST_REGISTER_ID
		     	,FRST_REGIST_DT
		     	,LAST_CHANGER_ID
		     	,LAST_CHANGE_DT
		     	,MAIL_RECEIVER_NO
		     	<if test="MberKndSeCode != null and MberKndSeCode != ''">
		     	,MBER_KND_SE_CODE
		     	</if>
		     	,MSG_KEY
		     )
		VALUES
		     (
		     	   #{nsltSj}
				 , #{nsltCn}
				 , GETDATE()
				 , #{memberNo}
				 , #{email}
				 , #{mailSendUserId}
				 , GETDATE()
				 , #{mailSendUserId}
				 , GETDATE()
				 , CONVERT(varchar(10), #{mailReceiverNo})
				 <if test="MberKndSeCode != null and MberKndSeCode != ''">
				 , #{MberKndSeCode}
				 </if>
				 , #{mailNo}
		     );
	</insert>
	
	<select id="selectMailReceiveAt" parameterType="com.sorincorp.comm.message.model.MailVO" resultType="String">
		/* com.sorincorp.comm.message.mapper.MailMapper.selectMailReceiveAt */
		SELECT CASE WHEN CODE_REFRNONE = 'N'
					THEN 'N'
					ELSE 'Y'
					END AS CODE_REFRNONE
		FROM CO_CMMN_CD ccc 
		WHERE MAIN_CODE = 'MBER_SE_CODE'
		AND SUB_CODE = (
							IIF(
									(
										SELECT COUNT(MMIB.MBER_SE_CODE)
										FROM MB_MBER_INFO_BAS MMIB
										WHERE 1=1
										AND MMIB.MBER_EMAIL = #{email}
										AND DELETE_AT = 'N'
									) = 0
									, '01'
									, ( 
										SELECT TOP 1 MBER_SE_CODE
										  FROM MB_MBER_INFO_BAS MMIB
										 WHERE 1=1
										   AND MMIB.MBER_EMAIL = #{email}
										   AND DELETE_AT = 'N'
										 ORDER BY MMIB.MBER_NO ASC 
									)
								)
						)
	</select>

</mapper>