<?xml version="1.0" encoding="UTF-8"?>
<!DOCTYPE mapper PUBLIC "-//mybatis.org//DTD Mapper 3.0//EN" "http://mybatis.org/dtd/mybatis-3-mapper.dtd">

<mapper namespace="com.sorincorp.batch.st.mapper.GwIfElctrnPrufMapper">

	<!-- IF_GW 상태확인(주문번호,approval_key) -->
	<select id="selectCsuCwsInfoList" resultType="com.sorincorp.batch.st.model.GwIfElctrnPrufVO">
		/* com.sorincorp.batch.st.mapper.GwIfElctrnPrufMapper.selectCsuCwsInfoList */
		SET TRANSACTION ISOLATION LEVEL READ UNCOMMITTED
		SELECT  *
		FROM ${@com.sorincorp.comm.util.CommonUtil@getDblinkStsName()}GW_LINK_INFO GLI
		  JOIN IF_GW IG 
			ON GLI.APR_ID = IG.APPROVAL_KEY
 		  RIGHT JOIN ( SELECT CSU_CWS
 							, MAX(BATCH_NO) AS BATCH_NO
 							, ORDER_NO
					 FROM ${@com.sorincorp.comm.util.CommonUtil@getDblinkStsName()}VW_ERP_ORDER_BATCHNO SDV 
				GROUP BY CSU_CWS, ORDER_NO ) A
			ON IG.ORDER_NO = A.ORDER_NO
	   WHERE GLI.TYPE = 'EC' 
		  AND GLI.DOC_BATCH_NO IS NULL
	</select>
	
	<!-- (선수금) IF_GW 상태확인(주문번호,approval_key) -->
	<select id="selectPrecdntGwStatusInfoList" resultType="com.sorincorp.batch.st.model.GwIfElctrnPrufVO">
		/* com.sorincorp.batch.st.mapper.GwIfElctrnPrufMapper.selectPrecdntGwStatusInfoList */
		SET TRANSACTION ISOLATION LEVEL READ UNCOMMITTED
		SELECT *
		FROM ${@com.sorincorp.comm.util.CommonUtil@getDblinkStsName()}GW_LINK_INFO GLI
		  JOIN IF_GW IG 
			ON GLI.APR_ID = IG.APPROVAL_KEY
			 RIGHT JOIN ( 
					 SELECT 
 						 CONVERT(VARCHAR(6),RECEIPTBATCH) AS BATCH_NO
 						,REMARK       AS ORDER_NO
					 FROM ${@com.sorincorp.comm.util.CommonUtil@getDblinkStsName()}VW_ERP_RECEIPTBATCHNO_2 SDV 
				) A
			ON IG.ORDER_NO = A.ORDER_NO AND IG.RCPMNY_BATCH_NO= A.BATCH_NO
		   WHERE GLI.TYPE = 'EC' 
		  AND GLI.DOC_BATCH_NO IS NULL  
	</select>
	
	<!-- IF_GW 상태확인(주문번호,approval_key) -->
	<update id="mergeCsuCwsInfo" parameterType="com.sorincorp.batch.st.model.GwIfElctrnPrufVO">
	/******  update : mergeCsuCwsInfo					******/
	BEGIN
	DECLARE @gli_cnt INT
	SELECT  @gli_cnt = COUNT(*) FROM ${@com.sorincorp.comm.util.CommonUtil@getDblinkStsName()}GW_LINK_INFO GLI
				WHERE GLI.APR_ID = #{approvalKey}
				AND GLI.DOC_BATCH_NO IS NULL
				AND GLI.STATUS ='D'
				AND GLI.TYPE = 'EC';
		IF @gli_cnt = 0
			BEGIN
			INSERT INTO ${@com.sorincorp.comm.util.CommonUtil@getDblinkStsName()}GW_LINK_INFO (
						 COMPANY_CD 
						, GW_NO
						, TYPE
						, APR_ERP_ID
						, APR_ID
						, DOC_BATCH_NO
						, GW_DOC_NO
						, SUBM_DT
						, STATUS_DT
						, STATUS
						, APP_ID
						, POST_YN
						, P_APR_ERP_ID
						, CREATE_DT
						, CREATE_ID
						, UPDATE_DT
						, UPDATE_ID
			)
			VALUES (
						#{companyCd}
						, #{gwNo}
						, #{type}
						, #{aprErpId}
						, #{aprId}
						, #{batchNo}
						, #{gwDocNo}
						, #{submDt}
						, #{statusDt}
						, #{status}
						, #{appId}
						, #{postYn}
						, #{pAprErpId}
						, #{createDt}
						, #{createId}
						, #{updateDt}
						, #{updateId}
			);
			END	
		ELSE
			BEGIN
			UPDATE ${@com.sorincorp.comm.util.CommonUtil@getDblinkStsName()}GW_LINK_INFO 
					SET  DOC_BATCH_NO	=	#{batchNo}
						  ,APR_ERP_ID 			= #{aprErpId}
					WHERE APR_ID = #{approvalKey}
					AND DOC_BATCH_NO IS NULL 
					AND STATUS ='D'
			END
	END
	</update>

	<!-- 입금전표 insert -->
	<update id="insertRcpmnyBatchNo" parameterType="com.sorincorp.batch.st.model.GwIfElctrnPrufVO">
	/******  update : insertRcpmnyBatchNo					******/
	BEGIN
	DECLARE @gli_cnt INT
	SELECT  @gli_cnt = COUNT(*) FROM ${@com.sorincorp.comm.util.CommonUtil@getDblinkStsName()}GW_LINK_INFO GLI
				WHERE GLI.APR_ID = #{approvalKey}
				AND GLI.DOC_BATCH_NO = #{batchNo}
				AND GLI.STATUS ='D'
				AND GLI.TYPE = 'RB';
		IF @gli_cnt = 0
			BEGIN
			INSERT INTO ${@com.sorincorp.comm.util.CommonUtil@getDblinkStsName()}GW_LINK_INFO (
						 COMPANY_CD 
						, GW_NO
						, TYPE
						, APR_ERP_ID
						, APR_ID
						, DOC_BATCH_NO
						, GW_DOC_NO
						, SUBM_DT
						, STATUS_DT
						, STATUS
						, APP_ID
						, POST_YN
						, P_APR_ERP_ID
						, CREATE_DT
						, CREATE_ID
						, UPDATE_DT
						, UPDATE_ID
			)
			VALUES (
						#{companyCd}
						, #{gwNo}
						, 'RB'
						, #{aprErpId}
						, #{aprId}
						, #{batchNo}
						, #{gwDocNo}
						, #{submDt}
						, #{statusDt}
						, #{status}
						, #{appId}
						, #{postYn}
						, #{pAprErpId}
						, #{createDt}
						, #{createId}
						, #{updateDt}
						, #{updateId}
			);
			END	
	END
	</update>

	<!-- IF_GW 상태변경 D,A  -->
	<update id="updateIfGwStats" >
	/******  UPDATE : updateIfGwStats					******/
	UPDATE IF_GW
		   SET IF_GW.STTUS_CODE = B.STATUS
		FROM IF_GW AS A, ( SELECT ORDER_NO, APPROVAL_KEY, STATUS 
									 FROM IF_GW IG
									  JOIN ${@com.sorincorp.comm.util.CommonUtil@getDblinkStsName()}GW_LINK_INFO GLI	
										ON IG.APPROVAL_KEY = GLI.APR_ID
									  AND GLI.APR_ID =  GLI.APR_ERP_ID
									  AND (IG.STTUS_CODE NOT IN('A') OR IG.STTUS_CODE IS NULL) 
									  AND GLI.TYPE IN ('EC', 'RB')
							  GROUP BY APPROVAL_KEY, ORDER_NO , STATUS ) B
		WHERE A.APPROVAL_KEY	=	B.APPROVAL_KEY
			AND A.ORDER_NO		=	B.ORDER_NO
	</update>
	
</mapper>