<?xml version="1.0" encoding="UTF-8"?>
<!DOCTYPE mapper PUBLIC "-//mybatis.org//DTD Mapper 3.0//EN" "http://mybatis.org/dtd/mybatis-3-mapper.dtd">
<mapper namespace="com.sorincorp.batch.mb.mapper.MbEntrpsMrtggCntrctBasMapper">

    <select id="selectIfKoditEntrpsProgrsSttusList" resultType="com.sorincorp.batch.mb.model.MbEntrpsMrtggCntrctBasVO">
        /*  mbEntrpsMrtggCntrctBas.selectIfKoditEntrpsProgrsSttusList   */
        SET TRANSACTION ISOLATION LEVEL READ UNCOMMITTED
        SELECT
            IKEPS.INTRFC_SN
            , ISNULL(IKEPS.ENTRPS_NM, MEIB.ENTRPSNM_KOREAN) AS ENTRPS_NM                                            /* 업체 명                       */
            , IKEPS.BSNM_REGIST_NO                                                                                /* 사업자 등록 번호              */
            , IKEPS.CPR_REGIST_NO                                                                                 /* 법인 등록 번호                */
            , IKEPS.GRNTY_REQST_NO                                                                                /* 보증 신청 번호                */
            , IKEPS.GRNTY_NO                                                                                      /* 보증 번호                     */
            , IKEPS.RCEPT_DE                                                                                      /* 접수 일자                     */
            , IKEPS.GRNTY_REQST_AMOUNT                                                                            /* 보증 신청 금액                */
            , IKEPS.CONFM_DE                                                                                      /* 승인 일자                     */
            , IKEPS.CONFM_AMOUNT                                                                                  /* 승인 금액                     */
            , IKEPS.GRNTY_PROGRS_STTUS_CODE                                                                       /* 보증 진행 상태 코드           */
            , IKEPS.LEDGR_REFLCT_AT                                                                               /* 원장 반영 여부                */
            , IKEPS.FRST_REGISTER_ID                                                                              /* 최초 등록자 아이디            */
            , IKEPS.FRST_REGIST_DT                                                                                /* 최초 등록 일시                */
            , MEIB.ENTRPS_NO
            , MEIB.ENTRPSNM_KOREAN
            , MEIB.MRTGG_GRNTY_FEE_BND_MBY_AT
          FROM dbo.IF_KODIT_ENTRPS_PROGRS_STTUS AS IKEPS
          LEFT OUTER JOIN dbo.MB_ENTRPS_INFO_BAS AS MEIB
            ON IKEPS.BSNM_REGIST_NO = MEIB.BSNM_REGIST_NO
           AND MEIB.DELETE_AT                       = 'N'
         WHERE 1=1
           AND ISNULL(IKEPS.LEDGR_REFLCT_AT, 'N')   = 'N'
           AND IKEPS.GRNTY_PROGRS_STTUS_CODE       != '00'          /*  접수대기 제외 */
           AND ISNULL(IKEPS.GRNTY_NO, '')          != ''         /*  보증보험번호 필수 */
         ORDER BY IKEPS.FRST_REGIST_DT
    </select>

    <select id="selectMbEntrpsMrtggCntrctBasList" resultType="com.sorincorp.batch.mb.model.MbEntrpsMrtggCntrctBasVO">
        /*  mbEntrpsMrtggCntrctBas.selectMbEntrpsMrtggCntrctBasList   */
        SET TRANSACTION ISOLATION LEVEL READ UNCOMMITTED
        SELECT
            BSNM_REGIST_NO
            , GRNTY_NO
            , ENTRPS_NO
            , ENTRPS_MRTGG_CNTRCT_SN
            , GRNTY_AMOUNT
            , LAST_CNTRCT_AT
            , BATCH_REFLCT_AT
        FROM dbo.MB_ENTRPS_MRTGG_CNTRCT_BAS
        WHERE 1=1
          AND MRTGG_PROGRS_STTUS_CODE               = '40'          /*  40 조건변경  */
          AND LAST_CNTRCT_AT                        = 'N'
          AND ISNULL(BATCH_REFLCT_AT, 'N')          = 'N'
          AND GRNTY_TMLMT_BEGIN_DE                  <![CDATA[<=]]> FORMAT(GETDATE(), 'yyyyMMdd')
          AND CDTLN_SVC_SE_CODE                     = '01'          /* 여신서비스구분코드 01: 전자상거래보증 */
        ORDER BY ENTRPS_MRTGG_CNTRCT_SN
    </select>

    <select id="selectEntrpsMrtggEndAtCnt" parameterType="com.sorincorp.batch.mb.model.MbEntrpsMrtggCntrctBasVO" resultType="Integer">
        /*  mbEntrpsMrtggCntrctBas.selectEntrpsMrtggEndAtCnt   */
        SET TRANSACTION ISOLATION LEVEL READ UNCOMMITTED
        SELECT
            COUNT(*)
          FROM dbo.MB_ENTRPS_MRTGG_CNTRCT_BAS
         WHERE 1=1
           AND BSNM_REGIST_NO                       = #{bsnmRegistNo}
           AND GRNTY_NO                             = #{grntyNo}
           AND ENTRPS_NO                            = #{entrpsNo}
           AND END_AT                               = 'Y'
    </select>

    <select id="selectEntrpsMrtggTerminationCnt" parameterType="com.sorincorp.batch.mb.model.MbEntrpsMrtggCntrctBasVO" resultType="Integer">
        /*  mbEntrpsMrtggCntrctBas.selectEntrpsMrtggTerminationCnt   */
        SET TRANSACTION ISOLATION LEVEL READ UNCOMMITTED
        SELECT
            COUNT(*)
          FROM dbo.MB_ENTRPS_MRTGG_CNTRCT_BAS
         WHERE 1=1
           AND BSNM_REGIST_NO                       = #{bsnmRegistNo}
           AND GRNTY_NO                             = #{grntyNo}
           AND ENTRPS_NO                            = #{entrpsNo}
           AND MRTGG_PROGRS_STTUS_CODE              = '50'
    </select>

    <select id="selectEntrpsMrtggCndChgCnt" parameterType="com.sorincorp.batch.mb.model.MbEntrpsMrtggCntrctBasVO" resultType="Integer">
        /*  mbEntrpsMrtggCntrctBas.selectEntrpsMrtggCndChgCnt   */
        SET TRANSACTION ISOLATION LEVEL READ UNCOMMITTED
        SELECT
            COUNT(*)
          FROM dbo.MB_ENTRPS_MRTGG_CNTRCT_BAS
         WHERE 1=1
           AND BSNM_REGIST_NO                       = #{bsnmRegistNo}
           AND GRNTY_NO                             = #{grntyNo}
           AND MRTGG_PROGRS_STTUS_CODE              = '40'
           AND ISNULL(BATCH_REFLCT_AT, 'N')          = 'N'
    </select>

    <select id="selectMbEntrpsMrtggCntrctExpirationList" resultType="com.sorincorp.batch.mb.model.MbEntrpsMrtggCntrctBasVO">
        /*  mbEntrpsMrtggCntrctBas.selectMbEntrpsMrtggCntrctExpirationList   */
        SET TRANSACTION ISOLATION LEVEL READ UNCOMMITTED
        SELECT
            MEMCB.BSNM_REGIST_NO
            , MEMCB.GRNTY_NO
            , MEMCB.ENTRPS_MRTGG_CNTRCT_SN
            , MEMCB.CPR_REGIST_NO
            , ISNULL(MEMCB.ENTRPS_NO, MEIB.ENTRPS_NO) AS ENTRPS_NO
            , ISNULL(MEMCB.ENTRPS_NM, MEIB.ENTRPSNM_KOREAN) AS ENTRPS_NM
            , MEMCB.GRNTY_REQST_NO
            , MEMCB.RCEPT_DE
            , MEMCB.GRNTY_REQST_AMOUNT
            , MEMCB.CONFM_DE
            , MEMCB.CONFM_AMOUNT
            , MEMCB.MRTGG_PROGRS_STTUS_CODE
            , MEMCB.ISSU_DE
            , MEMCB.GRNTY_AMOUNT
            , MEMCB.GRNTY_TMLMT_BEGIN_DE
            , MEMCB.GRNTY_TMLMT_END_DE
            , MEMCB.LAST_CNTRCT_AT
            , MEMCB.BATCH_REFLCT_AT
            , (SELECT TOP 1 MRTGG_BLCE FROM dbo.MB_ENTRPS_MRTGG_LMT_DTL WHERE GRNTY_NO = MEMCB.GRNTY_NO AND DELETE_AT = 'N') AS MRTGG_BLCE
            , ISNULL(MEMCB.SELNG_ACHIVRT, 0) AS SELNG_ACHIVRT
        FROM dbo.MB_ENTRPS_MRTGG_CNTRCT_BAS AS MEMCB
        LEFT OUTER JOIN dbo.MB_ENTRPS_INFO_BAS MEIB
          ON MEIB.BSNM_REGIST_NO = MEMCB.BSNM_REGIST_NO
         AND MEIB.ENTRPS_NO = MEMCB.ENTRPS_NO
        WHERE 1=1
          AND LAST_CNTRCT_AT                        = 'Y'                                       /*  최종계약여부    */
          AND GRNTY_TMLMT_END_DE                    <![CDATA[<]]> FORMAT(GETDATE(), 'yyyyMMdd') /*  보증기간 종료일자    */
          AND ISNULL(END_AT, 'N')                   = 'N'                                       /*  만료여부    */
          AND MEMCB.MRTGG_PROGRS_STTUS_CODE         IN ('30', '40')                             /*  계약, 갱신  */
          <!-- AND MEMCB.CDTLN_SVC_SE_CODE               = '01'                                      /* 여신서비스구분코드 01: 전자상거래보증 */ -->
    </select>

    <select id="selectIfKoditEntrpsInfo" parameterType="com.sorincorp.batch.mb.model.MbEntrpsMrtggCntrctBasVO" resultType="com.sorincorp.batch.mb.model.MbEntrpsMrtggCntrctBasVO">
        /*  mbEntrpsMrtggCntrctBas.selectIfKoditEntrpsInfo   */
        SET TRANSACTION ISOLATION LEVEL READ UNCOMMITTED
        SELECT TOP 1
            IKE.INTRFC_SN
            , ISNULL(IKE.ENTRPS_NM, MEIB.ENTRPSNM_KOREAN) AS ENTRPS_NM                                           /* 업체 명                       */
            , IKE.BSNM_REGIST_NO                                                                                 /* 사업자 등록 번호              */
            , IKE.CPR_REGIST_NO                                                                                  /* 법인 등록 번호                */
            , IKE.GRNTY_REQST_NO                                                                                 /* 보증 신청 번호                */
            , IKE.GRNTY_NO                                                                                       /* 보증 번호                     */
            , IKE.ISSU_DE                                                                                        /* 발급 일자                     */
            , IKE.GRNTY_AMOUNT                                                                                   /* 보증 금액                */
            , IKE.GRNTY_TMLMT_BEGIN_DE                                                                           /* 보증기한 시작일자                */
            , IKE.GRNTY_TMLMT_END_DE                                                                             /* 보증기한 종료일자                */
            , IKE.LEDGR_REFLCT_AT                                                                                /* 원장 반영 여부                */
            , IKE.FRST_REGISTER_ID                                                                               /* 최초 등록자 아이디            */
            , IKE.FRST_REGIST_DT                                                                                 /* 최초 등록 일시                */
            , IKE.GRNTY_PROGRS_STTUS_CODE
          FROM dbo.IF_KODIT_ENTRPS AS IKE
          LEFT OUTER JOIN dbo.MB_ENTRPS_INFO_BAS AS MEIB
            ON IKE.BSNM_REGIST_NO = MEIB.BSNM_REGIST_NO
           AND MEIB.DELETE_AT = 'N'
         WHERE 1=1
           AND IKE.BSNM_REGIST_NO                   = #{bsnmRegistNo}
           AND IKE.GRNTY_NO                         = #{grntyNo}
           AND IKE.GRNTY_PROGRS_STTUS_CODE          = #{grntyProgrsSttusCode}
           AND ISNULL(IKE.LEDGR_REFLCT_AT, 'N')     = 'N'
         ORDER BY IKE.FRST_REGIST_DT
    </select>

    <select id="selectLastEntrpsMrtggCnt" parameterType="com.sorincorp.batch.mb.model.MbEntrpsMrtggCntrctBasVO" resultType="Integer">
        /*  mbEntrpsMrtggCntrctBas.selectLastEntrpsMrtggCnt   */
        SET TRANSACTION ISOLATION LEVEL READ UNCOMMITTED
        SELECT
            COUNT(ENTRPS_MRTGG_CNTRCT_SN)
          FROM dbo.MB_ENTRPS_MRTGG_CNTRCT_BAS
        WHERE 1=1
          AND BSNM_REGIST_NO                        = #{bsnmRegistNo}
          AND GRNTY_NO                              = #{grntyNo}
          AND LAST_CNTRCT_AT                        = 'Y'
    </select>

    <select id="selectLastEntrpsMrtggSn" parameterType="com.sorincorp.batch.mb.model.MbEntrpsMrtggCntrctBasVO" resultType="Integer">
        /*  mbEntrpsMrtggCntrctBas.selectLastEntrpsMrtggSn   */
        SET TRANSACTION ISOLATION LEVEL READ UNCOMMITTED
        SELECT TOP 1
            ISNULL(ENTRPS_MRTGG_CNTRCT_SN, -1) AS ENTRPS_MRTGG_CNTRCT_SN
          FROM dbo.MB_ENTRPS_MRTGG_CNTRCT_BAS
        WHERE 1=1
          AND BSNM_REGIST_NO                        = #{bsnmRegistNo}
          AND GRNTY_NO                              = #{grntyNo}
          AND LAST_CNTRCT_AT                        = 'Y'
        ORDER BY FRST_REGIST_DT DESC
    </select>

    <select id="selectLastEntrpsMrtggSelngAchivrt" parameterType="com.sorincorp.batch.mb.model.MbEntrpsMrtggCntrctBasVO" resultType="Double">
        /*  mbEntrpsMrtggCntrctBas.selectLastEntrpsMrtggSelngAchivrt   */
        SET TRANSACTION ISOLATION LEVEL READ UNCOMMITTED
        SELECT TOP 1
            ISNULL(SELNG_ACHIVRT, 0) AS SELNG_ACHIVRT
          FROM dbo.MB_ENTRPS_MRTGG_CNTRCT_BAS
        WHERE 1=1
          AND BSNM_REGIST_NO                        = #{bsnmRegistNo}
          AND GRNTY_NO                              = #{grntyNo}
          AND LAST_CNTRCT_AT                        = 'Y'
        ORDER BY FRST_REGIST_DT DESC
    </select>

    <update id="updateLastEntrpsMrtggSn" parameterType="com.sorincorp.batch.mb.model.MbEntrpsMrtggCntrctBasVO">
        /*  mbEntrpsMrtggCntrctBas.updateLastEntrpsMrtggSn   */
        UPDATE dbo.MB_ENTRPS_MRTGG_CNTRCT_BAS
            SET LAST_CNTRCT_AT                      = 'N'
                , LAST_CHANGER_ID                   = #{lastChangerId}
                , LAST_CHANGE_DT                    = GETDATE()
                , BATCH_REFLCT_AT                   = #{batchReflctAt}
         WHERE 1=1
           AND BSNM_REGIST_NO                       = #{bsnmRegistNo}
           AND GRNTY_NO                             = #{grntyNo}
           AND ENTRPS_MRTGG_CNTRCT_SN               = #{entrpsMrtggCntrctSn}
    </update>

    <update id="updateLastEntrpsMrtggSn2" parameterType="com.sorincorp.batch.mb.model.MbEntrpsMrtggCntrctBasVO">
        /*  mbEntrpsMrtggCntrctBas.updateLastEntrpsMrtggSn2   */
        UPDATE dbo.MB_ENTRPS_MRTGG_CNTRCT_BAS
            SET LAST_CNTRCT_AT                      = 'N'
                , LAST_CHANGER_ID                   = #{lastChangerId}
                , LAST_CHANGE_DT                    = GETDATE()
         WHERE 1=1
           AND BSNM_REGIST_NO                       = #{bsnmRegistNo}
           AND GRNTY_NO                             = #{grntyNo}
           AND ENTRPS_MRTGG_CNTRCT_SN               = #{entrpsMrtggCntrctSn}
    </update>

    <update id="updateLedgrReflctAt" parameterType="com.sorincorp.batch.mb.model.MbEntrpsMrtggCntrctBasVO">
        /*  mbEntrpsMrtggCntrctBas.updateLedgrReflctAt   */
        <choose>
            <when test="grntyProgrsSttusCode eq '10' or grntyProgrsSttusCode eq '20'">
        UPDATE dbo.IF_KODIT_ENTRPS_PROGRS_STTUS
            SET LEDGR_REFLCT_AT                     = #{ledgrReflctAt}
         WHERE 1=1
           AND INTRFC_SN                            = #{intrfcSn}
            </when>
            <when test="grntyProgrsSttusCode eq '30' or grntyProgrsSttusCode eq '40' or grntyProgrsSttusCode eq '50'">
        UPDATE dbo.IF_KODIT_ENTRPS
            SET LEDGR_REFLCT_AT                     = #{ledgrReflctAt}
         WHERE 1=1
           AND INTRFC_SN                            = #{intrfcSn}
            </when>
        </choose>
    </update>

    <select id="selectMaxEntrpsMrtggSn" parameterType="com.sorincorp.batch.mb.model.MbEntrpsMrtggCntrctBasVO" resultType="Integer">
        /*  mbEntrpsMrtggCntrctBas.selectMaxEntrpsMrtggSn   */
        SET TRANSACTION ISOLATION LEVEL READ UNCOMMITTED
        SELECT
            ISNULL(MAX(ENTRPS_MRTGG_CNTRCT_SN), 0) + 1
        FROM dbo.MB_ENTRPS_MRTGG_CNTRCT_BAS
        WHERE 1=1
          AND BSNM_REGIST_NO = #{bsnmRegistNo}
          AND GRNTY_NO = #{grntyNo}
    </select>

    <insert id="insertMbEntrpsMrtggCntrctBas" parameterType="com.sorincorp.batch.mb.model.MbEntrpsMrtggCntrctBasVO" >
        /*  mbEntrpsMrtggCntrctBas.mergeMbEntrpsMrtggCntrctBas   */
        INSERT INTO dbo.MB_ENTRPS_MRTGG_CNTRCT_BAS
        (
            BSNM_REGIST_NO
            , GRNTY_NO
            , ENTRPS_MRTGG_CNTRCT_SN
            , CPR_REGIST_NO
            , ENTRPS_NM
            , GRNTY_REQST_NO
            , RCEPT_DE
            , GRNTY_REQST_AMOUNT
            , CONFM_DE
            , CONFM_AMOUNT
            , MRTGG_PROGRS_STTUS_CODE
            , ISSU_DE
            , GRNTY_AMOUNT
            , GRNTY_TMLMT_BEGIN_DE
            , GRNTY_TMLMT_END_DE
            , FRST_REGISTER_ID
            , FRST_REGIST_DT
            , LAST_CHANGER_ID
            , LAST_CHANGE_DT
            , LAST_CNTRCT_AT
            , ENTRPS_NO
            , MP_FEE
            , MRTGG_GRNTY_FEE_BND_MBY_AT
            , MRTGG_CND_CHANGE_DETAIL_CODE
            , CDTLN_SVC_SE_CODE
        )
        VALUES
        (
            #{bsnmRegistNo}
            , #{grntyNo}
            , #{entrpsMrtggCntrctSn}
            , #{cprRegistNo}
            , #{entrpsNm}
            , #{grntyReqstNo}
            , #{rceptDe}
            , #{grntyReqstAmount}
            , #{confmDe}
            , #{confmAmount}
            , #{grntyProgrsSttusCode}
            , #{issuDe}
            , #{grntyAmount}
            , #{grntyTmlmtBeginDe}
            , #{grntyTmlmtEndDe}
            , #{frstRegisterId}
            , GETDATE()
            , #{lastChangerId}
            , GETDATE()
            , #{lastCntrctAt}
            , #{entrpsNo}
            , #{mpFee}
            , #{mrtggGrntyFeeBndMbyAt}
            , #{mrtggCndChangeDetailCode}
            , '01'
        )
    </insert>

    <insert id="insertMbEntrpsMrtggCntrctBasHst" parameterType="com.sorincorp.batch.mb.model.MbEntrpsMrtggCntrctBasVO">
        /*  mbEntrpsMrtggCntrctBas.insertMbEntrpsMrtggCntrctBasHst   */
        SET TRANSACTION ISOLATION LEVEL READ UNCOMMITTED
        INSERT INTO dbo.MB_ENTRPS_MRTGG_CNTRCT_BAS_HST
        (
            BSNM_REGIST_NO
            , GRNTY_NO
            , ENTRPS_MRTGG_CNTRCT_SN
            , SORIN_MBER_AT
            , LAST_CNTRCT_AT
            , ENTRPS_NO
            , ENTRPS_NM
            , CPR_REGIST_NO
            , GRNTY_REQST_NO
            , RCEPT_DE
            , GRNTY_REQST_AMOUNT
            , CONFM_DE
            , CONFM_AMOUNT
            , MRTGG_PROGRS_STTUS_CODE
            , ISSU_DE
            , GRNTY_AMOUNT
            , GRNTY_TMLMT_BEGIN_DE
            , GRNTY_TMLMT_END_DE
            , MP_FEE
            , MP_FEE_MDAT_AMOUNT
            , MP_FEE_MDAT_RESN
            , CT_EXCCLC_REQUST_NO
            , MRTGG_CND_CHANGE_DETAIL_CODE
            , BATCH_REFLCT_AT
            , END_AT
            , MRTGG_GRNTY_FEE_BND_MBY_AT
            , SELNG_ACHIVRT
            , CDTLN_SVC_SE_CODE
            , FRST_REGISTER_ID
            , FRST_REGIST_DT
            , LAST_CHANGER_ID
            , LAST_CHANGE_DT
        )
        SELECT TOP 1
            BSNM_REGIST_NO
            , GRNTY_NO
            , ENTRPS_MRTGG_CNTRCT_SN
            , SORIN_MBER_AT
            , LAST_CNTRCT_AT
            , ENTRPS_NO
            , ENTRPS_NM
            , CPR_REGIST_NO
            , GRNTY_REQST_NO
            , RCEPT_DE
            , GRNTY_REQST_AMOUNT
            , CONFM_DE
            , CONFM_AMOUNT
            , MRTGG_PROGRS_STTUS_CODE
            , ISSU_DE
            , GRNTY_AMOUNT
            , GRNTY_TMLMT_BEGIN_DE
            , GRNTY_TMLMT_END_DE
            , MP_FEE
            , MP_FEE_MDAT_AMOUNT
            , MP_FEE_MDAT_RESN
            , CT_EXCCLC_REQUST_NO
            , MRTGG_CND_CHANGE_DETAIL_CODE
            , BATCH_REFLCT_AT
            , END_AT
            , MRTGG_GRNTY_FEE_BND_MBY_AT
            , SELNG_ACHIVRT
            , CDTLN_SVC_SE_CODE
            , FRST_REGISTER_ID
            , FRST_REGIST_DT
            , LAST_CHANGER_ID
            , LAST_CHANGE_DT
          FROM dbo.MB_ENTRPS_MRTGG_CNTRCT_BAS
         WHERE 1=1
           AND BSNM_REGIST_NO                           = #{bsnmRegistNo}
           AND GRNTY_NO                                 = #{grntyNo}
           AND ENTRPS_MRTGG_CNTRCT_SN                   = #{entrpsMrtggCntrctSn}
    </insert>

    <select id="selectMrtggBlce" parameterType="com.sorincorp.batch.mb.model.MbEntrpsMrtggCntrctBasVO" resultType="long">
        /*  mbEntrpsMrtggCntrctBas.selectMrtggBlce   */
        SET TRANSACTION ISOLATION LEVEL READ UNCOMMITTED
        SELECT TOP 1
            ISNULL(MRTGG_BLCE, 0)
          FROM dbo.MB_ENTRPS_MRTGG_LMT_DTL
         WHERE 1=1
           AND ENTRPS_NO                                = #{entrpsNo}
           AND GRNTY_NO                                 = #{grntyNo}
           AND ISNULL(DELETE_AT, 'N')                   = 'N'
         ORDER BY MRTGG_DELNG_DT DESC
    </select>

    <select id="selectGrntyAmount" parameterType="com.sorincorp.batch.mb.model.MbEntrpsMrtggCntrctBasVO" resultType="long">
        /*  mbEntrpsMrtggCntrctBas.selectGrntyAmount   */
        SET TRANSACTION ISOLATION LEVEL READ UNCOMMITTED
        <choose>
            <when test="lastEntrpsMrtggCntrctSn gt 0">
        SELECT
            ISNULL(GRNTY_AMOUNT, 0)
          FROM dbo.MB_ENTRPS_MRTGG_CNTRCT_BAS
         WHERE 1=1
           AND BSNM_REGIST_NO                           = #{bsnmRegistNo}
           AND GRNTY_NO                                 = #{grntyNo}
           AND ENTRPS_MRTGG_CNTRCT_SN                   = #{lastEntrpsMrtggCntrctSn}
            </when>
            <otherwise>
        SELECT TOP 1
            ISNULL(GRNTY_AMOUNT, 0)
          FROM dbo.MB_ENTRPS_MRTGG_CNTRCT_BAS
         WHERE 1=1
           AND BSNM_REGIST_NO                           = #{bsnmRegistNo}
           AND GRNTY_NO                                 = #{grntyNo}
           AND LAST_CNTRCT_AT                           = 'Y'
         ORDER BY FRST_REGIST_DT DESC
            </otherwise>
        </choose>
    </select>

    <update id="updateEntrpsMrtggCntctBasLastCntrctAt" parameterType="com.sorincorp.batch.mb.model.MbEntrpsMrtggCntrctBasVO">
        /*  mbEntrpsMrtggCntrctBas.updateEntrpsMrtggCntctBasLastCntrctAt   */
        UPDATE dbo.MB_ENTRPS_MRTGG_CNTRCT_BAS
            SET LAST_CNTRCT_AT                          = 'Y'
                , MP_FEE                                = #{mpFee}
                , BATCH_REFLCT_AT                       = 'Y'
                , LAST_CHANGER_ID                       = #{lastChangerId}
                , LAST_CHANGE_DT                        = GETDATE()
         WHERE 1=1
           AND BSNM_REGIST_NO                           = #{bsnmRegistNo}
           AND GRNTY_NO                                 = #{grntyNo}
           AND ENTRPS_MRTGG_CNTRCT_SN                   = #{entrpsMrtggCntrctSn}
    </update>

    <update id="updateMbEntrpsMbEntrpsMrtggEndAt" parameterType="com.sorincorp.batch.mb.model.MbEntrpsMrtggCntrctBasVO">
        /*  mbEntrpsMrtggCntrctBas.updateMbEntrpsMbEntrpsMrtggEndAt   */
        UPDATE dbo.MB_ENTRPS_MRTGG_CNTRCT_BAS
            SET END_AT                                  = 'Y'                                                       /*  만료여부    */
                , LAST_CHANGER_ID                       = #{lastChangerId}
                , LAST_CHANGE_DT                        = GETDATE()
         WHERE 1=1
           AND BSNM_REGIST_NO                           = #{bsnmRegistNo}
           AND GRNTY_NO                                 = #{grntyNo}
           AND ENTRPS_MRTGG_CNTRCT_SN                   = #{entrpsMrtggCntrctSn}
    </update>

    <update id="updateMbEntrpsMrtggGrntyTrmnatAt" parameterType="com.sorincorp.batch.mb.model.MbEntrpsMrtggCntrctBasVO">
        /*  mbEntrpsMrtggCntrctBas.updateMbEntrpsMrtggGrntyTrmnatAt   */
        UPDATE dbo.MB_ENTRPS_INFO_BAS
            SET MRTGG_GRNTY_REQST_AT                        = 'N'
               , MRTGG_GRNTY_REQST_DT                       = NULL
               , MRTGG_GRNTY_USE_AT                         = 'N'
               , MRTGG_GRNTY_TRMNAT_AT                      = 'Y'
               , MRTGG_GRNTY_TRMNAT_DT                      = GETDATE()
         FROM dbo.MB_ENTRPS_INFO_BAS AS MEIB WITH (NOLOCK)
        INNER JOIN dbo.MB_ENTRPS_MRTGG_CNTRCT_BAS AS MEMCB WITH (NOLOCK)
           ON MEIB.ENTRPS_NO = MEMCB.ENTRPS_NO
          AND MEIB.CDTLN_SVC_SE_CODE = MEMCB.CDTLN_SVC_SE_CODE
        WHERE 1=1
          AND MEIB.ENTRPS_NO                                = #{entrpsNo}
          AND MEMCB.GRNTY_NO                                = #{grntyNo}
          AND MEMCB.LAST_CNTRCT_AT                          = 'Y'
    </update>

    <insert id="insertMbEntrpsMbEntrpsMrtggLmtDtl" parameterType="com.sorincorp.batch.mb.model.MbEntrpsMrtggCntrctBasVO" useGeneratedKeys="true" keyProperty="entrpsMrtggSn">
        /*  mbEntrpsMrtggCntrctBas.insertMbEntrpsMbEntrpsMrtggLmtDtl   */
        INSERT INTO dbo.MB_ENTRPS_MRTGG_LMT_DTL
        (
            ENTRPS_NO                                                                   /* 업체번호     */
            , ENTRPS_MRTGG_CNTRCT_SN                                                    /* 전자상거래보증 계약순번     */
            , GRNTY_NO                                                                  /* 보증번호     */
            , MRTGG_DELNG_DT                                                            /* 거래일시     */
            , MRTGG_DELNG_TY_CODE                                                       /* 거래유형코드     */
            , MRTGG_SUMRY                                                               /* 적요     */
            , MRTGG_DELNG_AMOUNT                                                        /* 거래금액     */
            , MRTGG_BLCE                                                                /* 잔액     */
            , MRTGG_DFNNT                                                               /* 차액     */
            , DELETE_AT                                                                 /* 삭제여부     */
            , DELETE_DT                                                                 /* 삭제일시     */
            , FRST_REGISTER_ID                                                          /* 최초등록자     */
            , FRST_REGIST_DT                                                            /* 최초등록일시     */
            , LAST_CHANGER_ID                                                           /* 최종변경자     */
            , LAST_CHANGE_DT                                                            /* 최종변경일시     */
        )
        VALUES
        (
            #{entrpsNo}
            , #{entrpsMrtggCntrctSn}
            , #{grntyNo}
            , GETDATE()
            , #{mrtggDelngTyCode}
            , #{mrtggDfnntStr}
            , #{mrtggDelngAmount}
            , #{mrtggBlce}
            , #{mrtggDfnnt}
            , 'N'
            , NULL
            , #{lastChangerId}
            , GETDATE()
            , #{lastChangerId}
            , GETDATE()
        )
    </insert>

    <insert id="insertMbEntrpsMbEntrpsMrtggLmtDtlHst" parameterType="com.sorincorp.batch.mb.model.MbEntrpsMrtggCntrctBasVO">
        /*  mbEntrpsMrtggCntrctBas.insertMbEntrpsMbEntrpsMrtggLmtDtlHst   */
        SET TRANSACTION ISOLATION LEVEL READ UNCOMMITTED
        INSERT INTO dbo.MB_ENTRPS_MRTGG_LMT_DTL_HST
        (
            ENTRPS_MRTGG_SN                                                             /* 담보내역순번     */
            , ENTRPS_MRTGG_CNTRCT_SN                                                    /* 담보계약순번     */
            , ENTRPS_NO                                                                 /* 업체번호     */
            , GRNTY_NO                                                                  /* 보증번호     */
            , MRTGG_DELNG_DT                                                            /* 거래일시     */
            , MRTGG_DELNG_TY_CODE                                                       /* 거래유형     */
            , MRTGG_SUMRY                                                               /* 적요     */
            , MRTGG_DELNG_AMOUNT                                                        /* 거래금액     */
            , MRTGG_BLCE                                                                /* 잔액     */
            , MRTGG_DFNNT                                                               /* 차액     */
            , DELETE_AT                                                                 /* 삭제여부     */
            , DELETE_DT                                                                 /* 삭제일시     */
            , FRST_REGISTER_ID                                                          /* 최초등록자     */
            , FRST_REGIST_DT                                                            /* 최초등록일시     */
            , LAST_CHANGER_ID                                                           /* 최종변경자     */
            , LAST_CHANGE_DT                                                            /* 최종변경일시     */
        )
        SELECT TOP 1
            ENTRPS_MRTGG_SN
            , ENTRPS_MRTGG_CNTRCT_SN
            , ENTRPS_NO
            , GRNTY_NO
            , MRTGG_DELNG_DT
            , MRTGG_DELNG_TY_CODE
            , MRTGG_SUMRY
            , MRTGG_DELNG_AMOUNT
            , MRTGG_BLCE
            , MRTGG_DFNNT
            , DELETE_AT
            , DELETE_DT
            , FRST_REGISTER_ID
            , FRST_REGIST_DT
            , LAST_CHANGER_ID
            , LAST_CHANGE_DT
          FROM dbo.MB_ENTRPS_MRTGG_LMT_DTL
         WHERE 1=1
           AND ENTRPS_MRTGG_SN = #{entrpsMrtggSn}
    </insert>

    <insert id="insertMbEntrpsInfoBasHst" parameterType="com.sorincorp.batch.mb.model.MbEntrpsMrtggCntrctBasVO">
        /*  mbEntrpsMrtggCntrctBas.insertMbEntrpsInfoBasHst   */
        SET TRANSACTION ISOLATION LEVEL READ UNCOMMITTED
        INSERT INTO dbo.MB_ENTRPS_INFO_BAS_HST                                                                   /* 회원_업체 정보 기본           */
        (
             ENTRPS_NO                                                                                /* 업체 번호                     */
             , ERP_ENTRPS_CODE                                                                          /* ERP 업체 코드                 */
             , T_CODE                                                                                   /* tCode                         */
             , ENTRPSNM_KOREAN                                                                          /* 업체명 한글                   */
             , ENTRPSNM_ENG                                                                             /* 업체명 영문                   */
             , RPRSNTV_NM                                                                               /* 대표자 명                     */
             , BSNM_REGIST_NO                                                                           /* 사업자 등록 번호              */
             , CPR_REGIST_NO                                                                            /* 법인 등록 번호                */
             , ENTRPRS_BIZCND_CODE                                                                      /* 기업 업태 코드                */
             , ENTRPRS_ITEM_CODE                                                                        /* 기업 종목 코드                */
             , BSNM_TY_CODE                                                                             /* 사업자 유형 코드              */
             , CMPNY_TLPHON_NO                                                                          /* 회사 전화 번호                */
             , CMPNY_FAX_NO                                                                             /* 회사 팩스 번호                */
             , POST_NO                                                                                  /* 우편 번호                     */
             , ADRES                                                                                    /* 주소                          */
             , DETAIL_ADRES                                                                             /* 상세 주소                     */
             , RN_ADRES                                                                                 /* 도로명 주소                   */
             , RN_DETAIL_ADRES                                                                          /* 도로명 상세 주소              */
             , REFND_ACNUT_NO                                                                           /* 환불 계좌 번호                */
             , NEW_REFND_ACNUT_NO                                                                       /* 신규 환불 계좌 번호           */
             , OLD_REFND_ACNUT_NO                                                                       /* 구 환불 계좌 번호             */
             , REFND_ACNUT_NM                                                                           /* 환불 계좌 명의                */
             , EWALLET_ACNUT_NO                                                                         /* 이월렛 계좌 번호              */
             , REFND_ACNUT_STTUS_CODE                                                                   /* 환불 계좌 상태 코드           */
             , REFND_ACNUT_RGRSYNTH_AT                                                                  /* 환불 계좌 정합성 여부         */
             , REFND_ACNUT_RGRSYNTH_DT                                                                  /* 환불 계좌 정합성 일시         */
             , CSTMR_REGIST_MBY_CODE                                                                    /* 고객 등록 주체 코드           */
             , ENTRPS_GRAD_NO                                                                           /* 업체 등급 번호                */
             , PURCHSCHARGER_EMAIL                                                                      /* 구매담당자 이메일             */
             , CSTMR_PARTCLR_MATTER                                                                     /* 고객 특이 사항                */
             , CSTMR_PARTCLR_MATTER_LAST_CHANGER_ID                                                     /* 고객 특이 사항 최종 변경자 아이디*/
             , CSTMR_PARTCLR_MATTER_LAST_CHANGE_DT                                                      /* 고객 특이 사항 최종 변경 일시 */
             , SLE_METAL_LIST                                                                           /* 판매 금속 비트 코드           */
             , DLVRF_DSCNT_AT                                                                           /* 배송할인여부                  */
             , DLVRF_DSCNT_DT                                                                           /* 배송할인적용일자              */
             , ACNUT_UNREGIST_EMAIL_SNDNG_AT                                                            /* 계좌 미등록 메일 발송 여부    */
             , ACNUT_UNREGIST_EMAIL_SNDNG_DT                                                            /* 계좌 미등록 메일 발송 일시    */
             , CREDT_GRAD                                                                               /* 신용 등급                     */
             , ENTRPS_GRAD                                                                              /* 업체 등급                     */
             , ENTRPS_EVL_GRAD                                                                          /* 업체 평가 등급                */
             , ENTRPS_PURCHS_INCLN_GRAD                                                                 /* 업체 구매 성향 등급           */
             , SORIN_HOPE_LMT_AMOUNT                                                                    /* 케이지 희망 한도 금액           */
             , CDTLN_SVC_SE_CODE                                                                        /* 여신 서비스 구분 코드         */
             , WRTM_USE_AT                                                                              /* 증거금 사용 여부              */
             , WRTM_REQST_DT                                                                            /* 증거금 신청 일시              */
             , WRTM_TRMNAT_DT                                                                           /* 증거금 해지 일시              */
             , WRTM_CONFM_AT                                                                            /* 증거금 승인 여부              */
             , MRTGG_GRNTY_USE_AT                                                                       /* 담보 보증 사용 여부           */
             , MRTGG_GRNTY_REQST_DT                                                                     /* 담보 보증 신청 일시           */
             , MRTGG_GRNTY_TRMNAT_DT                                                                    /* 담보 보증 해지 일시           */
             , MRTGG_GRNTY_INSRNC_TARIFF                                                                /* 담보 보증 보험 요율           */
             , MRTGG_GRNTY_INSRNC_TARIFF_DCMLPOINT                                                      /* 담보 보증 보험 요율 소수점    */
             , MRTGG_GRNTY_CNTRCT_AT                                                                    /* 담보 보증 계약 여부           */
             , MRTGG_GRNTY_FEE_BND_MBY_AT                                                               /* 담보 보증 수수료 부담 주체 여부*/
             , MRTGG_GRNTY_IRNCF                                                                        /* 담보 보증 보험료              */
             , LON_GRNTY_USE_AT                                                                         /* 대출 보증 사용 여부           */
             , LON_GRNTY_FEE_BND_MBY_AT                                                                 /* 대출 보증 수수료 부담 주체 여부*/
             , WRTM_REQST_AT                                                                            /* 증거금 신청 여부              */
             , MRTGG_GRNTY_REQST_AT                                                                     /* 담보 보증 신청 여부           */
             , LON_GRNTY_REQST_AT                                                                       /* 대출 보증 신청 여부           */
             , MRTGG_GRNTY_IRNCF_SPORT_STDR_AMOUNT                                                      /* 담보 보증 보험료 지원 기준 금액*/
             , MRTGG_GRNTY_CNFIRM_IRNCF                                                                 /* 담보 보증 확인 보험료         */
             , CHANGE_CONFM_DETAIL_CODE                                                                 /* 변경 승인 상세 코드           */
             , CHANGE_REQUST_RESN                                                                       /* 변경 요청 사유                */
             , LON_GRNTY_REQST_DT                                                                       /* 대출 보증 신청 일시           */
             , LON_GRNTY_TRMNAT_DT                                                                      /* 대출 보증 해지 일시           */
             , WRTM_TRMNAT_AT                                                                           /* 증거금 해지 여부              */
             , MRTGG_GRNTY_TRMNAT_AT                                                                    /* 담보 보증 해지 여부           */
             , LON_GRNTY_TRMNAT_AT                                                                      /* 대출 보증 해지 여부           */
             , MLG_ACCMLT_TRNOV                                                                         /* 마일리지 누적 회전율          */
             , MRTGG_GRNTY_CONFM_AT                                                                     /* 담보 보증 승인 여부           */
             , LON_GRNTY_CONFM_AT                                                                       /* 대출 보증 승인 여부           */
             , ARRRG_CO                                                                                 /* 연체 건수                     */
             , ACDNT_CO                                                                                 /* 사고 건수                     */
             , DELETE_AT                                                                                /* 삭제 여부                     */
             , DELETE_DT                                                                                /* 삭제 일시                     */
             , FRST_REGISTER_ID                                                                         /* 최초 등록자 아이디            */
             , FRST_REGIST_DT                                                                           /* 최초 등록 일시                */
             , LAST_CHANGER_ID                                                                          /* 최종 변경자 아이디            */
             , LAST_CHANGE_DT                                                                           /* 최종 변경 일시                */
        )
        SELECT
               MEIB.ENTRPS_NO                                                                                /* 업체 번호                     */
             , MEIB.ERP_ENTRPS_CODE                                                                          /* ERP 업체 코드                 */
             , MEIB.T_CODE                                                                                   /* tCode                         */
             , MEIB.ENTRPSNM_KOREAN                                                                          /* 업체명 한글                   */
             , MEIB.ENTRPSNM_ENG                                                                             /* 업체명 영문                   */
             , MEIB.RPRSNTV_NM                                                                               /* 대표자 명                     */
             , MEIB.BSNM_REGIST_NO                                                                           /* 사업자 등록 번호              */
             , MEIB.CPR_REGIST_NO                                                                            /* 법인 등록 번호                */
             , MEIB.ENTRPRS_BIZCND_CODE                                                                      /* 기업 업태 코드                */
             , MEIB.ENTRPRS_ITEM_CODE                                                                        /* 기업 종목 코드                */
             , MEIB.BSNM_TY_CODE                                                                             /* 사업자 유형 코드              */
             , MEIB.CMPNY_TLPHON_NO                                                                          /* 회사 전화 번호                */
             , MEIB.CMPNY_FAX_NO                                                                             /* 회사 팩스 번호                */
             , MEIB.POST_NO                                                                                  /* 우편 번호                     */
             , MEIB.ADRES                                                                                    /* 주소                          */
             , MEIB.DETAIL_ADRES                                                                             /* 상세 주소                     */
             , MEIB.RN_ADRES                                                                                 /* 도로명 주소                   */
             , MEIB.RN_DETAIL_ADRES                                                                          /* 도로명 상세 주소              */
             , MEIB.REFND_ACNUT_NO                                                                           /* 환불 계좌 번호                */
             , MEIB.NEW_REFND_ACNUT_NO                                                                       /* 신규 환불 계좌 번호           */
             , MEIB.OLD_REFND_ACNUT_NO                                                                       /* 구 환불 계좌 번호             */
             , MEIB.REFND_ACNUT_NM                                                                           /* 환불 계좌 명의                */
             , MEIB.EWALLET_ACNUT_NO                                                                         /* 이월렛 계좌 번호              */
             , MEIB.REFND_ACNUT_STTUS_CODE                                                                   /* 환불 계좌 상태 코드           */
             , MEIB.REFND_ACNUT_RGRSYNTH_AT                                                                  /* 환불 계좌 정합성 여부         */
             , MEIB.REFND_ACNUT_RGRSYNTH_DT                                                                  /* 환불 계좌 정합성 일시         */
             , MEIB.CSTMR_REGIST_MBY_CODE                                                                    /* 고객 등록 주체 코드           */
             , MEIB.ENTRPS_GRAD_NO                                                                           /* 업체 등급 번호                */
             , MEIB.PURCHSCHARGER_EMAIL                                                                      /* 구매담당자 이메일             */
             , MEIB.CSTMR_PARTCLR_MATTER                                                                     /* 고객 특이 사항                */
             , MEIB.CSTMR_PARTCLR_MATTER_LAST_CHANGER_ID                                                     /* 고객 특이 사항 최종 변경자 아이디*/
             , MEIB.CSTMR_PARTCLR_MATTER_LAST_CHANGE_DT                                                      /* 고객 특이 사항 최종 변경 일시 */
             , MEIB.SLE_METAL_LIST                                                                           /* 판매 금속 비트 코드           */
             , MEIB.DLVRF_DSCNT_AT                                                                           /* 배송할인여부                  */
             , MEIB.DLVRF_DSCNT_DT                                                                           /* 배송할인적용일자              */
             , MEIB.ACNUT_UNREGIST_EMAIL_SNDNG_AT                                                            /* 계좌 미등록 메일 발송 여부    */
             , MEIB.ACNUT_UNREGIST_EMAIL_SNDNG_DT                                                            /* 계좌 미등록 메일 발송 일시    */
             , MEIB.CREDT_GRAD                                                                               /* 신용 등급                     */
             , MEIB.ENTRPS_GRAD                                                                              /* 업체 등급                     */
             , MEIB.ENTRPS_EVL_GRAD                                                                          /* 업체 평가 등급                */
             , MEIB.ENTRPS_PURCHS_INCLN_GRAD                                                                 /* 업체 구매 성향 등급           */
             , MEIB.SORIN_HOPE_LMT_AMOUNT                                                                    /* 케이지 희망 한도 금액           */
             , MEIB.CDTLN_SVC_SE_CODE                                                                        /* 여신 서비스 구분 코드         */
             , MEIB.WRTM_USE_AT                                                                              /* 증거금 사용 여부              */
             , MEIB.WRTM_REQST_DT                                                                            /* 증거금 신청 일시              */
             , MEIB.WRTM_TRMNAT_DT                                                                           /* 증거금 해지 일시              */
             , MEIB.WRTM_CONFM_AT                                                                            /* 증거금 승인 여부              */
             , MEIB.MRTGG_GRNTY_USE_AT                                                                       /* 담보 보증 사용 여부           */
             , MEIB.MRTGG_GRNTY_REQST_DT                                                                     /* 담보 보증 신청 일시           */
             , MEIB.MRTGG_GRNTY_TRMNAT_DT                                                                    /* 담보 보증 해지 일시           */
             , MEIB.MRTGG_GRNTY_INSRNC_TARIFF                                                                /* 담보 보증 보험 요율           */
             , MEIB.MRTGG_GRNTY_INSRNC_TARIFF_DCMLPOINT                                                      /* 담보 보증 보험 요율 소수점    */
             , MEIB.MRTGG_GRNTY_CNTRCT_AT                                                                    /* 담보 보증 계약 여부           */
             , MEIB.MRTGG_GRNTY_FEE_BND_MBY_AT                                                               /* 담보 보증 수수료 부담 주체 여부*/
             , MEIB.MRTGG_GRNTY_IRNCF                                                                        /* 담보 보증 보험료              */
             , MEIB.LON_GRNTY_USE_AT                                                                         /* 대출 보증 사용 여부           */
             , MEIB.LON_GRNTY_FEE_BND_MBY_AT                                                                 /* 대출 보증 수수료 부담 주체 여부*/
             , MEIB.WRTM_REQST_AT                                                                            /* 증거금 신청 여부              */
             , MEIB.MRTGG_GRNTY_REQST_AT                                                                     /* 담보 보증 신청 여부           */
             , MEIB.LON_GRNTY_REQST_AT                                                                       /* 대출 보증 신청 여부           */
             , MEIB.MRTGG_GRNTY_IRNCF_SPORT_STDR_AMOUNT                                                      /* 담보 보증 보험료 지원 기준 금액*/
             , MEIB.MRTGG_GRNTY_CNFIRM_IRNCF                                                                 /* 담보 보증 확인 보험료         */
             , MEIB.CHANGE_CONFM_DETAIL_CODE                                                                 /* 변경 승인 상세 코드           */
             , MEIB.CHANGE_REQUST_RESN                                                                       /* 변경 요청 사유                */
             , MEIB.LON_GRNTY_REQST_DT                                                                       /* 대출 보증 신청 일시           */
             , MEIB.LON_GRNTY_TRMNAT_DT                                                                      /* 대출 보증 해지 일시           */
             , MEIB.WRTM_TRMNAT_AT                                                                           /* 증거금 해지 여부              */
             , MEIB.MRTGG_GRNTY_TRMNAT_AT                                                                    /* 담보 보증 해지 여부           */
             , MEIB.LON_GRNTY_TRMNAT_AT                                                                      /* 대출 보증 해지 여부           */
             , MEIB.MLG_ACCMLT_TRNOV                                                                         /* 마일리지 누적 회전율          */
             , MEIB.MRTGG_GRNTY_CONFM_AT                                                                     /* 담보 보증 승인 여부           */
             , MEIB.LON_GRNTY_CONFM_AT                                                                       /* 대출 보증 승인 여부           */
             , MEIB.ARRRG_CO                                                                                 /* 연체 건수                     */
             , MEIB.ACDNT_CO                                                                                 /* 사고 건수                     */
             , MEIB.DELETE_AT                                                                                /* 삭제 여부                     */
             , MEIB.DELETE_DT                                                                                /* 삭제 일시                     */
             , MEIB.FRST_REGISTER_ID                                                                         /* 최초 등록자 아이디            */
             , MEIB.FRST_REGIST_DT                                                                           /* 최초 등록 일시                */
             , MEIB.LAST_CHANGER_ID                                                                          /* 최종 변경자 아이디            */
             , MEIB.LAST_CHANGE_DT                                                                           /* 최종 변경 일시                */
          FROM dbo.MB_ENTRPS_INFO_BAS AS MEIB
         WHERE 1=1
           AND MEIB.ENTRPS_NO = #{entrpsNo}
    </insert>

    <select id="selectMbEntrpsMlgInfoDtlList" parameterType="com.sorincorp.batch.mb.model.MbEntrpsMrtggCntrctBasVO" resultType="com.sorincorp.batch.mb.model.MbEntrpsMrtggCntrctBasVO">
        /*  mbEntrpsMrtggCntrctBas.selectMbEntrpsMlgInfoDtlList   */
        SET TRANSACTION ISOLATION LEVEL READ UNCOMMITTED
        SELECT
            MEMID.MLG_SN
            , MEMID.ENTRPS_NO
            , MEMID.GRNTY_NO
            , MEMID.MLG_SE
            , MEMID.DELNG_MLG
            , MEMID.ORDER_NO
            , MEMID.CANCL_EXCHNG_RTNGUD_NO
          FROM dbo.MB_ENTRPS_MLG_INFO_DTL AS MEMID
         WHERE 1=1
           AND MEMID.ENTRPS_NO                                          = #{entrpsNo}
           AND MEMID.GRNTY_NO                                           = #{grntyNo}
           AND MEMID.MLG_SE                                             = '02'              /*  마일리지 구분 02:적립예정 */
           AND MEMID.MLG_TY                                             = '08'              /*  마일리지 유형 08: 보증수수료 */
           AND ISNULL(MEMID.ACCML_EXTSH_AT, 'N')                        = 'N'
           AND ISNULL(MEMID.DELETE_AT, 'N')                             = 'N'
    </select>

    <select id="selectRemndrMlgCnt" parameterType="com.sorincorp.batch.mb.model.MbEntrpsMrtggCntrctBasVO" resultType="Integer">
        /*  mbEntrpsMrtggCntrctBas.selectRemndrMlgCnt   */
        SET TRANSACTION ISOLATION LEVEL READ UNCOMMITTED
        SELECT
            COUNT(MLG_SN)
          FROM dbo.MB_ENTRPS_MLG_INFO_DTL
         WHERE 1=1
           AND ENTRPS_NO                        = #{entrpsNo}
           AND MLG_SE                           = '01'
           AND MLG_TY                          != '05'
           AND ISNULL(ACCML_EXTSH_AT, 'N')      = 'N'
           AND ISNULL(DELETE_AT, 'N')           = 'N'
    </select>

    <select id="selectRemndrMlg" parameterType="com.sorincorp.batch.mb.model.MbEntrpsMrtggCntrctBasVO" resultType="Integer">
        /*  mbEntrpsMrtggCntrctBas.selectRemndrMlg   */
        SET TRANSACTION ISOLATION LEVEL READ UNCOMMITTED
        SELECT TOP 1
            REMNDR_MLG
          FROM dbo.MB_ENTRPS_MLG_INFO_DTL
         WHERE 1=1
           AND ENTRPS_NO                        = #{entrpsNo}
           AND MLG_SE                           = '01'
           AND MLG_TY                          != '05'
           AND ISNULL(ACCML_EXTSH_AT, 'N')      = 'N'
           AND ISNULL(DELETE_AT, 'N')           = 'N'
         ORDER BY MLG_DELNG_DT DESC, MLG_SN DESC
    </select>

    <insert id="insertMbEntrpsMlgInfoDtl" parameterType="com.sorincorp.batch.mb.model.MbEntrpsMrtggCntrctBasVO" useGeneratedKeys="true" keyProperty="mlgSn">
        /*  mbEntrpsMrtggCntrctBas.insertMbEntrpsMlgInfoDtl   */
        INSERT INTO dbo.MB_ENTRPS_MLG_INFO_DTL
        (
            ENTRPS_NO
            , MLG_DELNG_DT
            , MLG_END_DE
            , MLG_SE
            , MLG_TY
            , MLG_DETAIL_DTLS
            , DELNG_MLG
            , REMNDR_MLG
            , DELETE_AT
            , DELETE_DT
            , FRST_REGISTER_ID
            , FRST_REGIST_DT
            , LAST_CHANGER_ID
            , LAST_CHANGE_DT
            , ORDER_NO
            , CANCL_EXCHNG_RTNGUD_NO
            , GRNTY_NO
        )
        VALUES
        (
            #{entrpsNo}
            , GETDATE()
            , GETDATE()
            , #{mlgSe}
            , #{mlgTy}
            , #{mlgDetailDtls}
            , #{delngMlg}
            , #{remndrMlg}
            , 'N'
            , NULL
            , #{frstRegisterId}
            , GETDATE()
            , #{lastChangerId}
            , GETDATE()
            , #{orderNo}
            , #{canclExchngRtngudNo}
            , #{grntyNo}
        )
    </insert>

    <insert id="insertMbEntrpsMlgInfoDtlHst" parameterType="com.sorincorp.batch.mb.model.MbEntrpsMrtggCntrctBasVO">
        /*  mbEntrpsMrtggCntrctBas.insertMbEntrpsMlgInfoDtlHst   */
        INSERT INTO dbo.MB_ENTRPS_MLG_INFO_DTL_HST
        (
            MLG_SN
            , ENTRPS_NO
            , MLG_DELNG_DT
            , MLG_END_DE
            , MLG_SE
            , MLG_TY
            , MLG_DETAIL_DTLS
            , DELNG_MLG
            , REMNDR_MLG
            , DELETE_AT
            , DELETE_DT
            , FRST_REGISTER_ID
            , FRST_REGIST_DT
            , LAST_CHANGER_ID
            , LAST_CHANGE_DT
            , ORDER_NO
            , CANCL_EXCHNG_RTNGUD_NO
            , GRNTY_NO
            , ACCML_EXTSH_AT
        )
        SELECT TOP 1
            MLG_SN
            , ENTRPS_NO
            , MLG_DELNG_DT
            , MLG_END_DE
            , MLG_SE
            , MLG_TY
            , MLG_DETAIL_DTLS
            , DELNG_MLG
            , REMNDR_MLG
            , DELETE_AT
            , DELETE_DT
            , FRST_REGISTER_ID
            , FRST_REGIST_DT
            , LAST_CHANGER_ID
            , LAST_CHANGE_DT
            , ORDER_NO
            , CANCL_EXCHNG_RTNGUD_NO
            , GRNTY_NO
            , ACCML_EXTSH_AT
          FROM dbo.MB_ENTRPS_MLG_INFO_DTL
         WHERE 1=1
           AND MLG_SN                       = #{mlgSn}
    </insert>

    <update id="updateMbEntrpsMlgInfoDtl" parameterType="com.sorincorp.batch.mb.model.MbEntrpsMrtggCntrctBasVO">
        /*  mbEntrpsMrtggCntrctBas.updateMbEntrpsMlgInfoDtl   */
        UPDATE dbo.MB_ENTRPS_MLG_INFO_DTL
            SET ACCML_EXTSH_AT                  = 'Y'
                , LAST_CHANGER_ID               = #{lastChangerId}
                , LAST_CHANGE_DT                = GETDATE()
        WHERE 1=1
          AND MLG_SN                            = #{mlgSn}
    </update>
</mapper>