<?xml version="1.0" encoding="UTF-8"?>
<!DOCTYPE mapper PUBLIC "-//mybatis.org//DTD Mapper 3.0//EN" "http://mybatis.org/dtd/mybatis-3-mapper.dtd">
<mapper namespace="com.sorincorp.batch.mb.mapper.MbEntrpsGradEvlMapper">

    <select id="selectMbEntrpsGradEvlDeInfo" parameterType="java.util.HashMap" resultType="com.sorincorp.batch.mb.model.MbEntrpsGradEvlVO">
        /*  mbEntrpsGradEvl.selectMbEntrpsGradEvlDeInfo   */
        SET TRANSACTION ISOLATION LEVEL READ UNCOMMITTED
        SELECT
            G1.GRAD_EVL_SN
            , G1.GRAD_EVL_QU
            , G1.GRAD_EVL_DE
            , G1.TODAY
            , CASE WHEN G1.GRAD_EVL_QU = 'QY' AND G1.TODAY = G1.ONE_QY THEN 'Y' ELSE 'N' END ONE_QY_YN
            , CASE WHEN G1.GRAD_EVL_QU = 'QY' AND G1.TODAY = G1.TWO_QY THEN 'Y' ELSE 'N' END TWO_QY_YN
            , CASE WHEN G1.GRAD_EVL_QU = 'QY' AND G1.TODAY = G1.THREE_QY THEN 'Y' ELSE 'N' END THREE_QY_YN
            , CASE WHEN G1.GRAD_EVL_QU = 'QY' AND G1.TODAY = G1.FOUR_QY THEN 'Y' ELSE 'N' END FOUR_QY_YN
            , CASE WHEN G1.GRAD_EVL_QU = 'HY' AND G1.TODAY = G1.ONE_HY THEN 'Y' ELSE 'N' END ONE_HY_YN
            , CASE WHEN G1.GRAD_EVL_QU = 'HY' AND G1.TODAY = G1.TWO_HY THEN 'Y' ELSE 'N' END TWO_HY_YN
            , CASE WHEN G1.GRAD_EVL_QU = 'YY' AND G1.TODAY = G1.ONE_YY THEN 'Y' ELSE 'N' END ONE_YY_YN
        FROM (
            SELECT
                T1.GRAD_EVL_SN
                , T1.GRAD_EVL_QU
                , T1.GRAD_EVL_DE
                , T1.YYYY
                , T1.MM
                , T1.DD
                <choose>
                    <when test="gradCalcDt != null and gradCalcDt neq ''">
                , #{gradCalcDt} AS TODAY
                    </when>
                    <otherwise>
                , T1.YYYY+T1.MM+T1.DD AS TODAY
                    </otherwise>
                </choose>
                , T1.YYYY + '0401' AS ONE_QY
                , T1.YYYY + '0701' AS TWO_QY
                , T1.YYYY + '1001' AS THREE_QY
                , T1.YYYY + '0101' AS FOUR_QY
                , T1.YYYY + '0701' AS ONE_HY
                , T1.YYYY + '0101' AS TWO_HY
                , T1.YYYY + '0101' AS ONE_YY
            FROM (
                SELECT TOP 1
                    GRAD_EVL_SN
                    , GRAD_EVL_QU
                    , GRAD_EVL_DE
                    , FORMAT(GETDATE(), 'yyyy') AS YYYY
                    , FORMAT(GETDATE(), 'MM') AS MM
                    , FORMAT(GETDATE(), 'dd') AS DD
                FROM dbo.MB_ENTRPS_GRAD_MANAGE_BAS
                WHERE 1=1
                  AND DELETE_AT = 'N'
                ORDER BY GRAD_IEM_SN
            ) AS T1
            WHERE 1=1
        ) AS G1
        WHERE 1=1
    </select>

    <select id="selectMbEntrpsGradEvlInfo" parameterType="com.sorincorp.batch.mb.model.MbEntrpsGradEvlVO" resultType="com.sorincorp.batch.mb.model.MbEntrpsGradEvlVO">
        /*  mbEntrpsGradEvl.selectMbEntrpsGradEvlInfo   */
        <![CDATA[
        SET TRANSACTION ISOLATION LEVEL READ UNCOMMITTED
        SELECT TOP 1
            G1.ENTRPS_NO
            , G1.ORDER_TON_CO_STDR_SCORE AS ORDER_TON_CO_SCORE
            , G1.ORDER_FQ_STDR_SCORE AS ORDER_FQ_SCORE
            , G1.EVL_STDR_SM_SCORE
            , G2.ENTRPS_GRAD
            , dbo.fn_getCodeNm('ENTRPS_GRAD_CODE', G2.ENTRPS_GRAD) AS ENTRPS_GRAD_NM
        FROM (
            SELECT
                T1.ENTRPS_NO
                , T1.ORDER_TON_CO_STDR_SCORE
                , T1.ORDER_FQ_STDR_SCORE
                , ISNULL(T1.ORDER_TON_CO_STDR_SCORE, 0) + ISNULL(T1.ORDER_FQ_STDR_SCORE, 0) AS EVL_STDR_SM_SCORE
              FROM (
                    SELECT
                        ENTRPS_NO
                        , (
                               SELECT
                                    ORDER_TON_CO_STDR_SCORE
                                 FROM dbo.MB_ENTRPS_GRAD_MANAGE_BAS
                                WHERE 1=1
                                  AND BEGIN_ORDER_TON_CO <= #{totOrderTonCo}
                                  AND END_ORDER_TON_CO >= #{totOrderTonCo}
                                  AND ISNULL(DELETE_AT, 'N') = 'N'
                            ) AS ORDER_TON_CO_STDR_SCORE
                        , (
                                SELECT
                                    ORDER_FQ_STDR_SCORE
                                  FROM dbo.MB_ENTRPS_GRAD_MANAGE_BAS
                                 WHERE 1=1
                                   AND BEGIN_FQ_CO <= #{totFqCo}
                                    AND END_FQ_CO >= #{totFqCo}
                                    AND ISNULL(DELETE_AT, 'N') = 'N'
                            ) AS ORDER_FQ_STDR_SCORE
                    FROM dbo.MB_ENTRPS_INFO_BAS
                    WHERE 1=1
                      AND ENTRPS_NO = #{entrpsNo}
                ) AS T1
            ) AS G1
            INNER JOIN dbo.MB_ENTRPS_GRAD_MANAGE_BAS AS G2
               ON G1.EVL_STDR_SM_SCORE BETWEEN G2.BEGIN_SM_SCORE AND G2.END_SM_SCORE
              AND ISNULL(G2.DELETE_AT, 'N') = 'N'
            WHERE 1=1
              AND G2.GRAD_EVL_SN = #{gradEvlSn}
        ]]>
    </select>

    <select id="selectEntrpsList" resultType="com.sorincorp.batch.mb.model.MbEntrpsGradEvlVO">
        /*  mbEntrpsGradEvl.selectEntrpsList   */
        SET TRANSACTION ISOLATION LEVEL READ UNCOMMITTED
        SELECT
            MEIB.ENTRPS_NO
            , MMIB.MBER_NO
            , MMIB.MBER_ID
            , MMIB.MBER_EMAIL
            , MEIB.ENTRPS_GRAD
            , dbo.fn_getCodeNm('ENTRPS_GRAD_CODE', MEIB.ENTRPS_GRAD) AS ENTRPS_GRAD_NM
            , MEIB.ENTRPSNM_KOREAN
            , MMIB.MOBLPHON_NO
          FROM dbo.MB_ENTRPS_INFO_BAS AS MEIB
         INNER JOIN dbo.MB_MBER_INFO_BAS AS MMIB
            ON MEIB.ENTRPS_NO = MMIB.ENTRPS_NO
           AND MMIB.MBER_SE_CODE = '01'
           AND MMIB.MBER_STTUS_CODE IN ('01', '02', '03')
         WHERE  1=1
           AND ISNULL(MEIB.DELETE_AT, 'N') = 'N'
           AND ISNULL(MMIB.DELETE_AT, 'N') = 'N'
           <!-- AND MEIB.ENTRPS_NO = 'C0180' -->
    </select>

    <insert id="insertMbEntrpsGradCalcDtl" parameterType="com.sorincorp.batch.mb.model.MbEntrpsGradEvlVO" useGeneratedKeys="true" keyProperty="gradCalcSn">
        /*  mbEntrpsGradEvl.insertMbEntrpsGradCalcDtl   */
        INSERT INTO dbo.MB_ENTRPS_GRAD_CALC_DTL                                                              /* 회원_업체 등급 산정 상세      */
        (
               ENTRPS_NO                                                                                     /* 업체 번호                     */
             , GRAD_EVL_DT                                                                                   /* 등급 평가 일시                */
             , GRAD_EVL_QU                                                                                   /* 등급 평가 분기                */
             , GRAD_EVL_MTH_CODE                                                                             /* 등급 평가 방법 코드           */
             , TON_CO_BEFORE_QU_ACMTL                                                                        /* 톤 수 직전 분기 누계          */
             , TON_CO_PRTINT_ACCMLT                                                                          /* 톤 수 당해 누적               */
             , ORDER_TON_CO_SCORE                                                                            /* 주문 톤 수 점수               */
             , FQ_BEFORE_QU_ACMTL                                                                            /* 빈도 직전 분기 누계           */
             , FQ_PRTINT_ACCMLT                                                                              /* 빈도 당해 누적                */
             , ORDER_FQ_SCORE                                                                                /* 주문 빈도 점수                */
             , EVL_STDR_SM_SCORE                                                                             /* 평가 기준 합계 점수           */
             , ENTRPS_GRAD                                                                                   /* 업체 등급                     */
             , DELETE_AT                                                                                     /* 삭제 여부                     */
             , DELETE_DT                                                                                     /* 삭제 일시                     */
             , FRST_REGISTER_ID                                                                              /* 최초 등록자 아이디            */
             , FRST_REGIST_DT                                                                                /* 최초 등록 일시                */
             , LAST_CHANGER_ID                                                                               /* 최종 변경자 아이디            */
             , LAST_CHANGE_DT                                                                                /* 최종 변경 일시                */
        )
        VALUES
        (
               #{entrpsNo}                                                                                   /* 업체 번호                     */
             , GETDATE()                                                                                  /* 등급 평가 일시                */
             , #{gradEvlQu}                                                                                  /* 등급 평가 분기                */
             , #{gradEvlMthCode}                                                                             /* 등급 평가 방법 코드           */
             , #{tonCoBeforeQuAcmtl}                                                                         /* 톤 수 직전 분기 누계          */
             , #{tonCoPrtintAccmlt}                                                                          /* 톤 수 당해 누적               */
             , #{orderTonCoScore}                                                                            /* 주문 톤 수 점수               */
             , #{fqBeforeQuAcmtl}                                                                            /* 빈도 직전 분기 누계           */
             , #{fqPrtintAccmlt}                                                                             /* 빈도 당해 누적                */
             , #{orderFqScore}                                                                               /* 주문 빈도 점수                */
             , #{evlStdrSmScore}                                                                             /* 평가 기준 합계 점수           */
             , #{entrpsGrad}                                                                                 /* 업체 등급                     */
             , 'N'                                                                                   /* 삭제 여부                     */
             , NULL                                                                                   /* 삭제 일시                     */
             , #{lastChangerId}                                                                             /* 최초 등록자 아이디            */
             , GETDATE()                                                                               /* 최초 등록 일시                */
             , #{lastChangerId}                                                                              /* 최종 변경자 아이디            */
             , GETDATE()                                                                               /* 최종 변경 일시                */
        )
    </insert>

    <insert id="insertMbEntrpsGradManageDtl" parameterType="com.sorincorp.batch.mb.model.MbEntrpsGradEvlVO">
        /*  mbEntrpsGradEvl.insertMbEntrpsGradManageDtl   */
        SET TRANSACTION ISOLATION LEVEL READ UNCOMMITTED
        INSERT INTO dbo.MB_ENTRPS_GRAD_MANAGE_DTL                                                              /* 회원_업체 등급 산정 상세 이력      */
        (
             GRAD_CALC_SN
             , GRAD_EVL_SN                                                                                     /* 등급 평가 순번                */
             , GRAD_EVL_QU                                                                                   /* 등급 평가 분기                */
             , GRAD_EVL_DE                                                                                   /* 등급 평가 일자                */
             , GRAD_IEM_SN                                                                                   /* 등급 평가 항목순번           */
             , ENTRPS_GRAD                                                                                   /* 업체 등급                     */
             , BEGIN_ORDER_TON_CO                                                                            /* 시작 주문 톤 수               */
             , END_ORDER_TON_CO                                                                              /* 종료 주문 톤 수               */
             , ORDER_TON_CO_STDR_SCORE                                                                       /* 주문 톤 수 기준 점수          */
             , BEGIN_FQ_CO                                                                                   /* 시작 빈도 수                  */
             , END_FQ_CO                                                                                     /* 종료 빈도 수                  */
             , ORDER_FQ_STDR_SCORE                                                                           /* 주문 빈도 기준 점수           */
             , BEGIN_SM_SCORE                                                                                /* 시작 합계 점수                */
             , END_SM_SCORE                                                                                  /* 종료 합계 점수                */
             , DELETE_AT                                                                                     /* 삭제 여부                     */
             , DELETE_DT                                                                                     /* 삭제 일시                     */
             , FRST_REGISTER_ID                                                                              /* 최초 등록자 아이디            */
             , FRST_REGIST_DT                                                                                /* 최초 등록 일시                */
             , LAST_CHANGER_ID                                                                               /* 최종 변경자 아이디            */
             , LAST_CHANGE_DT                                                                                /* 최종 변경 일시                */
        )
        SELECT
             #{gradCalcSn}
             , GRAD_EVL_SN                                                                                     /* 등급 평가 순번                */
             , GRAD_EVL_QU                                                                                   /* 등급 평가 분기                */
             , GRAD_EVL_DE                                                                                   /* 등급 평가 일자                */
             , GRAD_IEM_SN                                                                                   /* 등급 평가 항목순번           */
             , ENTRPS_GRAD                                                                                   /* 업체 등급                     */
             , BEGIN_ORDER_TON_CO                                                                            /* 시작 주문 톤 수               */
             , END_ORDER_TON_CO                                                                              /* 종료 주문 톤 수               */
             , ORDER_TON_CO_STDR_SCORE                                                                       /* 주문 톤 수 기준 점수          */
             , BEGIN_FQ_CO                                                                                   /* 시작 빈도 수                  */
             , END_FQ_CO                                                                                     /* 종료 빈도 수                  */
             , ORDER_FQ_STDR_SCORE                                                                           /* 주문 빈도 기준 점수           */
             , BEGIN_SM_SCORE                                                                                /* 시작 합계 점수                */
             , END_SM_SCORE                                                                                  /* 종료 합계 점수                */
             , DELETE_AT                                                                                     /* 삭제 여부                     */
             , DELETE_DT                                                                                     /* 삭제 일시                     */
             , FRST_REGISTER_ID                                                                              /* 최초 등록자 아이디            */
             , FRST_REGIST_DT                                                                                /* 최초 등록 일시                */
             , LAST_CHANGER_ID                                                                               /* 최종 변경자 아이디            */
             , LAST_CHANGE_DT                                                                                /* 최종 변경 일시                */
         FROM dbo.MB_ENTRPS_GRAD_MANAGE_BAS
        WHERE 1=1
          AND GRAD_EVL_SN                               = #{gradEvlSn}
          AND ISNULL(DELETE_AT, 'N')                    = 'N'
        ORDER BY GRAD_IEM_SN
    </insert>

    <insert id="insertMbEntrpsGradCalcDtlHst" parameterType="com.sorincorp.batch.mb.model.MbEntrpsGradEvlVO">
        /*  mbEntrpsGradEvl.insertMbEntrpsGradCalcDtlHst   */
        SET TRANSACTION ISOLATION LEVEL READ UNCOMMITTED
        INSERT INTO dbo.MB_ENTRPS_GRAD_CALC_DTL_HST                                                              /* 회원_업체 등급 산정 상세 이력      */
        (
             GRAD_CALC_SN
             , ENTRPS_NO                                                                                     /* 업체 번호                     */
             , GRAD_EVL_DT                                                                                   /* 등급 평가 일시                */
             , GRAD_EVL_QU                                                                                   /* 등급 평가 분기                */
             , GRAD_EVL_MTH_CODE                                                                             /* 등급 평가 방법 코드           */
             , TON_CO_BEFORE_QU_ACMTL                                                                        /* 톤 수 직전 분기 누계          */
             , TON_CO_PRTINT_ACCMLT                                                                          /* 톤 수 당해 누적               */
             , ORDER_TON_CO_SCORE                                                                            /* 주문 톤 수 점수               */
             , FQ_BEFORE_QU_ACMTL                                                                            /* 빈도 직전 분기 누계           */
             , FQ_PRTINT_ACCMLT                                                                              /* 빈도 당해 누적                */
             , ORDER_FQ_SCORE                                                                                /* 주문 빈도 점수                */
             , EVL_STDR_SM_SCORE                                                                             /* 평가 기준 합계 점수           */
             , ENTRPS_GRAD                                                                                   /* 업체 등급                     */
             , DELETE_AT                                                                                     /* 삭제 여부                     */
             , DELETE_DT                                                                                     /* 삭제 일시                     */
             , FRST_REGISTER_ID                                                                              /* 최초 등록자 아이디            */
             , FRST_REGIST_DT                                                                                /* 최초 등록 일시                */
             , LAST_CHANGER_ID                                                                               /* 최종 변경자 아이디            */
             , LAST_CHANGE_DT                                                                                /* 최종 변경 일시                */
        )
        SELECT
               GRAD_CALC_SN
             , ENTRPS_NO                                                                                     /* 업체 번호                     */
             , GRAD_EVL_DT                                                                                   /* 등급 평가 일시                */
             , GRAD_EVL_QU                                                                                   /* 등급 평가 분기                */
             , GRAD_EVL_MTH_CODE                                                                             /* 등급 평가 방법 코드           */
             , TON_CO_BEFORE_QU_ACMTL                                                                        /* 톤 수 직전 분기 누계          */
             , TON_CO_PRTINT_ACCMLT                                                                          /* 톤 수 당해 누적               */
             , ORDER_TON_CO_SCORE                                                                            /* 주문 톤 수 점수               */
             , FQ_BEFORE_QU_ACMTL                                                                            /* 빈도 직전 분기 누계           */
             , FQ_PRTINT_ACCMLT                                                                              /* 빈도 당해 누적                */
             , ORDER_FQ_SCORE                                                                                /* 주문 빈도 점수                */
             , EVL_STDR_SM_SCORE                                                                             /* 평가 기준 합계 점수           */
             , ENTRPS_GRAD                                                                                   /* 업체 등급                     */
             , DELETE_AT                                                                                     /* 삭제 여부                     */
             , DELETE_DT                                                                                     /* 삭제 일시                     */
             , FRST_REGISTER_ID                                                                              /* 최초 등록자 아이디            */
             , FRST_REGIST_DT                                                                                /* 최초 등록 일시                */
             , LAST_CHANGER_ID                                                                               /* 최종 변경자 아이디            */
             , LAST_CHANGE_DT                                                                                /* 최종 변경 일시                */
         FROM dbo.MB_ENTRPS_GRAD_CALC_DTL
        WHERE 1=1
          AND GRAD_CALC_SN = #{gradCalcSn}
    </insert>

    <update id="updateMbEntrpsInfoBas" parameterType="com.sorincorp.batch.mb.model.MbEntrpsGradEvlVO">
        /*  mbEntrpsGradEvl.updateMbEntrpsInfoBas   */
        UPDATE dbo.MB_ENTRPS_INFO_BAS
            SET ENTRPS_GRAD                             = #{entrpsGrad}
                , LAST_CHANGER_ID                       = #{lastChangerId}
                , LAST_CHANGE_DT                        = GETDATE()
        WHERE 1=1
          AND ENTRPS_NO                                 = #{entrpsNo}
    </update>

    <insert id="insertMbEntrpsInfoBasHst" parameterType="com.sorincorp.batch.mb.model.MbEntrpsGradEvlVO">
        /* mbEntrpsGradEvl.insertMbEntrpsInfoBasHst */
        SET TRANSACTION ISOLATION LEVEL READ UNCOMMITTED
        INSERT INTO dbo.MB_ENTRPS_INFO_BAS_HST                                                               /* 회원_업체 정보 기본 이력      */
        (
             ENTRPS_NO                                                                                /* 업체 번호                     */
             , ENTRPSNM_KOREAN                                                                          /* 업체명 한글                   */
             , ENTRPSNM_ENG                                                                             /* 업체명 영문                   */
             , RPRSNTV_NM                                                                               /* 대표자 명                     */
             , BSNM_REGIST_NO                                                                           /* 사업자 등록 번호              */
             , CPR_REGIST_NO                                                                            /* 법인 등록 번호                */
             , ENTRPRS_BIZCND_CODE                                                                      /* 기업 업태 코드                */
             , ENTRPRS_ITEM_CODE                                                                        /* 기업 종목 코드                */
             , BSNM_TY_CODE                                                                             /* 사업자 유형 코드              */
             , CMPNY_TLPHON_NO                                                                          /* 회사 전화 번호                */
             , CMPNY_FAX_NO                                                                             /* 회사 팩스 번호                */
             , POST_NO                                                                                  /* 우편 번호                     */
             , ADRES                                                                                    /* 주소                          */
             , DETAIL_ADRES                                                                             /* 상세 주소                     */
             , RN_ADRES                                                                                 /* 도로명 주소                   */
             , RN_DETAIL_ADRES                                                                          /* 도로명 상세 주소              */
             , REFND_ACNUT_NO                                                                           /* 환불 계좌 번호                */
             , EWALLET_ACNUT_NO                                                                         /* 이월렛 계좌 번호              */
             , REFND_ACNUT_STTUS_CODE                                                                   /* 환불 계좌 상태 코드           */
             , REFND_ACNUT_RGRSYNTH_AT                                                                  /* 환불 계좌 정합성 여부         */
             , REFND_ACNUT_RGRSYNTH_DT                                                                  /* 환불 계좌 정합성 일시         */
             , CSTMR_REGIST_MBY_CODE                                                                    /* 고객 등록 주체 코드           */
             , ENTRPS_GRAD_NO                                                                           /* 업체 등급 번호                */
             , DELETE_AT                                                                                /* 삭제 여부                     */
             , DELETE_DT                                                                                /* 삭제 일시                     */
             , FRST_REGISTER_ID                                                                         /* 최초 등록자 아이디            */
             , FRST_REGIST_DT                                                                           /* 최초 등록 일시                */
             , LAST_CHANGER_ID                                                                          /* 최종 변경자 아이디            */
             , LAST_CHANGE_DT                                                                           /* 최종 변경 일시                */
             , ERP_ENTRPS_CODE                                                                          /* ERP 업체 코드                 */
             , REFND_ACNUT_NM                                                                           /* 환불 계좌 명의                */
             , T_CODE                                                                                   /* tCode                         */
             , NEW_REFND_ACNUT_NO                                                                       /* 신규 환불 계좌 번호           */
             , OLD_REFND_ACNUT_NO                                                                       /* 구 환불 계좌 번호             */
             , PURCHSCHARGER_EMAIL                                                                      /* 구매담당자 이메일             */
             , CSTMR_PARTCLR_MATTER                                                                     /* 고객 특이 사항                */
             , CSTMR_PARTCLR_MATTER_LAST_CHANGER_ID                                                     /* 고객 특이 사항 최종 변경자 아이디*/
             , CSTMR_PARTCLR_MATTER_LAST_CHANGE_DT                                                      /* 고객 특이 사항 최종 변경 일시 */
             , DLVRF_DSCNT_AT                                                                           /* 배송할인여부                  */
             , DLVRF_DSCNT_DT                                                                           /* 배송할인적용일자              */
             , ACNUT_UNREGIST_EMAIL_SNDNG_AT                                                            /* 계좌 미등록 메일 발송 여부    */
             , ACNUT_UNREGIST_EMAIL_SNDNG_DT                                                            /* 계좌 미등록 메일 발송 일시    */
             , CREDT_GRAD                                                                               /* 신용 등급                     */
             , ENTRPS_GRAD                                                                              /* 업체 등급                     */
             , ENTRPS_EVL_GRAD                                                                          /* 업체 평가 등급                */
             , ENTRPS_PURCHS_INCLN_GRAD                                                                 /* 업체 구매 성향 등급           */
             , WRTM_USE_AT                                                                              /* 증거금 사용 여부              */
             , WRTM_REQST_DT                                                                            /* 증거금 신청 일시              */
             , WRTM_TRMNAT_DT                                                                           /* 증거금 해지 일시              */
             , MRTGG_GRNTY_USE_AT                                                                       /* 담보 보증 사용 여부           */
             , MRTGG_GRNTY_REQST_DT                                                                     /* 담보 보증 신청 일시           */
             , MRTGG_GRNTY_TRMNAT_AT                                                                    /* 담보 보증 해지 신청여부           */
             , MRTGG_GRNTY_TRMNAT_DT                                                                    /* 담보 보증 해지 일시           */
             , MRTGG_GRNTY_INSRNC_TARIFF                                                                /* 담보 보증 보험 요율           */
             , MRTGG_GRNTY_CNTRCT_AT                                                                    /* 담보 보증 계약 여부           */
             , MRTGG_GRNTY_FEE_BND_MBY_AT                                                               /* 담보 보증 수수료 부담 주체 여부*/
             , MRTGG_GRNTY_IRNCF                                                                        /* 담보 보증 보험료              */
             , LON_GRNTY_USE_AT                                                                         /* 대출 보증 사용 여부           */
             , LON_GRNTY_FEE_BND_MBY_AT                                                                 /* 대출 보증 수수료 부담 주체 여부*/
             , WRTM_REQST_AT                                                                            /* 증거금 신청 여부              */
             , MRTGG_GRNTY_REQST_AT                                                                     /* 담보 보증 신청 여부           */
             , LON_GRNTY_REQST_AT                                                                       /* 대출 보증 신청 여부           */
             , MLG_ACCMLT_TRNOV                                                                         /* 마일리지 누적 회전율           */
             , WRTM_CONFM_AT                                                                            /* 증거금 승인 여부              */
             , MRTGG_GRNTY_CONFM_AT                                                                     /* 담보 보증 승인 여부           */
             , LON_GRNTY_CONFM_AT                                                                       /* 대출 보증 승인 여부           */
        )
        SELECT
               MEIB.ENTRPS_NO                                                                                /* 업체 번호                     */
             , MEIB.ENTRPSNM_KOREAN                                                                          /* 업체명 한글                   */
             , MEIB.ENTRPSNM_ENG                                                                             /* 업체명 영문                   */
             , MEIB.RPRSNTV_NM                                                                               /* 대표자 명                     */
             , MEIB.BSNM_REGIST_NO                                                                           /* 사업자 등록 번호              */
             , MEIB.CPR_REGIST_NO                                                                            /* 법인 등록 번호                */
             , MEIB.ENTRPRS_BIZCND_CODE                                                                      /* 기업 업태 코드                */
             , MEIB.ENTRPRS_ITEM_CODE                                                                        /* 기업 종목 코드                */
             , MEIB.BSNM_TY_CODE                                                                             /* 사업자 유형 코드              */
             , MEIB.CMPNY_TLPHON_NO                                                                          /* 회사 전화 번호                */
             , MEIB.CMPNY_FAX_NO                                                                             /* 회사 팩스 번호                */
             , MEIB.POST_NO                                                                                  /* 우편 번호                     */
             , MEIB.ADRES                                                                                    /* 주소                          */
             , MEIB.DETAIL_ADRES                                                                             /* 상세 주소                     */
             , MEIB.RN_ADRES                                                                                 /* 도로명 주소                   */
             , MEIB.RN_DETAIL_ADRES                                                                          /* 도로명 상세 주소              */
             , MEIB.REFND_ACNUT_NO                                                                           /* 환불 계좌 번호                */
             , MEIB.EWALLET_ACNUT_NO                                                                         /* 이월렛 계좌 번호              */
             , MEIB.REFND_ACNUT_STTUS_CODE                                                                   /* 환불 계좌 상태 코드           */
             , MEIB.REFND_ACNUT_RGRSYNTH_AT                                                                  /* 환불 계좌 정합성 여부         */
             , MEIB.REFND_ACNUT_RGRSYNTH_DT                                                                  /* 환불 계좌 정합성 일시         */
             , MEIB.CSTMR_REGIST_MBY_CODE                                                                    /* 고객 등록 주체 코드           */
             , MEIB.ENTRPS_GRAD_NO                                                                           /* 업체 등급 번호                */
             , MEIB.DELETE_AT                                                                                /* 삭제 여부                     */
             , MEIB.DELETE_DT                                                                                /* 삭제 일시                     */
             , MEIB.FRST_REGISTER_ID                                                                         /* 최초 등록자 아이디            */
             , MEIB.FRST_REGIST_DT                                                                           /* 최초 등록 일시                */
             , MEIB.LAST_CHANGER_ID                                                                          /* 최종 변경자 아이디            */
             , MEIB.LAST_CHANGE_DT                                                                           /* 최종 변경 일시                */
             , MEIB.ERP_ENTRPS_CODE                                                                          /* ERP 업체 코드                 */
             , MEIB.REFND_ACNUT_NM                                                                           /* 환불 계좌 명의                */
             , MEIB.T_CODE                                                                                   /* tCode                         */
             , MEIB.NEW_REFND_ACNUT_NO                                                                       /* 신규 환불 계좌 번호           */
             , MEIB.OLD_REFND_ACNUT_NO                                                                       /* 구 환불 계좌 번호             */
             , MEIB.PURCHSCHARGER_EMAIL                                                                      /* 구매담당자 이메일             */
             , MEIB.CSTMR_PARTCLR_MATTER                                                                     /* 고객 특이 사항                */
             , MEIB.CSTMR_PARTCLR_MATTER_LAST_CHANGER_ID                                                     /* 고객 특이 사항 최종 변경자 아이디*/
             , MEIB.CSTMR_PARTCLR_MATTER_LAST_CHANGE_DT                                                      /* 고객 특이 사항 최종 변경 일시 */
             , MEIB.DLVRF_DSCNT_AT                                                                           /* 배송할인여부                  */
             , MEIB.DLVRF_DSCNT_DT                                                                           /* 배송할인적용일자              */
             , MEIB.ACNUT_UNREGIST_EMAIL_SNDNG_AT                                                            /* 계좌 미등록 메일 발송 여부    */
             , MEIB.ACNUT_UNREGIST_EMAIL_SNDNG_DT                                                            /* 계좌 미등록 메일 발송 일시    */
             , MEIB.CREDT_GRAD                                                                               /* 신용 등급                     */
             , MEIB.ENTRPS_GRAD                                                                              /* 업체 등급                     */
             , MEIB.ENTRPS_EVL_GRAD                                                                          /* 업체 평가 등급                */
             , MEIB.ENTRPS_PURCHS_INCLN_GRAD                                                                 /* 업체 구매 성향 등급           */
             , MEIB.WRTM_USE_AT                                                                              /* 증거금 사용 여부              */
             , MEIB.WRTM_REQST_DT                                                                            /* 증거금 신청 일시              */
             , MEIB.WRTM_TRMNAT_DT                                                                           /* 증거금 해지 일시              */
             , MEIB.MRTGG_GRNTY_USE_AT                                                                       /* 담보 보증 사용 여부           */
             , MEIB.MRTGG_GRNTY_REQST_DT                                                                     /* 담보 보증 신청 일시           */
             , MEIB.MRTGG_GRNTY_TRMNAT_AT                                                                    /* 담보 보증 해지 신청여부           */
             , MEIB.MRTGG_GRNTY_TRMNAT_DT                                                                    /* 담보 보증 해지 일시           */
             , MEIB.MRTGG_GRNTY_INSRNC_TARIFF                                                                /* 담보 보증 보험 요율           */
             , MEIB.MRTGG_GRNTY_CNTRCT_AT                                                                    /* 담보 보증 계약 여부           */
             , MEIB.MRTGG_GRNTY_FEE_BND_MBY_AT                                                               /* 담보 보증 수수료 부담 주체 여부*/
             , MEIB.MRTGG_GRNTY_IRNCF                                                                        /* 담보 보증 보험료              */
             , MEIB.LON_GRNTY_USE_AT                                                                         /* 대출 보증 사용 여부           */
             , MEIB.LON_GRNTY_FEE_BND_MBY_AT                                                                 /* 대출 보증 수수료 부담 주체 여부*/
             , MEIB.WRTM_REQST_AT                                                                            /* 증거금 신청 여부              */
             , MEIB.MRTGG_GRNTY_REQST_AT                                                                     /* 담보 보증 신청 여부           */
             , MEIB.LON_GRNTY_REQST_AT                                                                       /* 대출 보증 신청 여부           */
             , MEIB.MLG_ACCMLT_TRNOV                                                                         /* 마일리지 누적 회전율           */
             , MEIB.WRTM_CONFM_AT                                                                            /* 증거금 승인 여부              */
             , MEIB.MRTGG_GRNTY_CONFM_AT                                                                     /* 담보 보증 승인 여부           */
             , MEIB.LON_GRNTY_CONFM_AT                                                                       /* 대출 보증 승인 여부           */
          FROM dbo.MB_ENTRPS_INFO_BAS AS MEIB                                                                /* 회원_업체 정보 기본           */
         WHERE 1=1
           AND MEIB.ENTRPS_NO                                   = #{entrpsNo}                                /* 업체 번호                     */
    </insert>

    <select id="selectOrderAcmt" parameterType="com.sorincorp.batch.mb.model.MbEntrpsGradEvlVO" resultType="com.sorincorp.batch.mb.model.MbEntrpsGradEvlVO">
        /* mbEntrpsGradEvl.selectOrderAcmt */
        SET TRANSACTION ISOLATION LEVEL READ UNCOMMITTED
        SELECT
            ORDER_TON_ACMTL AS TON_CO_BEFORE_QU_ACMTL
            , NOW_ORDER_TON_ACMTL AS TON_CO_PRTINT_ACCMLT
            , ORDER_FQ_ACMTL AS FQ_BEFORE_QU_ACMTL
            , NOW_ORDER_FQ_ACMTL AS FQ_PRTINT_ACCMLT
          FROM dbo.fn_getOrderAcmtlList(#{entrpsNo}, #{gradEvlQu})
    </select>

</mapper>