<?xml version="1.0" encoding="UTF-8"?>
<!DOCTYPE mapper PUBLIC "-//mybatis.org//DTD Mapper 3.0//EN" "http://mybatis.org/dtd/mybatis-3-mapper.dtd">

<mapper namespace="com.sorincorp.comm.deliveryCarMng.mapper.DeliveryCarMngCommMapper">

    <select id="selectMbVhcleInfoBas" resultType="com.sorincorp.comm.deliveryCarMng.model.DeliveryCarMngCommVO">
        /* deliveryCarMngComm.selectMbVhcleInfoBas */
        SET TRANSACTION ISOLATION LEVEL READ UNCOMMITTED
        SELECT
            G1.ENTRPS_NO                                                                            /* 업체 번호    */
            , G1.VHCLEINFO_SN                                                                       /* 차량정보 순번    */
            , G1.VHCLE_NO                                                                           /* 차량 번호    */
            , G1.DELETE_DT                                                                          /* 삭제일시    */
            , G1.DELETE_AT                                                                          /* 삭제여부    */
            , ISNULL(G1.FRST_REGISTER_ID, '관리자') AS FRST_REGISTER_ID                               /* 최초등록자ID    */
            , G1.FRST_REGIST_DT                                                                     /* 최초등록일시    */
            , ISNULL(G1.LAST_CHANGER_ID, '관리자') AS LAST_CHANGER_ID                                 /* 최종변경자ID    */
            , G1.LAST_CHANGE_DT                                                                     /* 최종변경일시    */
         FROM (
            SELECT
                MVIB.ENTRPS_NO
                , MVIB.VHCLEINFO_SN
                , MVIB.VHCLE_NO
                , MVIB.DELETE_DT
                , MVIB.DELETE_AT
                , (SELECT TOP 1 MBER_NM FROM dbo.MB_MBER_INFO_BAS WHERE ENTRPS_NO = MVIB.ENTRPS_NO AND MBER_ID = MVIB.FRST_REGISTER_ID) AS FRST_REGISTER_ID
                , FORMAT(MVIB.FRST_REGIST_DT, 'yyyy-MM-dd') AS FRST_REGIST_DT
                , MVIB.LAST_CHANGER_ID
                , MVIB.LAST_CHANGE_DT
              FROM dbo.MB_VHCLE_INFO_BAS MVIB
             WHERE 1=1
               AND MVIB.ENTRPS_NO  = #{entrpsNo}
               AND ISNULL(MVIB.DELETE_AT, 'N') = 'N'
         ) AS G1
         ORDER BY G1.VHCLEINFO_SN DESC
    </select>

    <select id="selectMbVhcleInfoBasCnt" resultType="Integer" parameterType="com.sorincorp.comm.deliveryCarMng.model.DeliveryCarMngCommVO">
        /* deliveryCarMngComm.selectMbVhcleInfoBasCnt */
        SET TRANSACTION ISOLATION LEVEL READ UNCOMMITTED
        SELECT
            COUNT(MVIB.ENTRPS_NO)
          FROM dbo.MB_VHCLE_INFO_BAS MVIB
         WHERE 1=1
           AND MVIB.ENTRPS_NO               = #{entrpsNo}                       /* 업체 번호    */
           AND ISNULL(MVIB.DELETE_AT, 'N')  = 'N'
         <if test="@com.sorincorp.comm.util.MybatisUtil@isNotEmpty(vhcleNo)">
           AND MVIB.VHCLE_NO                = #{vhcleNo}                        /* 차량번호    */
         </if>
         <if test="vhcleinfoSn gt 0">
           AND MVIB.VHCLEINFO_SN            != #{vhcleinfoSn}                   /* 차량정보 순번    */
         </if>
    </select>

    <select id="selectMbDrvArticlInfoBas" resultType="com.sorincorp.comm.deliveryCarMng.model.DeliveryCarMngCommVO">
        /* deliveryCarMngComm.selectMbDrvArticlInfoBas */
        SET TRANSACTION ISOLATION LEVEL READ UNCOMMITTED
        SELECT
            G1.ENTRPS_NO                                                                                            /* 업체 번호    */
            , G1.DRVARTICL_SN                                                                                       /* 기사 정보 순번    */
            , G1.DRVER_NM                                                                                           /* 운전자 명    */
            , G1.DRVER_TLPHON_NO                                                                                    /* 운전자 전화 번호    */
            , G1.DELETE_DT                                                                                          /* 삭제 일시    */
            , G1.DELETE_AT                                                                                          /* 삭제 여부    */
            , ISNULL(G1.FRST_REGISTER_ID, '관리자') AS FRST_REGISTER_ID                                               /* 최초 등록자 아이디    */
            , G1.FRST_REGIST_DT                                                                                     /* 최초 등록 일시    */
            , ISNULL(G1.LAST_CHANGER_ID, '관리자') AS LAST_CHANGER_ID                                                 /* 최종 변경자 아이디    */
            , G1.LAST_CHANGE_DT                                                                                     /* 최종 변경 일시    */
         FROM (
            SELECT
                MDAIB.ENTRPS_NO
                , MDAIB.DRVARTICL_SN
                , MDAIB.DRVER_NM
                , MDAIB.DRVER_TLPHON_NO
                , MDAIB.DELETE_DT
                , MDAIB.DELETE_AT
                , (SELECT TOP 1 MBER_NM FROM dbo.MB_MBER_INFO_BAS WHERE ENTRPS_NO = MDAIB.ENTRPS_NO AND MBER_ID = MDAIB.FRST_REGISTER_ID) AS FRST_REGISTER_ID
                , FORMAT(MDAIB.FRST_REGIST_DT, 'yyyy-MM-dd') AS FRST_REGIST_DT
                , MDAIB.LAST_CHANGER_ID
                , MDAIB.LAST_CHANGE_DT
              FROM dbo.MB_DRV_ARTICL_INFO_BAS MDAIB
             WHERE 1=1
               AND MDAIB.ENTRPS_NO  = #{entrpsNo}                                                  /* 업체번호    */
               AND ISNULL(MDAIB.DELETE_AT, 'N') = 'N'
        ) AS G1
         ORDER BY G1.DRVARTICL_SN DESC
    </select>

    <select id="selectMbDrvArticlInfoBasCnt" resultType="Integer" parameterType="com.sorincorp.comm.deliveryCarMng.model.DeliveryCarMngCommVO">
        /* deliveryCarMngComm.selectMbDrvArticlInfoBasCnt */
        SET TRANSACTION ISOLATION LEVEL READ UNCOMMITTED
        SELECT
            COUNT(MDAIB.ENTRPS_NO)
          FROM dbo.MB_DRV_ARTICL_INFO_BAS MDAIB
         WHERE 1=1
           AND MDAIB.ENTRPS_NO               = #{entrpsNo}                                              /* 업체번호    */
           AND ISNULL(MDAIB.DELETE_AT, 'N')  = 'N'
         <if test="@com.sorincorp.comm.util.MybatisUtil@isNotEmpty(drverTlphonNo)">
           AND MDAIB.DRVER_TLPHON_NO         = #{drverTlphonNo}                                         /* 운전자 전화번호    */
         </if>
         <if test="drvarticlSn gt 0">
           AND MDAIB.DRVARTICL_SN            != #{drvarticlSn}                                          /* 기사정보 순번    */
         </if>
    </select>

    <insert id="insertDeliveryCar" parameterType="com.sorincorp.comm.deliveryCarMng.model.DeliveryCarMngCommVO" useGeneratedKeys="true" keyProperty="vhcleinfoSn">
        /* deliveryCarMngComm.insertDeliveryCar */
        INSERT INTO dbo.MB_VHCLE_INFO_BAS
        (
            ENTRPS_NO                               /* 업체 번호    */
            , VHCLE_NO                              /* 차량 번호    */
            , DELETE_DT                             /* 삭제일시    */
            , DELETE_AT                             /* 삭제여부    */
            , FRST_REGISTER_ID                      /* 최초등록자    */
            , FRST_REGIST_DT                        /* 최초등록일시    */
            , LAST_CHANGER_ID                       /* 최종변경자    */
            , LAST_CHANGE_DT                        /* 최종변경일시    */
        ) VALUES (
            #{entrpsNo}
            , #{vhcleNo}
            , NULL
            , 'N'
            , #{frstRegisterId}
            , GETDATE()
            , #{lastChangerId}
            , GETDATE()
        )
    </insert>

    <update id="updateDeliveryCar" parameterType="com.sorincorp.comm.deliveryCarMng.model.DeliveryCarMngCommVO">
        /* deliveryCarMngComm.updateDeliveryCar */
        UPDATE dbo.MB_VHCLE_INFO_BAS
            SET VHCLE_NO                    = #{vhcleNo}                                /* 차량번호    */
                , LAST_CHANGER_ID           = #{lastChangerId}                          /* 최종변경자    */
                , LAST_CHANGE_DT            = GETDATE()                                 /* 최종변경일시    */
        WHERE 1=1
          AND ENTRPS_NO                     = #{entrpsNo}                               /* 업체번호    */
          AND VHCLEINFO_SN                  = #{vhcleinfoSn}                            /* 차량정보 순번    */
    </update>

    <update id="deleteDeliveryCar" parameterType="com.sorincorp.comm.deliveryCarMng.model.DeliveryCarMngCommVO">
        /* deliveryCarMngComm.deleteDeliveryCar */
        UPDATE dbo.MB_VHCLE_INFO_BAS
            SET DELETE_AT                   = 'Y'
                , DELETE_DT                 = GETDATE()
                , LAST_CHANGER_ID           = #{lastChangerId}
                , LAST_CHANGE_DT            = GETDATE()
        WHERE 1=1
          AND ENTRPS_NO                     = #{entrpsNo}                               /* 업체번호    */
          AND VHCLEINFO_SN                  = #{vhcleinfoSn}                            /* 차량정보 순번    */
    </update>

    <insert id="insertDeliveryCarHst" parameterType="com.sorincorp.comm.deliveryCarMng.model.DeliveryCarMngCommVO">
        /* deliveryCarMngComm.insertDeliveryCarHst */
        SET TRANSACTION ISOLATION LEVEL READ UNCOMMITTED
        INSERT INTO dbo.MB_VHCLE_INFO_BAS_HST
        (
            ENTRPS_NO                                                       /* 업체번호    */
            , VHCLEINFO_SN                                                  /* 차량정보 순번    */
            , VHCLE_NO                                                      /* 차량번호    */
            , DELETE_DT                                                     /* 삭제일시    */
            , DELETE_AT                                                     /* 삭제여부    */
            , FRST_REGISTER_ID                                              /* 최초등록자    */
            , FRST_REGIST_DT                                                /* 최초등록일시    */
            , LAST_CHANGER_ID                                               /* 최종변경자    */
            , LAST_CHANGE_DT                                                /* 최종변경일시    */
        )
        SELECT TOP 1
            MVIB.ENTRPS_NO
            , MVIB.VHCLEINFO_SN
            , MVIB.VHCLE_NO
            , MVIB.DELETE_DT
            , MVIB.DELETE_AT
            , MVIB.FRST_REGISTER_ID
            , MVIB.FRST_REGIST_DT
            , MVIB.LAST_CHANGER_ID
            , MVIB.LAST_CHANGE_DT
          FROM dbo.MB_VHCLE_INFO_BAS MVIB
         WHERE 1=1
           AND MVIB.ENTRPS_NO           = #{entrpsNo}
           AND MVIB.VHCLEINFO_SN        = #{vhcleinfoSn}
    </insert>

    <insert id="insertDeliveryDriver" parameterType="com.sorincorp.comm.deliveryCarMng.model.DeliveryCarMngCommVO" useGeneratedKeys="true" keyProperty="drvarticlSn">
        /* deliveryCarMngComm.insertDeliveryDriver */
        INSERT INTO dbo.MB_DRV_ARTICL_INFO_BAS
        (
            ENTRPS_NO                               /* 업체번호    */
            , DRVER_NM                              /* 운전자명     */
            , DRVER_TLPHON_NO                       /* 운전자 전화번호    */
            , DELETE_DT                             /* 삭제일시    */
            , DELETE_AT                             /* 삭제여부    */
            , FRST_REGISTER_ID                      /* 최초등록자    */
            , FRST_REGIST_DT                        /* 최초등록일시    */
            , LAST_CHANGER_ID                       /* 최종변경자    */
            , LAST_CHANGE_DT                        /* 최종변경일시    */
        ) VALUES (
            #{entrpsNo}
            , #{drverNm}
            , #{drverTlphonNo}
            , NULL
            , 'N'
            , #{frstRegisterId}
            , GETDATE()
            , #{lastChangerId}
            , GETDATE()
        )
    </insert>

    <update id="updateDeliveryDriver" parameterType="com.sorincorp.comm.deliveryCarMng.model.DeliveryCarMngCommVO">
        /* deliveryCarMngComm.updateDeliveryDriver */
        UPDATE dbo.MB_DRV_ARTICL_INFO_BAS
            SET DRVER_NM                = #{drverNm}                                /* 운전자명    */
                , DRVER_TLPHON_NO       = #{drverTlphonNo}                          /* 운전자 전화번호    */
                , LAST_CHANGER_ID       = #{lastChangerId}                          /* 최종변경자    */
                , LAST_CHANGE_DT        = GETDATE()                                 /* 최종변경일시    */
         WHERE 1=1
           AND ENTRPS_NO                = #{entrpsNo}                               /* 업체번호    */
           AND DRVARTICL_SN             = #{drvarticlSn}                            /* 기사정보 순번    */
    </update>

    <update id="deleteDeliveryDriver" parameterType="com.sorincorp.comm.deliveryCarMng.model.DeliveryCarMngCommVO">
        /* deliveryCarMngComm.deleteDeliveryDriver */
        UPDATE dbo.MB_DRV_ARTICL_INFO_BAS
            SET DELETE_AT               = 'Y'
                , DELETE_DT             = GETDATE()
                , LAST_CHANGER_ID       = #{lastChangerId}
                , LAST_CHANGE_DT        = GETDATE()
         WHERE 1=1
           AND ENTRPS_NO                = #{entrpsNo}                           /* 업체번호    */
           AND DRVARTICL_SN             = #{drvarticlSn}                        /* 기사정보 순번    */
    </update>

    <insert id="insertDeliveryDriverHst" parameterType="com.sorincorp.comm.deliveryCarMng.model.DeliveryCarMngCommVO">
        /* deliveryCarMngComm.insertDeliveryDriverHst */
        INSERT INTO dbo.MB_DRV_ARTICL_INFO_BAS_HST
        (
            ENTRPS_NO                                           /* 업체번호    */
            , DRVARTICL_SN                                      /* 기사정보 순번    */
            , DRVER_NM                                          /* 운전자 명    */
            , DRVER_TLPHON_NO                                   /* 운전자 전화번호    */
            , DELETE_DT                                         /* 삭제일시    */
            , DELETE_AT                                         /* 삭제여부    */
            , FRST_REGISTER_ID                                  /* 최초등록자    */
            , FRST_REGIST_DT                                    /* 최초등록일시    */
            , LAST_CHANGER_ID                                   /* 최종변경자    */
            , LAST_CHANGE_DT                                    /* 최종변경일시    */
        )
        SELECT TOP 1
            MDAIB.ENTRPS_NO
            , MDAIB.DRVARTICL_SN
            , MDAIB.DRVER_NM
            , MDAIB.DRVER_TLPHON_NO
            , MDAIB.DELETE_DT
            , MDAIB.DELETE_AT
            , MDAIB.FRST_REGISTER_ID
            , MDAIB.FRST_REGIST_DT
            , MDAIB.LAST_CHANGER_ID
            , MDAIB.LAST_CHANGE_DT
          FROM dbo.MB_DRV_ARTICL_INFO_BAS MDAIB
         WHERE 1=1
           AND MDAIB.ENTRPS_NO              = #{entrpsNo}       /* 업체번호    */
           AND MDAIB.DRVARTICL_SN           = #{drvarticlSn}    /* 기사정보 순번    */
    </insert>

</mapper>