<?xml version="1.0" encoding="UTF-8"?>
<!DOCTYPE mapper PUBLIC "-//mybatis.org//DTD Mapper 3.0//EN" "http://mybatis.org/dtd/mybatis-3-mapper.dtd">

<mapper namespace="com.sorincorp.comm.itemcode.mapper.ItemCodeMapper">

    <select id="getItemCode" parameterType="com.sorincorp.comm.itemcode.model.ItemCodeVO" resultType="com.sorincorp.comm.itemcode.model.ItemCodeVO">
        /*  itemCode.getItemCode    */
        SET TRANSACTION ISOLATION LEVEL READ UNCOMMITTED
        SELECT
            IIIB.ITM_SN AS SUB_CODE
            <!-- , IIIB.ITM_PRDLST_ENG AS CODE_NM -->
            , IIIB.DSPY_GOODS_NM + ' ['+ IIIB.ITM_CODE +']' AS CODE_NM
            <!-- , '[' + IIIB.ITM_CODE + ']' + IIIB.ITM_PRDLST_ENG AS CODE_DETAIL_NM -->
            , '[' + IIIB.ITM_CODE + ']' + IIIB.DSPY_GOODS_NM AS CODE_DETAIL_NM
            , CCC.SUB_CODE AS METAL_CODE
            , IIIB.GOODS_NM
            , ISNULL(IIIB.FTRS_PROCESS_AT, 'N') AS FTRS_PROCESS_AT
            , ISNULL(IIIB.AVRGPC_USE_AT, 'N') AS AVRGPC_USE_AT
            , IIIB.ITM_CODE
            , CASE WHEN ISNULL(IIIB.DSPY_GOODS_NM, '') = '' THEN IIIB.GOODS_NM ELSE IIIB.DSPY_GOODS_NM END DSPY_GOODS_NM
            , IIIB.METAL_CL_CODE
            , IIIB.SLE_UNIT_WT * 0.001 AS SLE_UNIT_WT
         FROM dbo.IT_ITM_INFO_BAS AS IIIB                                    /* 품목마스터              */
        INNER JOIN CO_CMMN_CD AS CCC
           ON CCC.SUB_CODE = IIIB.METAL_CODE
          AND CCC.MAIN_CODE = 'METAL_CODE'
          AND CCC.CODE_DCTWO = 'Y'
          AND CCC.USE_AT = 'Y'
          AND ISNULL(CCC.DELETE_AT, 'N') = 'N'
        WHERE 1=1
          AND ISNULL(IIIB.DELETE_AT, 'N') = 'N'
          AND IIIB.REGIST_AT = 'Y'
          AND IIIB.SLE_AT = 'Y'
          <if test="metalCode != null and metalCode != ''">
	          AND IIIB.METAL_CODE = #{metalCode}
	      </if>
        ORDER BY IIIB.PRIOR_RANK
    </select>

    <select id="getEntrpsSleMetalList" parameterType="String" resultType="String">
        /*  itemCode.getEntrpsSleMetalList    */
        SET TRANSACTION ISOLATION LEVEL READ UNCOMMITTED
        SELECT TOP 1
            ISNULL(SLE_METAL_LIST, '100000')
          FROM dbo.MB_ENTRPS_INFO_BAS
         WHERE 1=1
           AND ENTRPS_NO                    = #{entrpsNo}
           AND ISNULL(DELETE_AT, 'N')       = 'N'
    </select>

    <select id="getMetalCount" parameterType="String" resultType="Integer">
        /*  itemCode.getMetalCount    */
        SET TRANSACTION ISOLATION LEVEL READ UNCOMMITTED
        SELECT
            COUNT(CCC.SUB_CODE)
          FROM dbo.CO_CMMN_CD AS CCC
         WHERE 1=1
           AND CCC.MAIN_CODE                = 'METAL_CODE'
           AND CCC.SUB_CODE                 = #{metalCode}
           AND CCC.CODE_DCTWO               = 'Y'
           AND CCC.USE_AT                   = 'Y'
           AND ISNULL(CCC.DELETE_AT, 'N')   = 'N'
    </select>

    <select id="getEntrpsMetalCodeList" parameterType="java.util.HashMap" resultType="com.sorincorp.comm.itemcode.model.ItemCodeVO">
        /*  itemCode.getEntrpsMetalCodeList  */
        SET TRANSACTION ISOLATION LEVEL READ UNCOMMITTED
        SELECT
            CCC.SUB_CODE AS METAL_CODE
          FROM dbo.CO_CMMN_CD AS CCC
         WHERE 1=1
           AND CCC.MAIN_CODE                = 'METAL_CODE'
        <if test="metalCodeList != null">
            <choose>
                <when test="metalCodeList.size gt 0">
           AND CCC.SUB_CODE IN<foreach collection="metalCodeList" item="metalCode" index="index" separator="," open="(" close=")">#{metalCode}</foreach>
                </when>
            </choose>
        </if>
           AND CCC.CODE_DCTWO               = 'Y'
           AND CCC.USE_AT                   = 'Y'
           AND ISNULL(CCC.DELETE_AT, 'N')   = 'N'
         ORDER BY CCC.CODE_ORDR
    </select>

    <select id="selectMbEntrpsMetalAcctoAuthorSetupBasList" resultType="com.sorincorp.comm.itemcode.model.ItemCodeVO">
        /*  itemCode.selectMbEntrpsMetalAcctoAuthorSetupBasList  */
        SET TRANSACTION ISOLATION LEVEL READ UNCOMMITTED
        SELECT
              MEMAASB.METAL_CODE											  	/* 금속코드                      */
            , CCC.CODE_CHRCTR_REFRNSIX AS METAL_CODE_NM							/* 금속코드 명                   */
            , ISNULL(MEMAASB.FIXING_PC_AT, 'N') AS FIXING_PC_AT		     		/* 고정 가 여부                  */
            , ISNULL(MEMAASB.LIVE_PC_AT, 'N') AS LIVE_PC_AT			      		/* 라이브 가 여부                 */
            , ISNULL(MEMAASB.APPN_PC_AT, 'N') AS APPN_PC_AT		  				/* 지정 가 여부                   */
            , ISNULL(MEMAASB.AVRG_PC_AT, 'N') AS AVRG_PC_AT	                    /* 평균 가 여부                  */
            , ISNULL(MEMAASB.CSTMR_AT, 'N') AS CSTMR_AT			   				/* 고객 여부                     */
            , ISNULL(MEMAASB.VENDOR_AT, 'N') AS VENDOR_AT		   				/* 벤더 여부                     */
          FROM dbo.MB_ENTRPS_METAL_ACCTO_AUTHOR_SETUP_BAS AS MEMAASB			/* 회원_업체 금속 권한 설정 기본 	  */
         INNER JOIN dbo.CO_CMMN_CD AS CCC
            ON CCC.MAIN_CODE = 'METAL_CODE'
           AND CCC.SUB_CODE = MEMAASB.METAL_CODE
           AND CCC.SUB_CODE != '@'
           AND CCC.USE_AT = 'Y'
           AND CCC.DELETE_AT = 'N'
         WHERE 1=1
           AND MEMAASB.ENTRPS_NO = #{entrpsNo}
         ORDER BY MEMAASB.METAL_CODE
    </select>

</mapper>