<?xml version="1.0" encoding="UTF-8"?>
<!DOCTYPE mapper PUBLIC "-//mybatis.org//DTD Mapper 3.0//EN" "http://mybatis.org/dtd/mybatis-3-mapper.dtd">

<mapper namespace="com.sorincorp.api.it.mapper.LgistRestdeMapper">

	<insert id="insertLgistRestde" parameterType="com.sorincorp.api.it.model.LgistRestdeRecptnVO">
		/* com.sorincorp.api.it.mapper.LgistRestdeMapper.insertUpdatelgistRestde */
		MERGE dbo.IT_LGIST_RESTDE_MANAGE_BAS A /* 상품_물류 휴일 관리 기본      */
		USING (
			SELECT #{holiday} AS APPLC_DE, #{wrhousCode} AS WRHOUS_CODE, #{holidayName} AS RESTDE_NM
		) B ON (A.APPLC_DE = B.APPLC_DE AND A.WRHOUS_CODE = B.WRHOUS_CODE AND A.RESTDE_NM = B.RESTDE_NM)
		WHEN MATCHED THEN
		<choose>
			<when test='"D".equals(intrfcSe)'>
				UPDATE SET
			       DELETE_DT                                        = GETDATE()                  	             /* 삭제 일시                     */
			     , DELETE_AT                                        = 'Y'              		  	                 /* 삭제 여부                     */
			     , LAST_CHANGER_ID                                  = 'SOREC-IF-091'		                     /* 최종 변경자 아이디            */
			     , LAST_CHANGE_DT                                   = GETDATE() 	                             /* 최종 변경 일시                */
			</when>
			<when test='"U".equals(intrfcSe)'>
				UPDATE SET
			       APPLC_DE                                         = #{holiday}                                 /* 적용 일자                     */
			     , WRHOUS_CODE                                      = #{wrhousCode}                              /* 창고 코드                     */
			     , RESTDE_NM                                        = #{holidayName}                             /* 휴일 명칭                     */
			     , RM                                               = #{rm}                                      /* 비고                          */
			     , LAST_CHANGER_ID                                  = 'SOREC-IF-091'                		     /* 최종 변경자 아이디            */
			     , LAST_CHANGE_DT                                   = GETDATE()	                                 /* 최종 변경 일시                */
			</when>
			<otherwise>
				UPDATE SET
			       APPLC_DE                                         = #{holiday}                                 /* 적용 일자                     */
			     , WRHOUS_CODE                                      = #{wrhousCode}                              /* 창고 코드                     */
			     , RESTDE_NM                                        = #{holidayName}                             /* 휴일 명칭                     */
			     , RM                                               = #{rm}                                      /* 비고                          */
			     , DELETE_DT                                        = null                  	             	 /* 삭제 일시                     */
			     , DELETE_AT                                        = 'N'              		  	                 /* 삭제 여부                     */
			     , LAST_CHANGER_ID                                  = 'SOREC-IF-091'                		     /* 최종 변경자 아이디            */
			     , LAST_CHANGE_DT                                   = GETDATE()	                                 /* 최종 변경 일시                */			
			</otherwise>
		</choose>
		WHEN NOT MATCHED THEN
		
			INSERT 
			     (
			       APPLC_DE                                                                                      /* 적용 일자                     */
			     , WRHOUS_CODE                                                                                   /* 창고 코드                     */
			     , RESTDE_NM                                                                                     /* 휴일 명칭                     */
			     , RM                                                                                            /* 비고                          */
			     , DELETE_AT                                                                                     /* 삭제 여부                     */
			     , FRST_REGISTER_ID                                                                              /* 최초 등록자 아이디            */
			     , FRST_REGIST_DT                                                                                /* 최초 등록 일시                */
			     , LAST_CHANGER_ID                                                                               /* 최종 변경자 아이디            */
			     , LAST_CHANGE_DT                                                                                /* 최종 변경 일시                */
			     )
			VALUES
			     (
			       #{holiday}                                                                                    /* 적용 일자                     */
			     , #{wrhousCode}                                                                                 /* 창고 코드                     */
			     , #{holidayName}                                                                                   /* 휴일 명칭                     */
			     , #{rm}                                                                                         /* 비고                          */
			     , 'N'                                                                                   		 /* 삭제 여부                     */
			     , 'SOREC-IF-091'                                                                             	 /* 최초 등록자 아이디            */
			     , GETDATE()                                                                              		 /* 최초 등록 일시                */
			     , 'SOREC-IF-091'                                                                                /* 최종 변경자 아이디            */
			     , GETDATE()                                                                               		 /* 최종 변경 일시                */
			     )
			;

	</insert>
	
	<insert id="insertLgistRestdeHst">
		/******  히스토리 등록                                                  ******/
		INSERT INTO dbo.IT_LGIST_RESTDE_MANAGE_BAS_HST                                                       /* 상품_물류 휴일 관리 기본 이력 */
		     (
		       HIST_SN                                                              /* 물류 휴일 관리 기본 이력 순번 */
		     , APPLC_DE                                                                                      /* 적용 일자                     */
		     , WRHOUS_CODE                                                                                   /* 창고 코드                     */
		     , RESTDE_NM                                                                                     /* 휴일 명칭                     */
		     , RM                                                                                            /* 비고                          */
		     , DELETE_DT                                                                                     /* 삭제 일시                     */
		     , DELETE_AT                                                                                     /* 삭제 여부                     */
		     , FRST_REGISTER_ID                                                                              /* 최초 등록자 아이디            */
		     , FRST_REGIST_DT                                                                                /* 최초 등록 일시                */
		     , LAST_CHANGER_ID                                                                               /* 최종 변경자 아이디            */
		     , LAST_CHANGE_DT                                                                                /* 최종 변경 일시                */
		     )
			SELECT
		       FORMAT(GETDATE(), 'yyyyMMddHHmmss')                                                     /* 휴무 시간 관리 기본 이력 순번 */
		     , APPLC_DE                                                                                      /* 적용 일자                     */
		     , WRHOUS_CODE                                                                                   /* 창고 코드                     */
		     , RESTDE_NM                                                                                     /* 휴일 명칭                     */
		     , RM                                                                                            /* 비고                          */
		     , DELETE_DT                                                                                     /* 삭제 일시                     */
		     , DELETE_AT                                                                                     /* 삭제 여부                     */
		     , FRST_REGISTER_ID                                                                              /* 최초 등록자 아이디            */
		     , FRST_REGIST_DT                                                                                /* 최초 등록 일시                */
		     , LAST_CHANGER_ID                                                                               /* 최종 변경자 아이디            */
		     , LAST_CHANGE_DT                                                                                /* 최종 변경 일시                */
			FROM dbo.IT_LGIST_RESTDE_MANAGE_BAS WITH (NOLOCK)                                      /* 상품_휴무 시간 관리 기본      */
           	WHERE 1=1
	   		AND APPLC_DE = #{holiday}
	   		AND WRHOUS_CODE = #{wrhousCode}
	   	    AND RESTDE_NM = #{holidayName}
	</insert>
</mapper>