<?xml version="1.0" encoding="UTF-8"?>
<!DOCTYPE mapper PUBLIC "-//mybatis.org//DTD Mapper 3.0//EN" "http://mybatis.org/dtd/mybatis-3-mapper.dtd">

<mapper namespace="com.sorincorp.api.it.mapper.LmeRestdeMapper">

	<insert id="insertLmeRestde" parameterType="com.sorincorp.api.it.model.LmeCalListVO">
		/* com.sorincorp.api.it.mapper.LgistRestdeMapper.insertUpdatelgistRestde */
		MERGE dbo.IT_LME_CLNDR_BAS A  																			 /* 상품_LME 달력 기본            */
		USING (
			SELECT #{lmeDate} AS APPLC_DE, #{companyCd} AS CMPNY_CODE
		) B ON (A.APPLC_DE = B.APPLC_DE AND A.CMPNY_CODE = B.CMPNY_CODE)
		WHEN MATCHED THEN
		<choose>
			<when test='"D".equals(intrfcSe)'>
				UPDATE SET
				       UPDT_DT                                          = CONVERT(DATETIME, STUFF(STUFF(STUFF(STUFF(#{updateDate} ,15,0,'.'),13,0,':'),11,0,':'),9,0,' ')) /* 수정 일시                     */
				     , UPDUSR_ID                                        = #{updusrId}								 /* 수정자 아이디                 */
				     , DELETE_DT                                        = GETDATE()  	                             /* 삭제 일시                     */
				     , DELETE_AT                                        = 'Y'                                		 /* 삭제 여부                     */
				     , LAST_CHANGER_ID                                  = 'SOREC-IF-013'	                         /* 최종 변경자 아이디            */
				     , LAST_CHANGE_DT                                   = GETDATE()	                                 /* 최종 변경 일시                */
			</when>
			<when test='"U".equals(intrfcSe)'>
				UPDATE SET
				       DAY                                              = #{weekday}                                 /* 요일                          */
				     , LME_CLDR_TY_CODE                                 = #{lmeCtype}                                /* LME 달력 유형 코드            */
				     , RM                                               = #{remark}                                  /* 비고                          */
				     , REGIST_DT                                        = CONVERT(DATETIME, STUFF(STUFF(STUFF(STUFF(#{createDate} ,15,0,'.'),13,0,':'),11,0,':'),9,0,' ')) /* 등록 일시                     */
				     , REGISTER_ID                                      = #{createUserId}                            /* 등록자 아이디                 */
				     , UPDT_DT                                          = CONVERT(DATETIME, STUFF(STUFF(STUFF(STUFF(#{updateDate} ,15,0,'.'),13,0,':'),11,0,':'),9,0,' ')) /* 수정 일시                     */
				     , UPDUSR_ID                                        = #{updateUserId}                            /* 수정자 아이디                 */
				     , LAST_CHANGER_ID                                  = 'SOREC-IF-013'	                         /* 최종 변경자 아이디            */
				     , LAST_CHANGE_DT                                   = GETDATE() 	                             /* 최종 변경 일시                */
			</when>
			<otherwise>
				UPDATE SET
				       DAY                                              = #{weekday}                                 /* 요일                          */
				     , LME_CLDR_TY_CODE                                 = #{lmeCtype}                                /* LME 달력 유형 코드            */
				     , RM                                               = #{remark}                                  /* 비고                          */
				     , REGIST_DT                                        = CONVERT(DATETIME, STUFF(STUFF(STUFF(STUFF(#{createDate} ,15,0,'.'),13,0,':'),11,0,':'),9,0,' ')) /* 등록 일시                     */
				     , REGISTER_ID                                      = #{createUserId}                            /* 등록자 아이디                 */
				     , UPDT_DT                                          = CONVERT(DATETIME, STUFF(STUFF(STUFF(STUFF(#{updateDate} ,15,0,'.'),13,0,':'),11,0,':'),9,0,' ')) /* 수정 일시                     */
				     , UPDUSR_ID                                        = #{updateUserId}                            /* 수정자 아이디                 */
				     , DELETE_DT                                        = NULL 		                                 /* 삭제 일시                     */
				     , DELETE_AT                                        = 'N'	                                     /* 삭제 여부                     */
				     , LAST_CHANGER_ID                                  = 'SOREC-IF-013'		                     /* 최종 변경자 아이디            */
				     , LAST_CHANGE_DT                                   = GETDATE()                            		 /* 최종 변경 일시                */
			</otherwise>
		</choose>
		WHEN NOT MATCHED THEN
		
			INSERT                                                                   
			     (
			       CMPNY_CODE                                                                                    /* 회사 코드                     */
			     , APPLC_DE                                                                                      /* 적용 일자                     */
			     , DAY                                                                                           /* 요일                          */
			     , LME_CLDR_TY_CODE                                                                              /* LME 달력 유형 코드            */
			     , RM                                                                                            /* 비고                          */
			     , REGIST_DT                                                                                     /* 등록 일시                     */
			     , REGISTER_ID                                                                                   /* 등록자 아이디                 */
			     , UPDT_DT                                                                                       /* 수정 일시                     */
			     , UPDUSR_ID                                                                                     /* 수정자 아이디                 */
			     , DELETE_AT                                                                                     /* 삭제 여부                     */
			     , FRST_REGISTER_ID                                                                              /* 최초 등록자 아이디            */
			     , FRST_REGIST_DT                                                                                /* 최초 등록 일시                */
			     , LAST_CHANGER_ID                                                                               /* 최종 변경자 아이디            */
			     , LAST_CHANGE_DT                                                                                /* 최종 변경 일시                */
			     )
			VALUES
			     (
			       #{companyCd}                                                                                  /* 회사 코드                     */
			     , #{lmeDate}                                                                                    /* 적용 일자                     */
			     , #{weekday}                                                                                    /* 요일                          */
			     , #{lmeCtype}                                                                                   /* LME 달력 유형 코드            */
			     , #{remark}                                                                                     /* 비고                          */
			     , CONVERT(DATETIME, STUFF(STUFF(STUFF(STUFF(#{createDate} ,15,0,'.'),13,0,':'),11,0,':'),9,0,' '))   /* 등록 일시                     */
			     , #{createUserId}                                                                               /* 등록자 아이디                 */
			     , CONVERT(DATETIME, STUFF(STUFF(STUFF(STUFF(#{updateDate} ,15,0,'.'),13,0,':'),11,0,':'),9,0,' '))   /* 수정 일시                     */
			     , #{updateUserId}                                                                               /* 수정자 아이디                 */
			     , 'N'                                                                                   		 /* 삭제 여부                     */
			     , 'SOREC-IF-013'			                                                                     /* 최초 등록자 아이디            */
			     , GETDATE()	                                                                                 /* 최초 등록 일시                */
			     , 'SOREC-IF-013'		                                                                         /* 최종 변경자 아이디            */
			     , GETDATE()                                                                               /* 최종 변경 일시                */
			     )
			     ;
	</insert>
	
	<insert id="insertLmeRestdeHst">
	/* com.sorincorp.api.it.mapper.LgistRestdeMapper.insertLmeRestdeHst */
	INSERT INTO dbo.IT_LME_CLNDR_BAS_HST                                                                 /* 상품_LME 달력 기본 이력       */
	     (
	       HIST_SN                                                                                       /* 이력 순번                     */
	     , CMPNY_CODE                                                                                    /* 회사 코드                     */
	     , APPLC_DE                                                                                      /* 적용 일자                     */
	     , DAY                                                                                           /* 요일                          */
	     , LME_CLDR_TY_CODE                                                                              /* LME 달력 유형 코드            */
	     , RM                                                                                            /* 비고                          */
	     , REGIST_DT                                                                                     /* 등록 일시                     */
	     , REGISTER_ID                                                                                   /* 등록자 아이디                 */
	     , UPDT_DT                                                                                       /* 수정 일시                     */
	     , UPDUSR_ID                                                                                     /* 수정자 아이디                 */
	     , DELETE_DT                                                                                     /* 삭제 일시                     */
	     , DELETE_AT                                                                                     /* 삭제 여부                     */
	     , FRST_REGISTER_ID                                                                              /* 최초 등록자 아이디            */
	     , FRST_REGIST_DT                                                                                /* 최초 등록 일시                */
	     , LAST_CHANGER_ID                                                                               /* 최종 변경자 아이디            */
	     , LAST_CHANGE_DT                                                                                /* 최종 변경 일시                */
	     )
	SELECT
	 	   FORMAT(GETDATE(), 'yyyyMMddHHmmss')                                                     		 /* 휴무 시간 관리 기본 이력 순번 */
	     , ILCB.CMPNY_CODE                                                                               /* 회사 코드                     */
	     , ILCB.APPLC_DE                                                                                 /* 적용 일자                     */
	     , ILCB.DAY                                                                                      /* 요일                          */
	     , ILCB.LME_CLDR_TY_CODE                                                                         /* LME 달력 유형 코드            */
	     , ILCB.RM                                                                                       /* 비고                          */
	     , ILCB.REGIST_DT                                                                                /* 등록 일시                     */
	     , ILCB.REGISTER_ID                                                                              /* 등록자 아이디                 */
	     , ILCB.UPDT_DT                                                                                  /* 수정 일시                     */
	     , ILCB.UPDUSR_ID                                                                                /* 수정자 아이디                 */
	     , ILCB.DELETE_DT                                                                                /* 삭제 일시                     */
	     , ILCB.DELETE_AT                                                                                /* 삭제 여부                     */
	     , ILCB.FRST_REGISTER_ID                                                                         /* 최초 등록자 아이디            */
	     , ILCB.FRST_REGIST_DT                                                                           /* 최초 등록 일시                */
	     , ILCB.LAST_CHANGER_ID                                                                          /* 최종 변경자 아이디            */
	     , ILCB.LAST_CHANGE_DT                                                                           /* 최종 변경 일시                */
	  FROM dbo.IT_LME_CLNDR_BAS AS ILCB                                                                  /* 상품_LME 달력 기본            */
	 WHERE 1=1
	   AND ILCB.CMPNY_CODE                                  = #{companyCd}                               /* CMPNY_CODE                    */
	   AND ILCB.APPLC_DE                                    = #{lmeDate}                                 /* APPLC_DE                      */
	</insert>

	
</mapper>