<?xml version="1.0" encoding="UTF-8"?>
<!DOCTYPE mapper PUBLIC "-//mybatis.org//DTD Mapper 3.0//EN" "http://mybatis.org/dtd/mybatis-3-mapper.dtd">

<mapper namespace="com.sorincorp.fo.ma.mapper.LandingMapper">

	<select id="selectNewsClipping" resultType="com.sorincorp.fo.ma.model.BbscttVO">
		/******  com.sorincorp.fo.ma.mapper.MainMapper.selectNewsClipping ******/
		SET TRANSACTION ISOLATION LEVEL READ UNCOMMITTED
		SELECT TOP 3 ROW_NUMBER() OVER(ORDER BY oubd.FRST_REGIST_DT) AS ROWNUM
			 , oubb.BBS_NM
			 , oubd.BBSCTT_NO
			 , oubd.BBSCTT_SJ
			 , oubd.BBSCTT_CN
			 , oubd.FRST_REGIST_DT
		FROM OP_UNITY_BBS_DTL OUBD
		INNER JOIN OP_UNITY_BBS_BAS OUBB
		   ON oubb.BBS_ID = oubd.BBS_ID
		WHERE 1=1
			AND OUBD.DELETE_AT = 'N'
			AND OUBD.BBS_ID = 'rwmatr_news'
		ORDER BY ROWNUM DESC
	</select>
	
	<select id="selectMainNews" resultType="com.sorincorp.fo.cs.model.PchrgArticlVO">
		/******  com.sorincorp.fo.ma.mapper.LandingMapper.selectMainNews ******/
		SET TRANSACTION ISOLATION LEVEL READ UNCOMMITTED
		SELECT TOP 1 ARTICL_SN 								/* 기사 순번 */
			 , CHNNL_SE_CODE 								/* 채널 구분 코드 */
			 , ARTICL_NO 									/* 기사 번호 */
			 , ARTICL_SJ 									/* 기사 제목 */
			 , ARTICL_ORGINL 								/* 기사 원문 */
			 , IMAGE_URL 									/* 이미지 URL */
			 , ARTICL_CL_NM 								/* 기사 분류 명 */
			 , ISU_DT 										/* 발행 일시 */
		  FROM OP_PCHRG_ARTICL_INFO
		 WHERE 1=1
		   AND CHNNL_SE_CODE = '01' 
		   AND ARTICL_SE_CODE = '01'
		   AND NTCE_AT = 'Y'
		   AND DELETE_AT = 'N'
		 ORDER BY ISU_DT DESC
	</select>
	
	<select id="selectTopNotice" resultType="com.sorincorp.fo.ma.model.NoticeVO">
		/******  com.sorincorp.fo.ma.mapper.LandingMapper.selectTopNotice ******/
		SET TRANSACTION ISOLATION LEVEL READ UNCOMMITTED
		SELECT TOP 1 ONB.NOTICE_NO
			 , ONB.NOTICE_SJ
			 , ONB.NOTICE_CN
		  FROM OP_NOTICE_BAS AS ONB
		 WHERE 1=1
		   AND ONB.NOTICE_UPENDEXPSR_AT = 'Y'
		   AND CONVERT(CHAR(8), getdate(), 112) BETWEEN ONB.NOTICE_UPENDEXPSR_BGNDE AND ONB.NOTICE_UPENDEXPSR_ENDDE
		   AND ONB.USE_AT = 'Y'
		   AND ONB.DELETE_AT = 'N'
		 ORDER BY ONB.NOTICE_NO DESC
	</select>
	
	<select id="selectItemNotice" resultType="com.sorincorp.fo.pd.model.ItemDtlInfoVO">
		/******  com.sorincorp.fo.ma.mapper.LandingMapper.selectItemNotice ******/
		SELECT TOP 1 IBIB.BL_NO	
			 , IBIB.METAL_CODE
			 , IBIB.DSTRCT_LCLSF_CODE
			 , DBO.FN_GETCODENM('DSTRCT_LCLSF_CODE', DSTRCT_LCLSF_CODE)	AS DSTRCT_LCLSF_CODE_NM
			 , IBIB.SLE_STTUS_CODE
			 , IBIB2.BRAND_CODE
			 , IBIB2.BRAND_GROUP_CODE
			 , CCC2.CODE_DCONE								AS BRAND_GROUP_CODE_NM
		  FROM IT_BL_INFO_BAS IBIB
		 INNER JOIN IT_BRAND_INFO_BAS IBIB2
			ON IBIB.BRAND_CODE = IBIB2.BRAND_CODE
		 INNER JOIN (
					SELECT CODE_DCONE, SUB_CODE
					  FROM CO_CMMN_CD CCC
					 WHERE MAIN_CODE = 'BRAND_GROUP_CODE'
					   AND SUB_CODE != '@'
					   AND DELETE_AT = 'N'
					) AS CCC2
			ON IBIB2.BRAND_GROUP_CODE = CCC2.SUB_CODE
		 WHERE IBIB.METAL_CODE = '7'
		   AND IBIB.SLE_STTUS_CODE = '02'
		   AND IBIB.DELETE_AT = 'N'
		   AND IBIB2.DELETE_AT = 'N'
		   AND IBIB2.EC_USE_AT = 'Y'
		   AND IBIB.ITM_CODE IN (
									SELECT ITM_CODE 
									  FROM IT_ITM_INFO_BAS 
									 WHERE 1=1
									   AND FTRS_PROCESS_AT = 'Y'
									   AND USE_AT = 'Y'
									   AND DELETE_AT = 'N'
									   AND METAL_CODE = '7'
								)
			AND IBIB.BL_NO NOT IN (
									SELECT BL_NO 
									  FROM MB_ENTRPS_SPCIFY_BRAND_RLS MESBR 
									 WHERE DELETE_AT = 'N'
								)
		 ORDER BY IBIB.LAST_CHANGE_DT DESC 
	</select>

</mapper>