<?xml version="1.0" encoding="UTF-8"?>
<!DOCTYPE mapper PUBLIC "-//mybatis.org//DTD Mapper 3.0//EN" "http://mybatis.org/dtd/mybatis-3-mapper.dtd">

<mapper namespace="com.sorincorp.fo.ma.mapper.MainMapper">

	<select id="selectTopNotice" resultType="com.sorincorp.fo.ma.model.NoticeVO">
	SET TRANSACTION ISOLATION LEVEL READ UNCOMMITTED
	/******  SELECT : OP_NOTICE_BAS(운영_공지사항 기본)  com.sorincorp.fo.ma.mapper.MainMapper.selectTopNotice ******/
	SELECT
	       ONB.NOTICE_NO                                                                                 /* 공지사항 번호                 */
	     , ONB.NOTICE_SJ                                                                                 /* 공지사항 제목                 */
	  FROM dbo.OP_NOTICE_BAS AS ONB                                                                      /* 운영_공지사항 기본            */
	 WHERE 1=1
	   AND ONB.NOTICE_UPENDEXPSR_AT                         = 'Y'                      /* NOTICE_UPENDEXPSR_AT  공지사항 상단 노출 여부*/
	   AND CONVERT(CHAR(8), getdate(), 112) BETWEEN
						   					ONB.NOTICE_UPENDEXPSR_BGNDE 			   /* NOTICE_UPENDEXPSR_BGNDE   공지사항 상단노출 시작일*/
						   					AND
						   					ONB.NOTICE_UPENDEXPSR_ENDDE                /* NOTICE_UPENDEXPSR_ENDDE   공지사항 상단노출 종료일*/
	   AND ONB.USE_AT                                       = 'Y'                                /* USE_AT   사용 여부 */
	   AND ONB.DELETE_AT                                    = 'N'                                /* DELETE_AT   삭제 여부 */
	ORDER BY NOTICE_UPENDEXPSR_BGNDE ASC,LAST_CHANGE_DT DESC;
	</select>

	<select id="selectMonthlyEvent" parameterType="com.sorincorp.fo.ma.model.EventHolidayVO" resultType="com.sorincorp.fo.ma.model.EventHolidayVO">
		SET TRANSACTION ISOLATION LEVEL READ UNCOMMITTED
		/******  SELECT : IT_EVENT_RESTDE_MANAGE_BAS(상품_이벤트 휴일 관리 기본) com.sorincorp.fo.ma.mapper.MainMapper.selectMonthlyEvent      ******/
		SELECT
		       IERMB.EVENT_RESTDE_SN                                                                         /* 이벤트 휴일 순번              */
		     , TRIM(CCC.CODE_REFRNTWO)													AS NATION_IMAGE_URL	 /* 국가 이미지*/
		     , IERMB.EVENT_RESTDE_NM                                                                         /* 이벤트 휴일 명칭              */
		     , IERMB.EVENT_RESTDE_SE_CODE                                                                    /* 이벤트 휴일 구분 코드         */
		     , IERMB.RESTDE_AT                                                                               /* 휴일 여부                     */
		     , IERMB.APPLC_BEGIN_DE                                                                          /* 적용 시작 일자                */
		     , IERMB.APPLC_END_DE                                                                            /* 적용 종료 일자                */
		     , IERMB.RM                                                                                      /* 비고                          */
		     , IERMB.DELETE_DT                                                                               /* 삭제 일시                     */
		     , IERMB.DELETE_AT                                                                               /* 삭제 여부                     */
		     , IERMB.FRST_REGISTER_ID                                                                        /* 최초 등록자 아이디            */
		     , IERMB.FRST_REGIST_DT                                                                          /* 최초 등록 일시                */
		     , IERMB.LAST_CHANGER_ID                                                                         /* 최종 변경자 아이디            */
		     , IERMB.LAST_CHANGE_DT                                                                          /* 최종 변경 일시                */
		  FROM dbo.IT_EVENT_RESTDE_MANAGE_BAS AS IERMB                                                       /* 상품_이벤트 휴일 관리 기본    */
		  LEFT OUTER
		  JOIN CO_CMMN_CD CCC
		    ON CCC.SUB_CODE = IERMB.NATION_CODE
		   AND CCC.MAIN_CODE = 'NATION_CODE'
		 WHERE 1=1
		   AND IERMB.DELETE_AT                                  = 'N'                                		 /* DELETE_AT                     */
		   <if test="month != null and month != '' and day != null and day != ''">
		   AND (
		   		IERMB.APPLC_BEGIN_DE BETWEEN #{month} + #{day} AND CONVERT(CHAR(8), DATEADD(DAY, 10, CONVERT(DATE, #{month} + #{day}, 112)), 112)                            /* APPLC_BEGIN_DE                */
		   		OR
		   		IERMB.APPLC_END_DE BETWEEN #{month} + #{day} AND CONVERT(CHAR(8), DATEADD(DAY, 10, CONVERT(DATE, #{month} + #{day}, 112)), 112)                                                       /* APPLC_END_DE                  */
				)
			</if>			
		   AND IERMB.EVENT_RESTDE_SE_CODE IN ('01', '03', '04', '07')
		ORDER BY IERMB.APPLC_BEGIN_DE
	</select>

	<select id="selectEWalletAccount" parameterType="String" resultType="String">
		SET TRANSACTION ISOLATION LEVEL READ UNCOMMITTED
		/******  SELECT : MB_ENTRPS_EWALLET_DTL(회원_업체 이웰렛 상세) com.sorincorp.fo.ma.mapper.MainMapper.selectEWalletAccount ******/
		SELECT TOP 1 EWALLET_BLCE
		  FROM MB_ENTRPS_EWALLET_DTL
		 WHERE ENTRPS_NO = #{entrpsNo}
		   AND DELETE_AT ='N'
		 ORDER BY EWALLET_DELNG_DT DESC
	</select>

	<select id="selectNewsClipping" resultType="com.sorincorp.fo.ma.model.BbscttVO">
		/******  com.sorincorp.fo.ma.mapper.MainMapper.selectNewsClipping ******/
		SET TRANSACTION ISOLATION LEVEL READ UNCOMMITTED
		SELECT TOP 3 ROW_NUMBER() OVER(ORDER BY oubd.FRST_REGIST_DT) AS ROWNUM
		     , oubb.BBS_NM
		     , oubd.BBSCTT_NO
		     , oubd.BBSCTT_SJ
		     , oubd.BBSCTT_CN
		     , oubd.FRST_REGIST_DT
		FROM OP_UNITY_BBS_DTL oubd
		INNER JOIN OP_UNITY_BBS_BAS oubb
		   ON oubb.BBS_ID = oubd.BBS_ID
		WHERE 1=1
			AND oubd.DELETE_AT = 'N'
  			AND oubd.BBS_ID = 'rwmatr_news'
		ORDER BY ROWNUM DESC
	</select>

	<select id="selectMainNews" resultType="com.sorincorp.fo.cs.model.PchrgArticlVO">
		/******  com.sorincorp.fo.ma.mapper.MainMapper.selectMainNews ******/
		SET TRANSACTION ISOLATION LEVEL READ UNCOMMITTED
		SELECT TOP 2 ARTICL_SN /* 기사 순번 */
		, CHNNL_SE_CODE /* 채널 구분 코드 */
		, ARTICL_NO /* 기사 번호 */
		, ARTICL_SJ /* 기사 제목 */
		, ARTICL_ORGINL /* 기사 원문 */
		, CASE WHEN IMAGE_URL = '' THEN 'https://sorincorp.blob.core.windows.net/secs/op/snslogo.png' /*  대체 이미지 URL */
		       ELSE IMAGE_URL END AS IMAGE_URL	/* 이미지 URL */
		, ARTICL_CL_NM /* 기사 분류 명 */
		, ISU_DT /* 발행 일시 */
		FROM OP_PCHRG_ARTICL_INFO
		WHERE 1=1
		AND CHNNL_SE_CODE = '01'  <!-- 철강신문 -->
		AND ARTICL_SE_CODE = '01' <!-- 헤드라인 -->
		AND NTCE_AT = 'Y'  <!-- 게시여부 -->
		ORDER BY ISU_DT DESC;
	</select>

	<select id="selectNewsArticle" resultType="com.sorincorp.fo.cs.model.PchrgArticlVO">
		/******  com.sorincorp.fo.ma.mapper.MainMapper.selectNewsArticle ******/
		SET TRANSACTION ISOLATION LEVEL READ UNCOMMITTED
		SELECT TOP 4 ARTICL_SN /* 기사 순번 */
		, CHNNL_SE_CODE /* 채널 구분 코드 */
		, ARTICL_NO /* 기사 번호 */
		, ARTICL_SJ /* 기사 제목 */
		, ARTICL_ORGINL /* 기사 원문 */
		, ISU_DT /* 발행 일시 */
		FROM OP_PCHRG_ARTICL_INFO
		WHERE 1=1
		AND CHNNL_SE_CODE = '01' <!-- 철강신문 -->
		AND ISNULL(ARTICL_SE_CODE, '03') = '03' <!-- 일반기사 -->
		AND NTCE_AT = 'Y'  <!-- 게시여부 -->
		ORDER BY ISU_DT DESC;
	</select>

	<select id="selectHeaderMenu" resultType="com.sorincorp.fo.ma.model.HeaderMenuVO">
		/******  com.sorincorp.fo.ma.mapper.MainMapper.selectHeaderMenu ******/
		SET TRANSACTION ISOLATION LEVEL READ UNCOMMITTED
		SELECT
			  IICB.CTGRY_NM
			, IICB.METAL_CODE
			, IICB.MENU_URL
			,
		CASE
		WHEN IICB.LIVE_SLE_AT = 'Y' THEN '01'
		WHEN IICB.HGHNETPRC_SLE_AT = 'Y' THEN '02'

		END   SLE_MTHD_CODE
			, IICB.CTGRY_ORDR
		FROM dbo.IT_ITM_CTGRY_BAS AS IICB
		WHERE 1=1

		AND IICB.CTGRY_LEVEL = 1
		AND IICB.CTGRY_USE_AT = 'Y'
		AND IICB.CTGRY_DSPY_AT = 'Y'
		AND IICB.DELETE_AT = 'N'
		ORDER BY IICB.CTGRY_LEVEL, IICB.CTGRY_ORDR, IICB.CTGRY_NM;
	</select>

	<select id="selectDlvyIngCnt" parameterType="java.util.HashMap" resultType="string">
        /******  com.sorincorp.fo.ma.mapper.MainMapper.selectDlvyIngCnt ******/
        SET TRANSACTION ISOLATION LEVEL READ UNCOMMITTED
        SELECT
            ISNULL(SUM(A.DLVYING), 0) AS DLVYING
        FROM (
            SELECT
                CASE WHEN OOB.ORDER_STTUS_CODE = '10' THEN 1
                    ELSE 0
                    END        AS ORDER_COMPT                           /* 주문완료 */
                , CASE WHEN OOB.ORDER_STTUS_CODE = '15' THEN 1
                    ELSE 0
                    END        AS DLVY_PRPARE                           /* 배송준비 */
                , CASE WHEN OOB.ORDER_STTUS_CODE = '20' THEN 1
                    ELSE 0
                    END        AS DLVY_DRCT                             /* 출고지시 */
                , CASE WHEN OOB.ORDER_STTUS_CODE = '21' THEN 1
                    ELSE 0
                    END        AS CARALCING                             /* 배차중 */
                , CASE WHEN OOB.ORDER_STTUS_CODE = '22' THEN 1
                    ELSE 0
                    END        AS DLVYING                               /* 배송중 */
                , CASE WHEN OOB.ORDER_STTUS_CODE = '30' THEN 1
                    ELSE 0
                    END        AS DLVY_COMPT                            /* 배송완료 */
            FROM OR_ORDER_BAS           AS OOB                          /* 주문_주문 기본                */
            INNER JOIN OR_DLVRG_BAS      AS ODB                         /* 주문_배송지 기본              */
                ON OOB.ORDER_NO         = ODB.ORDER_NO
                AND ODB.CANCL_EXCHNG_RTNGUD_NO = '00000000-000000'
                AND OOB.ORDER_DLVRG_NO   = ODB.ORDER_DLVRG_NO
            INNER JOIN MB_MBER_INFO_BAS  AS MMIB                        /* 회원_회원 정보 기본            */
                ON OOB.MBER_NO  = MMIB.MBER_NO
            INNER JOIN IT_ITM_INFO_BAS   AS IIIB                        /* 상품_아이템 기본      */
                ON OOB.ITM_SN           = IIIB.ITM_SN
            LEFT JOIN CO_DOC_BAS        AS CDB                          /* 공통_문서 기본                */
                ON IIIB.PC_IMAGE_ONE_SN = CDB.DOC_NO
            WHERE 1=1
              AND CONVERT(date, OOB.ORDER_DE) BETWEEN DATEADD(d, -30, CONVERT(date,GETDATE())) AND CONVERT(date,GETDATE())
              AND OOB.DELETE_AT = 'N'
              AND OOB.ENTRPS_NO = #{entrpsNo}
              <if test="null != memberSecode and '03' eq memberSecode">
                AND OOB.MBER_NO = #{mberNo}
              </if>
        ) A
    </select>

    <select id="selectMainPopupNoticeDocNo" resultType="com.sorincorp.fo.ma.model.PopupDocVO">
		/******  com.sorincorp.fo.ma.mapper.MainMapper.selectMainPopupNoticeDocNo ******/
		SET TRANSACTION ISOLATION LEVEL READ UNCOMMITTED;
		WITH MAIN_POPUPS AS
			(
			SELECT TOP 1 
					 NOTICE_NO                                         /* 공지사항 번호                    */
					, ISNULL(FO_IMAGE_DOC_NO,'') AS DOC_NO             /* FO 이미지 문서 번호              */
					, EMRGNCY_MAINPOPUP_AT                             /* FO 이미지 문서 번호              */
					, MAINPOPUP_SIZE_CODE                              /* 메인팝업 사이즈 코드             */
					, MAINPOPUP_CLOSE_BTN_COLOR                        /* 메인팝업 닫기 버튼 색상          */
					, MAINPOPUP_SKIP_CHKBOX_COLOR                      /* 메인팝업 스킵 체크박스 색상      */
					--, MAINPOPUP_POSITION                             /* 메인팝업 포지션                  */
					, MAINPOPUP_TOP_POSITION                           /* 메인팝업 상단 위치                  */
					, MAINPOPUP_RIGHT_POSITION                         /* 메인팝업 하단 위치                  */
					, MAINPOPUP_INNER_PAGE_LINK							/* 메인팝업 내부 페이지 링크		*/
					, MAINPOPUP_OUTER_PAGE_LINK							/* 메인팝업 외부 페이지 링크		*/
					, MAINPOPUP_MBER_SHOW_AT                           /* 메인팝업 회원 노출 여부          */
				FROM OP_NOTICE_BAS
				WHERE 1=1
					AND DELETE_AT = 'N'
					AND USE_AT = 'Y'
					AND NOTICE_MAINPOPUP_AT = 'Y'
					AND (CONVERT(CHAR(8), GETDATE(), 112) BETWEEN CONVERT(CHAR(8), NOTICE_MAINPOPUP_BGNDE, 112) AND CONVERT(CHAR(8), NOTICE_MAINPOPUP_ENDDE, 112))
					AND MAINPOPUP_SIZE_CODE  = '01'                        /* 01 :LARGE SIZE POPUP                */
				ORDER BY NOTICE_NO DESC
			UNION ALL
				SELECT TOP 2
					 NOTICE_NO                                         /* 공지사항 번호                    */
					, ISNULL(FO_IMAGE_DOC_NO,'') AS DOC_NO             /* FO 이미지 문서 번호              */
					, EMRGNCY_MAINPOPUP_AT                             /* FO 이미지 문서 번호              */
					, MAINPOPUP_SIZE_CODE                              /* 메인팝업 사이즈 코드             */
					, MAINPOPUP_CLOSE_BTN_COLOR                        /* 메인팝업 닫기 버튼 색상          */
					, MAINPOPUP_SKIP_CHKBOX_COLOR                      /* 메인팝업 스킵 체크박스 색상      */
					--, MAINPOPUP_POSITION                             /* 메인팝업 포지션                  */
					, MAINPOPUP_TOP_POSITION                           /* 메인팝업 상단 위치                  */
					, MAINPOPUP_RIGHT_POSITION                         /* 메인팝업 하단 위치                  */
					, MAINPOPUP_INNER_PAGE_LINK							/* 메인팝업 내부 페이지 링크		*/
					, MAINPOPUP_OUTER_PAGE_LINK							/* 메인팝업 외부 페이지 링크		*/
					, MAINPOPUP_MBER_SHOW_AT                           /* 메인팝업 회원 노출 여부          */
				FROM OP_NOTICE_BAS
				WHERE 1=1
				AND DELETE_AT = 'N'
				AND USE_AT = 'Y'
				AND NOTICE_MAINPOPUP_AT = 'Y'
				AND (CONVERT(CHAR(8), GETDATE(), 112) BETWEEN CONVERT(CHAR(8), NOTICE_MAINPOPUP_BGNDE, 112) AND CONVERT(CHAR(8), NOTICE_MAINPOPUP_ENDDE, 112))
				AND MAINPOPUP_SIZE_CODE  = '02'                       /* 02 :SMLL SIZE POPUP                */
				ORDER BY NOTICE_NO DESC
			) 
			SELECT 
				NOTICE_NO AS NOTIC_NO 
				,DOC_NO AS DOC_NO
				,EMRGNCY_MAINPOPUP_AT AS EMERGENCY_AT 
				,MAINPOPUP_SIZE_CODE
				,MAINPOPUP_CLOSE_BTN_COLOR
				,MAINPOPUP_SKIP_CHKBOX_COLOR
				--,MAINPOPUP_POSITION
				, MAINPOPUP_TOP_POSITION
				, MAINPOPUP_RIGHT_POSITION 	
				, MAINPOPUP_INNER_PAGE_LINK
				, MAINPOPUP_OUTER_PAGE_LINK
				, MAINPOPUP_MBER_SHOW_AT 
			FROM MAIN_POPUPS 
			WHERE MAINPOPUP_SIZE_CODE = (SELECT MIN(MAINPOPUP_SIZE_CODE) FROM MAIN_POPUPS)
			ORDER BY NOTICE_NO DESC
	</select>

	<select id="selectMainLargePopup" resultType="com.sorincorp.fo.ma.model.PopupDocVO">
		/******  com.sorincorp.fo.ma.mapper.MainMapper.selectMainLargePopup ******/
		SET TRANSACTION ISOLATION LEVEL READ UNCOMMITTED
		SELECT 
			CODE_NM AS DOC_IMAGE_URL,
			CODE_CHRCTR_REFRNONE AS CLOSE_BTN_COLOR,
			CODE_CHRCTR_REFRNTWO AS TODAY_WORD_COLOR,
			CODE_CHRCTR_REFRNFOUR AS POP_WIDTH,
			CODE_CHRCTR_REFRNFIVE AS POP_HEIGHT
		FROM 
			CO_CMMN_CD CCC
		WHERE 
			MAIN_CODE = 'LARGE_POPUP_URL'
			AND SUB_CODE = '01'
			AND CODE_REFRNONE = 'Y' 
			AND GETDATE() BETWEEN dbo.fn_to_date(IIF(ISNULL(CODE_REFRNTWO,'20000101120000') = '' ,'20000101120000', CODE_REFRNTWO ), 'yyyyMMddHHmmss') 
			AND dbo.fn_to_date(IIF(ISNULL(CODE_REFRNTHREE,'29991231120000') = '' ,'29991231120000', CODE_REFRNTHREE ), 'yyyyMMddHHmmss')
	</select>

    <select id="getSarokPcList" parameterType="java.util.HashMap" resultType="java.util.HashMap">
    	/******  com.sorincorp.fo.ma.mapper.MainMapper.getSarokPcList ******/
        SET TRANSACTION ISOLATION LEVEL READ UNCOMMITTED
    	<![CDATA[
	    SELECT APPLC_DE
	    	  ,BRAND_GROUP_CODE
	    	  ,METAL_CODE
			  ,(SELECT CODE_NM FROM CO_CMMN_CD WHERE MAIN_CODE = 'METAL_CODE' AND SUB_CODE = A.METAL_CODE) AS METAL_NAME
	    	  ,FORMAT(SAROK_PC, '#,###') AS SAROK_PC
	    	  ,FORMAT(AGO_SAROK_PC, '#,###') AS AGO_SAROK_PC
	    	  ,FORMAT(CONVERT(DECIMAL(15,0), ROUND(a.SAROK_PC / 1.1, 0, 1)), '#,###') NON_VAT_SAROK_PC
			  ,CASE WHEN a.AGO_SAROK_PC = 0 THEN 100
					WHEN a.AGO_SAROK_PC > 0 THEN CONVERT(DECIMAL(15,2),ROUND((a.SAROK_PC - a.AGO_SAROK_PC)/ a.AGO_SAROK_PC * 100, 2, 0))
					ELSE 0 END SAROK_PC_RATE
		  FROM (
		  		SELECT APPLC_DE, BRAND_GROUP_CODE, METAL_CODE, SAROK_PC, LAG(IRPMB.SAROK_PC, 1, 0) OVER (PARTITION BY IRPMB.BRAND_GROUP_CODE ORDER BY IRPMB.APPLC_DE) AGO_SAROK_PC
				  FROM IT_RVCMPN_PC_MANAGE_BAS IRPMB
				 WHERE APPLC_DE <= ]]>#{getNowDate}
				) A
		 WHERE APPLC_DE = #{getNowDate}
    </select>

	<select id="selectEntrpsMetalHeaderMenu" parameterType="String" resultType="com.sorincorp.fo.ma.model.HeaderMenuVO">
		/******  com.sorincorp.fo.ma.mapper.MainMapper.selectEntrpsMetalHeaderMenu ******/
		SET TRANSACTION ISOLATION LEVEL READ UNCOMMITTED
		SELECT
			  IICB.CTGRY_NM
			, IICB.CTGRY_NO
			, IICB.CTGRY_LEVEL
			, IICB.UPPER_CTGRY_NO
			, IICB.METAL_CODE
			, IICB.METAL_CL_CODE
			, IICB.MENU_URL
			, IICB.LIVE_SLE_AT
			, IICB.HGHNETPRC_SLE_AT
			, IICB.LIMITS_SLE_AT
			, IICB.AVRGPC_SLE_AT
			, IICB.CTGRY_ORDR
			, (
				SELECT TOP 1
					IICB2.METAL_CODE
				FROM dbo.IT_ITM_CTGRY_BAS AS IICB2
				WHERE IICB2.UPPER_CTGRY_NO = IICB.CTGRY_NO
				  AND IICB2.CTGRY_LEVEL = '2'
				  AND IICB2.CTGRY_USE_AT = 'Y'
				  AND IICB2.CTGRY_DSPY_AT = 'Y'
				  AND IICB2.DELETE_AT = 'N'
			) SUB_CTGRY_CHK
		FROM dbo.IT_ITM_CTGRY_BAS AS IICB
		WHERE 1=1
		AND IICB.CTGRY_USE_AT = 'Y'
		AND IICB.CTGRY_DSPY_AT = 'Y'
		AND IICB.DELETE_AT = 'N'
		ORDER BY IICB.CTGRY_LEVEL, IICB.CTGRY_ORDR, IICB.CTGRY_NM
	</select>
	
	<select id="getWorkCheck" resultType="String">
	/******  com.sorincorp.fo.ma.mapper.MainMapper.getWorkCheck ******/
    SET TRANSACTION ISOLATION LEVEL READ UNCOMMITTED  
    SELECT TOP 1 DB_OPER
    FROM dbo.OP_OPER_INFO OPI   
    </select>
    <select id="selectMetalWorldList" resultType="com.sorincorp.fo.ma.model.MetalWorldVO">
    SET TRANSACTION ISOLATION LEVEL READ UNCOMMITTED
	/****** com.sorincorp.fo.ma.mapper.MainMapper. selectMetalWorldList                                                                   ******/
	SELECT
		OMB.ROWNUM																						/*메탈월드 ROWNUM*/
	     ,  OMB.METALWORLD_SN                                                                             /* 메탈월드 순번                 */
	     , SUBSTRING(OMB.TRGET_YM , 0,5) +'.' + SUBSTRING(OMB.TRGET_YM , 5,7) AS TRGET_YM                                                                                   /* 대상 년월                     */
	     , OMB.LINK_URL                                                                                  /* 링크 URL                      */
	     , OMB.IMAGE_SN                                                                                  /* 이미지 순번                   */
	     , OMB.EXPSR_AT                                                                                  /* 노출 여부                     */
	     , OMB.TITLE                                                                                     /* 제목                          */
	     , OMB.SUMMARY                                                                                   /* 한줄 요약                     */
	     , OMB.DELETE_DT                                                                                 /* 삭제 일시                     */
	     , OMB.DELETE_AT                                                                                 /* 삭제 여부                     */
	     , OMB.FRST_REGISTER_ID                                                                          /* 최초 등록자 아이디            */
	     , OMB.FRST_REGIST_DT                                                                            /* 최초 등록 일시                */
	     , OMB.LAST_CHANGER_ID                                                                           /* 최종 변경자 아이디            */
	     , OMB.LAST_CHANGE_DT                                                                            /* 최종 변경 일시                */
	     , CDB.JOB_SE_CODE 																				 /* 파일 업무구분 코드*/
	     , CDB.DOC_FILE_NM 																				 /* 파일 이름 */
	     , CDB.DOC_FILE_COURS 																			 /* 파일 경로*/
	     , CDB.DOC_FILE_REAL_COURS 																		 /* 파일 실제 경로*/
	     , CDB.DOC_FILE_MG 																				 /* 파일 용량 */
	     , CDB.DOC_NO   																				 /* 문서 번호*/
	  FROM (
		  SELECT 
		 	 	ROW_NUMBER() OVER(ORDER BY TRGET_YM DESC) AS ROWNUM ,
		 	 	*
		 FROM dbo.OP_METALWORLD_BAS
		 WHERE 1=1
	   		AND DELETE_AT                                    = 'N'                                /* 삭제 여부                     */
	  ) AS OMB                  
	  LEFT JOIN CO_DOC_BAS CDB 
	  ON OMB.IMAGE_SN = CDB.DOC_NO AND CDB.DELETE_AT='N' /*등록이미지가 삭제되지 않은 경우*/
	  WHERE OMB.EXPSR_AT = 'Y'  /*메인화면 노출화면이 Y 인경우 노출*/
	  AND FORMAT(CONVERT(DATE, LEFT(OMB.TRGET_YM, 4) + '-' + RIGHT(OMB.TRGET_YM, 2) + '-01', 120), 'yyyyMM') >= FORMAT(DATEADD(YEAR, -1, GETDATE()), 'yyyyMM')	/* 1년 전 데이터까지만 노출 */
	  ORDER BY ROWNUM DESC
    </select>
	
	<select id="selectClosingPcList" resultType="com.sorincorp.fo.ma.model.ClosingPcVO">
	/****** com.sorincorp.fo.ma.mapper.MainMapper.selectClosingPc        ******/
		
	DECLARE @BSN_AG_DE NVARCHAR(8);
	DECLARE @BSN_DE NVARCHAR(8);
	
	SET @BSN_DE =  dbo.fn_getBsnDe(FORMAT(GETDATE(),'yyyyMMdd'), -1);
	SET @BSN_AG_DE =  dbo.fn_getBsnDe(FORMAT(GETDATE(),'yyyyMMdd'), -2);

	WITH TWO_AGO_PC AS 
		(
		SELECT 
			SLE_PC_DE_SN
			,PSPDB1.PAST_END_PC
			,PSPDB1.ITM_SN
			,PSPDB1.METAL_CODE
			,PSPDB1.DSTRCT_LCLSF_CODE
			,PSPDB1.BRAND_GROUP_CODE
			,PSPDB1.BRAND_CODE 
			FROM (
				SELECT  
					ROW_NUMBER() OVER (PARTITION BY METAL_CODE, ITM_SN, DSTRCT_LCLSF_CODE, BRAND_GROUP_CODE, BRAND_CODE ORDER BY SLE_PC_DE_SN DESC) AS ROW_NUM
					, PSPDB.END_PC AS PAST_END_PC                                                      
					, SLE_PC_DE_SN
					, METAL_CODE, ITM_SN, DSTRCT_LCLSF_CODE, BRAND_GROUP_CODE, BRAND_CODE 
				FROM dbo.PR_SEL_PC_DE_BAS AS PSPDB                                            
				WHERE 1=1
					AND PSPDB.BRAND_CODE  = '0000000000'
					AND ITM_SN <![CDATA[<>]]>'0'
			) AS PSPDB1
		WHERE PSPDB1.ROW_NUM = 2
		)
	, TWO_AGO_IRPM AS (
		SELECT 
			 METAL_CODE 
			, SAROK_PC
			, BRAND_GROUP_CODE 
			, APPLC_DE
		FROM IT_RVCMPN_PC_MANAGE_BAS 
		WHERE APPLC_DE = @BSN_AG_DE
	) 
	,TWO_AGO_LME_PC  AS(
		SELECT
			PLEPB.METAL_CODE
			,PLEPB.OCCRRNC_DE
			,PLPPB.ACTHNG_PBLNTF_SALE_PC                                                    /*       전일 OFFICIAL CASH        */
			,MAX(IIF(EVL_DE = 'CASH', EVL_PC, 0)) AS CASH_ASK_END_PC_AGO                    /*       전일 CLOSING CASH         */
			,PLPPB.FTRS_PBLNTF_SALE_PC --전일 OFFICIAL 3M
			,MAX(IIF(EVL_DE = '3 MONTHS', EVL_PC, 0)) AS THREEMONTH_ASK_END_PC_AGO          /*       전일 CLOSING 3M           */
		FROM dbo.PR_LME_EVL_PC_BAS PLEPB
		LEFT OUTER JOIN PR_LME_PBLNTF_PC_BAS PLPPB ON PLEPB.OCCRRNC_DE = PLPPB.OCCRRNC_DE AND PLEPB.METAL_CODE = PLPPB.METAL_CODE
		WHERE PLEPB.OCCRRNC_DE = @BSN_AG_DE
			AND PLEPB.EVL_DE IN ('CASH', '3 MONTHS')
		GROUP BY PLEPB.METAL_CODE, PLEPB.OCCRRNC_DE, PLPPB.ACTHNG_PBLNTF_SALE_PC, PLPPB.FTRS_PBLNTF_SALE_PC
	)
	,STDR_MATAL AS (
		SELECT IMISB.METAL_CODE, IMISB.ITM_SN, IMISB.DSTRCT_LCLSF_CODE, IMISB.BRAND_GROUP_CODE, IMISB.BRAND_CODE, IIIB.DSPY_GOODS_NM, IIIB.DSPY_GOODS_NM_LINE_H, IIIB.DSPY_GOODS_NM_LINE_D
		FROM IT_METAL_ITM_STDR_BAS IMISB 
		INNER JOIN IT_ITM_INFO_BAS IIIB ON IMISB.ITM_SN = IIIB.ITM_SN 
		WHERE 1=1
			AND IMISB.SLE_MTHD_CODE = '01'
			AND IMISB.DELETE_AT  = 'N'
	)
	SELECT * FROM (
		SELECT 
			PCB.METAL_CODE 
			, '1' AS PART  
			, '1' AS SUB_PART 
			, DSPY_GOODS_NM AS DISPLAY_NM
			, PAST_END_PC AS DISPLAY_AMOUNT
			,(SELECT END_PC FROM PR_EHGT_PC_DE_BAS pepdb WHERE OCCRRNC_DE = @BSN_DE ) AS ETC_AMOUNT1
			, '' AS ETC_AMOUNT2
		FROM 
			(
				SELECT 
					ROW_NUMBER() OVER (PARTITION BY METAL_CODE, ITM_SN, DSTRCT_LCLSF_CODE, BRAND_GROUP_CODE, BRAND_CODE ORDER BY SLE_PC_DE_SN DESC) AS ROW_NUM
					, PSPDB.END_PC AS PAST_END_PC                                                      
					, SLE_PC_DE_SN
					, METAL_CODE, ITM_SN, DSTRCT_LCLSF_CODE, BRAND_GROUP_CODE, BRAND_CODE 
				FROM dbo.PR_SEL_PC_DE_BAS AS PSPDB                                            
				WHERE 1=1
					AND PSPDB.SLE_PC_DE_SN  <![CDATA[<]]>  FORMAT(GETDATE(), 'yyyyMMdd')
					AND PSPDB.BRAND_CODE  = '0000000000'
					AND ITM_SN <![CDATA[<>]]> '0'
			) PCB
			INNER JOIN STDR_MATAL SM 
			ON SM.ITM_SN = PCB.ITM_SN 
				AND SM.DSTRCT_LCLSF_CODE = PCB.DSTRCT_LCLSF_CODE 
				AND SM.BRAND_GROUP_CODE = PCB.BRAND_GROUP_CODE
				AND SM.METAL_CODE = PCB.METAL_CODE 
			WHERE PCB.ROW_NUM = 1
		UNION ALL
			SELECT 
				SM.METAL_CODE 
				,'2' AS PART
				,'2' AS SUB_PART 
				, dbo.fn_getCodeRefrn ('BRAND_GROUP_CODE', IRPMB.BRAND_GROUP_CODE, 'CODE_DCONE') AS DISPLAY_NM
				, ISNULL(IRPMB.SAROK_PC, 0) AS DISPLAY_AMOUNT
				, CONVERT(VARCHAR, ISNULL(MAX(ROUND(CONVERT(FLOAT,(IRPMB.SAROK_PC -  TAIP.SAROK_PC)) / TAIP.SAROK_PC * 100, 2)),0)) AS ETC_AMOUNT1
				, CONCAT(SUBSTRING(@BSN_DE, 1, 4), '.', SUBSTRING(@BSN_DE, 5, 2), '.', SUBSTRING(@BSN_DE, 7, 2), ' ', dbo.fn_getWeekNm(@BSN_DE, 'KR')) AS ETC_AMOUNT2
			FROM STDR_MATAL SM
			LEFT OUTER JOIN IT_RVCMPN_PC_MANAGE_BAS IRPMB
				ON SM.METAL_CODE = IRPMB.METAL_CODE AND IRPMB.APPLC_DE = @BSN_DE AND IRPMB.DELETE_AT = 'N'
			LEFT OUTER JOIN TWO_AGO_IRPM TAIP 
				ON TAIP.BRAND_GROUP_CODE = IRPMB.BRAND_GROUP_CODE
				AND TAIP.METAL_CODE = IRPMB.METAL_CODE
			WHERE 1=1
			GROUP BY SM.METAL_CODE, IRPMB.BRAND_GROUP_CODE, IRPMB.SAROK_PC
		UNION ALL
			SELECT 
				SM.METAL_CODE 
				,'5' AS PART
				,'222' AS SUB_PART 
				, dbo.fn_getCodeRefrn ('BRAND_GROUP_CODE', IRPMB.BRAND_GROUP_CODE, 'CODE_DCONE') AS DISPLAY_NM
				, ISNULL(IRPMB.SAROK_PC, 0) AS DISPLAY_AMOUNT
				, CONVERT(VARCHAR, ISNULL(MAX(ROUND(CONVERT(FLOAT,(IRPMB.SAROK_PC -  TAIP.SAROK_PC)) / TAIP.SAROK_PC * 100, 2)),0)) AS ETC_AMOUNT1
				, CONCAT(SUBSTRING(@BSN_DE, 1, 4), '.', SUBSTRING(@BSN_DE, 5, 2), '.', SUBSTRING(@BSN_DE, 7, 2), ' ', dbo.fn_getWeekNm(@BSN_DE, 'KR')) AS ETC_AMOUNT2
			FROM STDR_MATAL SM
			LEFT OUTER JOIN IT_RVCMPN_PC_MANAGE_BAS IRPMB
				ON SM.METAL_CODE = IRPMB.METAL_CODE AND IRPMB.APPLC_DE = @BSN_DE AND IRPMB.DELETE_AT = 'N'
			LEFT OUTER JOIN TWO_AGO_IRPM TAIP 
				ON TAIP.BRAND_GROUP_CODE = IRPMB.BRAND_GROUP_CODE
				AND TAIP.METAL_CODE = IRPMB.METAL_CODE
			WHERE 1=1
			GROUP BY SM.METAL_CODE, IRPMB.BRAND_GROUP_CODE, IRPMB.SAROK_PC	
		UNION ALL
			SELECT METAL_CODE
				,PART
				,SUB_PART
				,DISPLAY_NM
				,DISPLAY_AMOUNT
				,ETC_AMOUNT1
				,ETC_AMOUNT2 FROM 
			(
				SELECT 
					ASPC.METAL_CODE
					,'3' AS PART 
					, CONCAT('1', (ROW_NUMBER() OVER (PARTITION BY ASPC.METAL_CODE ORDER BY ASPC.DSTRCT_LCLSF_CODE, ASPC.DSTRCT_LCLSF_CODE, ASPC.BRAND_GROUP_CODE)*2) -1) AS SUB_PART
					, dbo.fn_getCodeNm('DSTRCT_LCLSF_CODE', ASPC.DSTRCT_LCLSF_CODE) + '/' + 
					  dbo.fn_getCodeRefrn ('BRAND_GROUP_CODE', ASPC.BRAND_GROUP_CODE, 'CODE_DCONE') AS DISPLAY_NM
					, ASPC.PAST_END_PC AS DISPLAY_AMOUNT
					, MAX(ROUND(CONVERT(FLOAT,(ASPC.PAST_END_PC -  TAGPC.PAST_END_PC)) / TAGPC.PAST_END_PC * 100, 2)) AS ETC_AMOUNT1
					, '' AS ETC_AMOUNT2
				FROM(
					SELECT  
						ROW_NUMBER() OVER (PARTITION BY METAL_CODE, ITM_SN, DSTRCT_LCLSF_CODE, BRAND_GROUP_CODE, BRAND_CODE ORDER BY SLE_PC_DE_SN DESC) AS ROW_NUM
						, PSPDB.END_PC AS PAST_END_PC                                                      
						, SLE_PC_DE_SN
						, METAL_CODE, ITM_SN, DSTRCT_LCLSF_CODE, BRAND_GROUP_CODE, BRAND_CODE 
					FROM dbo.PR_SEL_PC_DE_BAS AS PSPDB                                            
					WHERE 1=1
					AND PSPDB.SLE_PC_DE_SN  <![CDATA[<]]>  FORMAT(GETDATE(), 'yyyyMMdd')
					AND PSPDB.BRAND_CODE  = '0000000000'
					AND ITM_SN <![CDATA[<>]]> '0'
					) AS ASPC
				LEFT OUTER JOIN TWO_AGO_PC AS TAGPC 
					ON TAGPC.ITM_SN = ASPC.ITM_SN
					AND ASPC.DSTRCT_LCLSF_CODE = TAGPC.DSTRCT_LCLSF_CODE
					AND ASPC.BRAND_GROUP_CODE = TAGPC.BRAND_GROUP_CODE
					AND ASPC.BRAND_CODE = TAGPC.BRAND_CODE
				INNER JOIN STDR_MATAL SM ON ASPC.METAL_CODE = SM.METAL_CODE AND ASPC.ITM_SN = SM.ITM_SN 
				WHERE ASPC.ROW_NUM = 1
					AND ASPC.DSTRCT_LCLSF_CODE IN ('10','20','50')
				GROUP BY ASPC.METAL_CODE, ASPC.DSTRCT_LCLSF_CODE,  ASPC.BRAND_GROUP_CODE,  ASPC.PAST_END_PC,TAGPC.PAST_END_PC
		UNION ALL
			SELECT
				SM.METAL_CODE
				, '4' AS PART 
				, '12' AS SUB_PART
				,'전일 OFFCIAL CASH'	AS DISPLAY_NM
				, ISNULL(CONVERT(FLOAT,PLPPB.ACTHNG_PBLNTF_SALE_PC),0.00) AS ACTHNG_PBLNTF_SALE_PC            /*       전일 OFFICIAL CASH           */
				, MAX(ROUND(CONVERT(FLOAT,(PLPPB.ACTHNG_PBLNTF_SALE_PC -  TALP.ACTHNG_PBLNTF_SALE_PC)) / TALP.ACTHNG_PBLNTF_SALE_PC * 100, 2)) AS ETC_AMOUNT1 
				, '' AS ETC_AMOUNT2
			FROM STDR_MATAL SM 
			LEFT OUTER JOIN PR_LME_PBLNTF_PC_BAS PLPPB ON PLPPB.OCCRRNC_DE = @BSN_DE AND PLPPB.METAL_CODE = SM.METAL_CODE
			INNER JOIN TWO_AGO_LME_PC TALP ON TALP.METAL_CODE  = SM.METAL_CODE
			WHERE 1=1
			GROUP BY SM.METAL_CODE, PLPPB.OCCRRNC_DE, PLPPB.ACTHNG_PBLNTF_SALE_PC, PLPPB.FTRS_PBLNTF_SALE_PC, TALP.ACTHNG_PBLNTF_SALE_PC
		UNION ALL	
			SELECT
				PLPPBS.METAL_CODE
				, '4' AS PART 
				, '14' AS SUB_PART
				,'전일 CLOSING CASH'	AS DISPLAY_NM
				, ISNULL(CONVERT(FLOAT,PLPPBS.CASH_ASK_END_PC_AGO),0.00)                                  /*      전일 OFFICIAL CASH           */
				, MAX(ROUND(CONVERT(FLOAT,(PLPPBS.CASH_ASK_END_PC_AGO - TALP.CASH_ASK_END_PC_AGO)) / TALP.CASH_ASK_END_PC_AGO * 100, 2)) AS ETC_AMOUNT1 
				, '' AS ETC_AMOUNT2
			FROM 
				(
					SELECT
						SM.METAL_CODE
						, CONVERT(FLOAT,MAX(IIF(PLEPB.EVL_DE = 'CASH', PLEPB.EVL_PC, 0))) AS CASH_ASK_END_PC_AGO
					FROM STDR_MATAL SM 
					LEFT OUTER JOIN PR_LME_EVL_PC_BAS PLEPB ON SM.METAL_CODE = PLEPB.METAL_CODE AND PLEPB.OCCRRNC_DE = @BSN_DE AND PLEPB.DELETE_AT = 'N'
					WHERE 1=1
					GROUP BY SM.METAL_CODE, PLEPB.OCCRRNC_DE
				)PLPPBS
			INNER JOIN TWO_AGO_LME_PC AS TALP ON PLPPBS.METAL_CODE = TALP.METAL_CODE
			GROUP BY PLPPBS.METAL_CODE, PLPPBS.CASH_ASK_END_PC_AGO 
		UNION ALL
			SELECT
				SM.METAL_CODE
				, '4' AS PART 
				, '16' AS SUB_PART
				,'전일 OFFICIAL 3M'	AS DISPLAY_NM
				, ISNULL(CONVERT(FLOAT,PLPPB.FTRS_PBLNTF_SALE_PC),0.00) AS FTRS_PBLNTF_SALE_PC              /*       전일 OFFICIAL 3M             */
				, MAX(ROUND(CONVERT(FLOAT,(PLPPB.FTRS_PBLNTF_SALE_PC - TALP.FTRS_PBLNTF_SALE_PC)) / TALP.FTRS_PBLNTF_SALE_PC * 100, 2)) AS ETC_AMOUNT1 
				, '' AS ETC_AMOUNT2
			FROM STDR_MATAL SM 
			LEFT OUTER JOIN PR_LME_PBLNTF_PC_BAS PLPPB ON PLPPB.OCCRRNC_DE = @BSN_DE AND PLPPB.METAL_CODE = SM.METAL_CODE
			INNER JOIN TWO_AGO_LME_PC TALP ON TALP.METAL_CODE = SM.METAL_CODE
			WHERE 1=1
			GROUP BY SM.METAL_CODE, PLPPB.OCCRRNC_DE, PLPPB.ACTHNG_PBLNTF_SALE_PC, PLPPB.FTRS_PBLNTF_SALE_PC
		UNION ALL
			SELECT 
				PLPPS.METAL_CODE
				, '4' AS PART 
				, '18' AS SUB_PART
				,'전일 CLOSING 3M'	AS DISPLAY_NM
				, ISNULL(CONVERT(FLOAT,PLPPS.THREEMONTH_ASK_END_PC_AGO),0.00) AS THREEMONTH_ASK_END_PC_AGO 
				, MAX(ROUND(CONVERT(FLOAT,(PLPPS.THREEMONTH_ASK_END_PC_AGO - TALP.THREEMONTH_ASK_END_PC_AGO)) / TALP.THREEMONTH_ASK_END_PC_AGO * 100, 2)) AS ETC_AMOUNT1 
				, '' AS ETC_AMOUNT2
			FROM (
				SELECT
					SM.METAL_CODE
					, CONVERT(FLOAT,MAX(IIF(EVL_DE = '3 MONTHS', EVL_PC, 0))) AS THREEMONTH_ASK_END_PC_AGO          /*       전일 CLOSING 3M             */
					FROM STDR_MATAL SM 
					LEFT OUTER JOIN PR_LME_EVL_PC_BAS PLEPB ON SM.METAL_CODE = PLEPB.METAL_CODE AND PLEPB.OCCRRNC_DE = @BSN_DE AND PLEPB.DELETE_AT = 'N'
				WHERE 1=1
				GROUP BY SM.METAL_CODE, PLEPB.OCCRRNC_DE
				)PLPPS
			INNER JOIN TWO_AGO_LME_PC AS TALP ON PLPPS.METAL_CODE = TALP.METAL_CODE
			GROUP BY PLPPS.METAL_CODE, PLPPS.THREEMONTH_ASK_END_PC_AGO
		) AB
	) A INNER JOIN STDR_MATAL SM ON A.METAL_CODE = SM.METAL_CODE
	WHERE PART != '4'	
	ORDER BY A.METAL_CODE, CONVERT(INT, A.SUB_PART)
	</select>
	
	<select id="getPrvsnlUntpcPurchsSetupAt" parameterType="String" resultType="boolean">
	/****** com.sorincorp.fo.ma.mapper.MainMapper.getPrvsnlUntpcPurchsSetupAt        ******/
	SET TRANSACTION ISOLATION LEVEL READ UNCOMMITTED
	SELECT IIF(MEIB.PRVSNL_UNTPC_PURCHS_SETUP_AT = 'Y', 1, 0) 
	  FROM MB_ENTRPS_INFO_BAS MEIB
	 WHERE MEIB.DELETE_AT = 'N'
	   AND MEIB.ENTRPS_NO = #{entripsNo}
	</select>

	<select id="selectYoutubeList" resultType="com.sorincorp.fo.ma.model.YoutubeVO">
	/****** com.sorincorp.fo.ma.mapper.MainMapper.selectYoutubeList        ******/
	SELECT
		YOUTUBE_ORDER_BY
		,YOUTUBE_LINK
		,YOUTUBE_TITLE
		,YOUTUBE_DESC
	  FROM OP_YOUTUBE_LINK_BAS OYLB 
	 WHERE DELETE_AT = 'N'
	   AND USE_AT = 'Y'
	 ORDER BY YOUTUBE_ORDER_BY
	</select>
</mapper>