<?xml version="1.0" encoding="UTF-8"?>
<!DOCTYPE mapper PUBLIC "-//mybatis.org//DTD Mapper 3.0//EN" "http://mybatis.org/dtd/mybatis-3-mapper.dtd">

<mapper namespace="com.sorincorp.comm.brandcode.mapper.BrandCodeMapper">

    <select id="getBrandCode" parameterType="com.sorincorp.comm.brandcode.model.BrandCodeVO" resultType="com.sorincorp.comm.brandcode.model.BrandCodeVO">
        SET TRANSACTION ISOLATION LEVEL READ UNCOMMITTED
        SELECT
            IBIB.BRAND_CODE AS SUB_CODE
            , IBIB.BRAND_NM AS CODE_NM
            , '[' + IBIB.BRAND_CODE + '] ' + IBIB.BRAND_NM AS CODE_DETAIL_NM
            , IBIB.BRAND_GROUP_CODE
            , ISNULL(IBIB.PRIOR_RANK, 999999) AS PRIOR_RANK
            , IBIB.METAL_CODE
            , IBIB.NATION_CODE
          FROM dbo.IT_BRAND_INFO_BAS AS IBIB
         WHERE 1=1
        <if test="brandGroupCode != null and brandGroupCode != ''">
           AND IBIB.BRAND_GROUP_CODE = #{brandGroupCode}
        </if>
           AND ISNULL(IBIB.EC_USE_AT, 'N') = 'Y'
           AND ISNULL(IBIB.DELETE_AT, 'N') = 'N'
         ORDER BY IBIB.PRIOR_RANK
    </select>
    
    <select id="getBrandOthersCode" parameterType="com.sorincorp.comm.brandcode.model.BrandCodeVO" resultType="com.sorincorp.comm.brandcode.model.BrandCodeVO">
    	/******  com.sorincorp.comm.brandcode.mapper.BrandCodeMapper.getBrandOthersCode                                                                ******/
    	SET TRANSACTION ISOLATION LEVEL READ UNCOMMITTED
		SELECT
			BRAND_CODE AS SUB_CODE
			,BRAND_NM AS CODE_NM
			,'[' + BRAND_CODE + '] ' + BRAND_NM AS CODE_DETAIL_NM
			,BRAND_GROUP_CODE
			,PRIOR_RANK
            ,METAL_CODE
			,NATION_CODE
		  FROM dbo.fn_othersBrandList()
         WHERE 1=1
        <if test="@com.sorincorp.comm.util.MybatisUtil@isNotEmpty(brandGroupCode)">
           AND BRAND_GROUP_CODE = #{brandGroupCode}
        </if>
    </select>

    <select id="selectMbEntrpsSpcifyBrandRls" parameterType="java.util.HashMap" resultType="com.sorincorp.comm.brandcode.model.BrandCodeVO">
    	/******  com.sorincorp.comm.brandcode.mapper.BrandCodeMapper.selectMbEntrpsSpcifyBrandRls                                                                ******/
        SET TRANSACTION ISOLATION LEVEL READ UNCOMMITTED
        SELECT
           IBIB.BRAND_CODE AS SUB_CODE
           , IBIB.BRAND_NM AS CODE_NM
           , '[' + IBIB.BRAND_CODE + '] ' + IBIB.BRAND_NM AS CODE_DETAIL_NM
           , IBIB.BRAND_GROUP_CODE
           , ISNULL(IBIB.PRIOR_RANK, 999999) AS PRIOR_RANK
           , IBIB.METAL_CODE
           , IBIB.NATION_CODE
           , '10' AS BL_REMAIN
           , '' AS REMAIN_BL_NO
           , '' AS NATION_FLAG_URL
         FROM dbo.IT_BRAND_INFO_BAS AS IBIB
        WHERE 1=1
        <if test="metalCode != null and metalCode != ''">
          AND IBIB.METAL_CODE = #{metalCode}
        </if>
        <if test="brandGroupCode != null and brandGroupCode != ''">
          AND IBIB.BRAND_GROUP_CODE = #{brandGroupCode}
        </if>
        <if test="@com.sorincorp.comm.util.MybatisUtil@isNotEmpty(clickbutton)">
			<choose>
				<when test="clickbutton.equals('Y')">
					AND IBIB.BRAND_INRRELEVANT_INQIRE_AT = 'Y'
				</when>
			</choose>
		</if>
          AND ISNULL(IBIB.EC_USE_AT, 'N') = 'Y'
          AND ISNULL(IBIB.DELETE_AT, 'N') = 'N'
          UNION ALL
         SELECT
           IBIB.BRAND_CODE AS SUB_CODE
           , CONCAT(IBIB.BRAND_NM, ' [', IBIB2.SLE_INVNTRY_UNSLE_BUNDLE_BNT ,'번들]')
           , IBIB2.BL_NO AS CODE_DETAIL_NM
           , IBIB.BRAND_GROUP_CODE
           , 999999 AS PRIOR_RANK
           , IBIB.METAL_CODE
           , IBIB.NATION_CODE
           , '20' AS BL_REMAIN
           , IBIB2.BL_NO AS REMAIN_BL_NO
           , ISNULL(CCC.CODE_REFRNTHREE , '') AS NATION_FLAG_URL
          FROM dbo.MB_ENTRPS_SPCIFY_BRAND_RLS AS MESBR
           	INNER JOIN dbo.IT_BL_INFO_BAS IBIB2
            	ON MESBR.BL_NO = IBIB2.BL_NO
              AND IBIB2.BL_NO IS NOT NULL
              AND IBIB2.SLE_INVNTRY_UNSLE_BUNDLE_BNT > 0
              AND IBIB2.SLE_STTUS_CODE = '02'
			INNER JOIN IT_BRAND_INFO_BAS AS IBIB
				ON IBIB2.BRAND_CODE = IBIB.BRAND_CODE
			INNER JOIN CO_CMMN_CD AS CCC
				ON CCC.MAIN_CODE = 'NATION_CODE'
			  AND CCC.SUB_CODE  !=  '@'
			  AND CCC.USE_AT 	    =   'Y'
			  AND CCC.DELETE_AT  =   'N'
			  AND CCC.SUB_CODE  = IBIB.NATION_CODE
          WHERE 1=1
             AND MESBR.ENTRPS_NO = #{entrpsNo}
             AND ISNULL(MESBR.DELETE_AT, 'N') = 'N'

       <!-- EXCEPT
        SELECT
            IBIB.BRAND_CODE AS SUB_CODE
           , IBIB.BRAND_NM AS CODE_NM
           , '[' + IBIB.BRAND_CODE + '] ' + IBIB.BRAND_NM AS CODE_DETAIL_NM
           , IBIB.BRAND_GROUP_CODE
           , ISNULL(IBIB.PRIOR_RANK, 999999) AS PRIOR_RANK
           , IBIB.METAL_CODE
           , IBIB.NATION_CODE
          FROM dbo.IT_BRAND_INFO_BAS AS IBIB
         INNER JOIN dbo.MB_ENTRPS_SPCIFY_BRAND_RLS AS MESBR
            ON IBIB.BRAND_CODE =  MESBR.BRAND_CODE
          WHERE 1=1
            AND MESBR.ENTRPS_NO != #{entrpsNo}
            AND ISNULL(MESBR.DELETE_AT, 'N') = 'N' -->
        <!-- SELECT
            G1.*
          FROM (
            SELECT
               IBIB.BRAND_CODE AS SUB_CODE
               , IBIB.BRAND_NM AS CODE_NM
               , '[' + IBIB.BRAND_CODE + '] ' + IBIB.BRAND_NM AS CODE_DETAIL_NM
               , IBIB.BRAND_GROUP_CODE
               , ISNULL(IBIB.PRIOR_RANK, 999999) AS PRIOR_RANK
               , IBIB.METAL_CODE
               , IBIB.NATION_CODE
             FROM dbo.IT_BRAND_INFO_BAS AS IBIB
            WHERE 1=1
         <if test="brandGroupCode != null and brandGroupCode != ''">
              AND IBIB.BRAND_GROUP_CODE = #{brandGroupCode}
        </if>
              AND ISNULL(IBIB.EC_USE_AT, 'N') = 'Y'
              AND ISNULL(IBIB.DELETE_AT, 'N') = 'N'
            UNION ALL
            SELECT
               IBIB.BRAND_CODE AS SUB_CODE
               , IBIB.BRAND_NM AS CODE_NM
               , '[' + IBIB.BRAND_CODE + '] ' + IBIB.BRAND_NM AS CODE_DETAIL_NM
               , IBIB.BRAND_GROUP_CODE
               , ISNULL(IBIB.PRIOR_RANK, 999999) AS PRIOR_RANK
               , IBIB.METAL_CODE
               , IBIB.NATION_CODE
             FROM dbo.IT_BRAND_INFO_BAS AS IBIB
            INNER JOIN dbo.MB_ENTRPS_SPCIFY_BRAND_RLS AS MESBR
               ON MESBR.BRAND_CODE = IBIB.BRAND_CODE
              AND MESBR.ENTRPS_NO = #{entrpsNo}
            WHERE 1=1
              AND ISNULL(IBIB.DELETE_AT, 'N') = 'N'
              AND ISNULL(MESBR.DELETE_AT, 'N') = 'N'
            ) AS G1
        GROUP BY G1.SUB_CODE
                    , G1.CODE_NM
                    , G1.CODE_DETAIL_NM
                    , G1.BRAND_GROUP_CODE
                    , G1.PRIOR_RANK
                    , G1.METAL_CODE
                    , G1.NATION_CODE
        ORDER BY G1.PRIOR_RANK -->
    </select>

</mapper>