<?xml version="1.0" encoding="UTF-8"?>
<!DOCTYPE mapper PUBLIC "-//mybatis.org//DTD Mapper 3.0//EN" "http://mybatis.org/dtd/mybatis-3-mapper.dtd">
<mapper namespace="com.sorincorp.batch.bd.mapper.BdBasSttusMapper">

	<select id="selectBdBasBeginSttusList" resultType="com.sorincorp.batch.bd.model.BdBasSttusVO">
		/* com.sorincorp.batch.bd.mapper.BdBasSttusMapper.selectBdBasSttusList */
   		SET TRANSACTION ISOLATION LEVEL READ UNCOMMITTED
		SELECT 
				 BBB.BID_PBLANC_ID
		FROM BD_BID_BAS BBB
		WHERE 1=1
			AND BID_STTUS_CODE 		= 		'12'
			AND BDDPR_BEGIN_DT <![CDATA[<]]> FORMAT(GETDATE() , 'yyyyMMddHHmmss')
			AND DSPY_AT 					= 		'Y'
			AND PBLANC_CANCL_AT 	= 		'N'
			AND DELETE_AT 				= 		'N'
	</select>

	<select id="selectBdBasEndSttusList" resultType="com.sorincorp.batch.bd.model.BdBasSttusVO">
		/* com.sorincorp.batch.bd.mapper.BdBasSttusMapper.selectBdBasEndSttusList */
   		SET TRANSACTION ISOLATION LEVEL READ UNCOMMITTED
		SELECT 
				 BBB.BID_PBLANC_ID
		FROM BD_BID_BAS BBB
		WHERE 1=1
			AND BID_STTUS_CODE 		= 		'13'
			AND BDDPR_END_DT <![CDATA[<]]> FORMAT(GETDATE() , 'yyyyMMddHHmmss')
			AND DSPY_AT 					= 		'Y'
			AND PBLANC_CANCL_AT 	= 		'N'
			AND DELETE_AT 				= 		'N'
	</select>

	<update id="updateBdBasBeginSttus" parameterType="com.sorincorp.batch.bd.model.BdBasSttusVO">
		/******  com.sorincorp.batch.bd.mapper.BdBasSttusMapper.updateBdBasBeginSttus  ******/
		UPDATE BD_BID_BAS
			SET
				  BID_STTUS_CODE						=		'13'
				, LAST_CHANGER_ID						= 		'SYSTEM'
				, LAST_CHANGE_DT						=		GETDATE()
		WHERE 1=1
			AND BID_PBLANC_ID						=		#{bidPblancId}
	</update>
	
	<update id="updateBdBasEndSttus" parameterType="com.sorincorp.batch.bd.model.BdBasSttusVO">
		/******  com.sorincorp.batch.bd.mapper.BdBasSttusMapper.updateBdBasEndSttus  ******/
		UPDATE BD_BID_BAS
			SET
				  BID_STTUS_CODE						=		'21'
				, OPENG_DT								=		FORMAT(GETDATE() , 'yyyyMMddHHmmss')
				, LAST_CHANGER_ID						= 		'SYSTEM'
				, LAST_CHANGE_DT						=		GETDATE()
		WHERE 1=1
			AND BID_PBLANC_ID						=		#{bidPblancId}
	</update>

	<update id="updateBddprDtlEndSttus" parameterType="com.sorincorp.batch.bd.model.BdBasSttusVO">
		/******  com.sorincorp.batch.bd.mapper.BdBasSttusMapper.updateBdBasEndSttus  ******/
		UPDATE BD_BDDPR_DTL  
				SET BD_BDDPR_DTL.OPENG_RANK 			= 		AAA.BIDRANK
					, BD_BDDPR_DTL.OPENG_DT 				= 		FORMAT(GETDATE() , 'yyyyMMddHHmmss')
					, BD_BDDPR_DTL.LAST_CHANGER_ID	= 		'SYSTEM'
					, BD_BDDPR_DTL.LAST_CHANGE_DT		= 		GETDATE()
			FROM BD_BDDPR_DTL ,
				(   SELECT BBD.BID_ENTRPS_NO
							, BBD.BID_PBLANC_ID
							, BBD.OPENG_RANK
							, BBD.OPENG_DT
							, BBD.SCSBID_DT
							, BBD.SCSBID_AT
							, ROW_NUMBER() OVER(ORDER BY BBD.DELY_CND_STDR_PC + BBD.CNVRS_PREMIUM_AMOUNT + BBD.BDDPR_PREMIUM_PC, BBD.BDDPR_DT) AS BIDRANK
					 FROM 
							   BD_BDDPR_DTL BBD 
					WHERE BBD.BID_PBLANC_ID 			=		#{bidPblancId}
						AND BBD.PARTCPTN_AGRE_AT 	=		'Y'
						AND BBD.BDDPR_NRMLT_AT 		=		'Y'
						AND BBD.CANCL_AT 				=		'N'
						AND BBD.DELETE_AT 				=		'N'  ) AAA
			WHERE BD_BDDPR_DTL.BID_ENTRPS_NO 			= 		AAA.BID_ENTRPS_NO
				AND BD_BDDPR_DTL.BID_PBLANC_ID 			= 		AAA.BID_PBLANC_ID;
	</update>
	
	<insert  id="insertScsbidDtlEndSttus" parameterType="com.sorincorp.batch.bd.model.BdBasSttusVO">
		/******  com.sorincorp.batch.bd.mapper.BdBasSttusMapper.insertScsbidDtlEndSttus  ******/
		INSERT INTO BD_SCSBID_DTL
		VALUES(
					#{bidPblancId}
					, (SELECT BID_ENTRPS_NO  FROM BD_BDDPR_DTL BBD
					 WHERE OPENG_RANK 					=		'1'
						AND BID_PBLANC_ID					=		#{bidPblancId}
						AND BBD.PARTCPTN_AGRE_AT 	=		'Y'
						AND BBD.BDDPR_NRMLT_AT 		=		'Y'
						AND BBD.CANCL_AT 				=		'N'		
						AND BBD.DELETE_AT 				=		'N') 
					, '10'
					, NULL
					, NULL
					, NULL
					, 'N'
					, NULL
					, 'SYSTEM'
					, GETDATE()
					, 'SYSTEM'
					, GETDATE()
					);
	</insert>
	
	<select id="selectBddprDtlCnt" parameterType="com.sorincorp.batch.bd.model.BdBasSttusVO" resultType="int">
		/* com.sorincorp.batch.bd.mapper.BdBasSttusMapper.selectBddprDtlCnt */
   		SET TRANSACTION ISOLATION LEVEL READ UNCOMMITTED
		SELECT
				   COUNT(*)
		  FROM BD_BDDPR_DTL BBD
		 WHERE 1=1
			AND BBD.BID_PBLANC_ID 				=		#{bidPblancId}
			AND BBD.PARTCPTN_AGRE_AT 		=		'Y'
			AND BBD.BDDPR_NRMLT_AT 			=		'Y'
			AND BBD.CANCL_AT 					=		'N'
			AND BBD.DELETE_AT 					=		'N' 
	</select>
	
	<update id="updateBdBasFailSttus" parameterType="com.sorincorp.batch.bd.model.BdBasSttusVO">
		/******  com.sorincorp.batch.bd.mapper.BdBasSttusMapper.updateBdBasFailSttus  ******/
		UPDATE BD_BID_BAS
			SET
				  BID_STTUS_CODE						=		'32'
				, OPENG_DT								=		FORMAT(GETDATE() , 'yyyyMMddHHmmss')
				, REJECT_BID_RESN						=		'투찰기업:0, 자동 유찰 처리'
				, LAST_CHANGER_ID						= 		'SYSTEM'
				, LAST_CHANGE_DT						=		GETDATE()
		WHERE 1=1
			AND BID_PBLANC_ID						=		#{bidPblancId}
	</update>
	
</mapper>