<?xml version="1.0" encoding="UTF-8"?>
<!DOCTYPE mapper PUBLIC "-//mybatis.org//DTD Mapper 3.0//EN" "http://mybatis.org/dtd/mybatis-3-mapper.dtd">
<mapper namespace="com.sorincorp.batch.credt.mapper.NpyOrderDlvyRqestdeChangeMapper">

	<select id="selectNpyOrderList" resultType="com.sorincorp.batch.credt.model.NpyOrderVO">
		/***** batch.credt.mapper.NpyOrderDlvyRqestdeChangeMapper.selectNpyOrderList *****/
		SET TRANSACTION ISOLATION LEVEL READ UNCOMMITTED
		SELECT
			  OOB.ORDER_NO																				/* 주문 번호 */
			, OOB.ORDER_DLVRG_NO																		/* 주문 배송지 번호 */
			, CASE WHEN OOB.DLVY_MN_CODE = '02' AND ISNULL(OVIB.VHCLE_WRHOUSNG_DE, '') != ''
				   THEN dbo.fn_getSettleSttusDe(OVIB.VHCLE_WRHOUSNG_DE, 6)
				   ELSE dbo.fn_getSettleSttusDe(OOB.DLIVY_REQUST_DE, 6)
			   END AS CHANGE_DLVY_RQESTDE																/* 변경 예정 배송요청일 (= 기존 배송요청일 또는 차량입고일의 최솟값 포함한 D + 6일) */
			, OOB.DLVY_MN_CODE																			/* 배송 수단 코드 */
		FROM OR_ORDER_BAS OOB																			/* 주문_주문 기본 */
		LEFT JOIN (
				SELECT OVOD.ORDER_NO
					 , FORMAT(MIN(OVB.VHCLE_WRHOUSNG_DE), 'yyyyMMdd') AS VHCLE_WRHOUSNG_DE
				 FROM OR_VHCLE_BAS OVB 						/* 주문_차량 기본		 */
				INNER JOIN OR_VHCLE_ORDER_DTL OVOD   		/* 주문_차량 주문 상세 	 */
				   ON OVB.VHCLE_SN = OVOD.VHCLE_SN			/* 차량 순번			 */
				  AND OVB.DELETE_AT = 'N'
  				  AND OVOD.DELETE_AT = 'N'
				GROUP BY OVOD.ORDER_NO
		) OVIB
		ON OVIB.ORDER_NO = OOB.ORDER_NO
		WHERE 1=1
		  AND OOB.DELETE_AT = 'N'
		  AND OOB.ORDER_STTUS_CODE NOT IN('01', '11', '90', '91', '30')									/* 주문 상태 코드 : 주문실패, 주문취소, 사고처리중, 사고완료, 배송완료(추가결제건) 제외 */
		  AND OOB.SETLE_MTHD_CODE = '90'																/* 결제 방식 코드 = 증거금(90) */
		  AND OOB.UN_SETLE_AMOUNT > 0																	/* 미 결제 금액 > 0 (미납) */
		  AND OOB.WRTM_SETLE_PREARNGE_DE = CONVERT(VARCHAR(10),GETDATE(),112)							/* 증거금 결제 예정일자 = 오늘 */
	</select>

	<select id="selectVhcleInfoBas" parameterType="String" resultType="com.sorincorp.batch.credt.model.NpyOrderVO">
		/***** batch.credt.mapper.NpyOrderDlvyRqestdeChangeMapper.selectVhcleInfoBas *****/
		SET TRANSACTION ISOLATION LEVEL READ UNCOMMITTED
		SELECT
 				  OVOD.ORDER_NO						                     /* 주문 번호 					*/
 				, OVOD.ORDER_SN 					                     /* 주문 순번 					*/
 				, OVOD.VHCLE_ORDER_SN AS DLVY_ODR 	                     /* 차량 주문 순번(기존 배송 차수) 	*/
 				, OVOD.VHCLE_SN 					                     /* 차량 순번 					*/
			 FROM OR_VHCLE_ORDER_DTL OVOD   		                     /* 주문_차량 주문 상세 	 		*/
			INNER JOIN OR_VHCLE_BAS OVB 			                     /* 주문_차량 기본		 		*/
			   ON OVOD.VHCLE_SN = OVB.VHCLE_SN  	                     /* 차량 순번			 		*/
			  AND OVB.DELETE_AT = 'N'
			  AND OVOD.DELETE_AT = 'N'
		    WHERE 1=1
 		      AND OVOD.ORDER_NO = #{orderNo}							 /* 주문 번호 		 			*/
	</select>

	<update id="updateVhcleInfoBas" parameterType="com.sorincorp.batch.credt.model.NpyOrderVO">
		/***** batch.credt.mapper.NpyOrderDlvyRqestdeChangeMapper.updateVhcleInfoBas *****/
		UPDATE OR_VHCLE_BAS												/* 주문_차량 기본	  */
		SET
			  VHCLE_WRHOUSNG_DE = CONVERT(DATE, #{changeDlvyRqestde})	/* 차량 입고 일자	  */
			, LAST_CHANGER_ID = 'BATCH'
			, LAST_CHANGE_DT = GETDATE()
		WHERE DELETE_AT = 'N'
		  AND VHCLE_SN = #{vhcleSn}										/* 차량 순번 		  */
	</update>

	<update id="updateOrVhcleOrderDtl" parameterType="com.sorincorp.batch.credt.model.NpyOrderVO">
		/***** batch.credt.mapper.NpyOrderDlvyRqestdeChangeMapper.updateOrVhcleOrderDtl *****/
		UPDATE OR_VHCLE_ORDER_DTL										/* 주문_차량 주문 상세	 */
		SET
			  INTRFC_SE = 'U'											/* 인터페이스 구분 		*/
			, LAST_CHANGER_ID = 'BATCH'
			, LAST_CHANGE_DT = GETDATE()
		WHERE DELETE_AT = 'N'
		  AND ORDER_NO = #{orderNo}										/* 주문 번호 		 	*/
		  AND VHCLE_SN = #{vhcleSn}										/* 차량 순번 		    */
	</update>

</mapper>