<?xml version="1.0" encoding="UTF-8"?>
<!DOCTYPE mapper PUBLIC "-//mybatis.org//DTD Mapper 3.0//EN" "http://mybatis.org/dtd/mybatis-3-mapper.dtd">

<mapper namespace="com.sorincorp.fo.mb.mapper.MbCmnGradMapper">

    <select id="selectMbEntrpsGradCalcDtl" parameterType="String" resultType="com.sorincorp.fo.mb.model.MbEntrpsGradVO">
        /*  mbCmnGrad.selectMbEntrpsGradCalcDtl */
        SET TRANSACTION ISOLATION LEVEL READ UNCOMMITTED
        SELECT TOP 1
             ENTRPS_NO
             , GRAD_CALC_SN
             , FORMAT(GRAD_EVL_DT, 'yyyy-MM-dd') AS GRAD_EVL_DT
             , GRAD_EVL_QU
             , GRAD_EVL_MTH_CODE
             , TON_CO_BEFORE_QU_ACMTL
             , TON_CO_PRTINT_ACCMLT
             , ORDER_TON_CO_SCORE
             , FQ_BEFORE_QU_ACMTL
             , FQ_PRTINT_ACCMLT
             , ORDER_FQ_SCORE
             , EVL_STDR_SM_SCORE
             , ENTRPS_GRAD
             , dbo.fn_getCodeNm('ENTRPS_GRAD_CODE', ENTRPS_GRAD) AS ENTRPS_GRAD_NM
          FROM dbo.MB_ENTRPS_GRAD_CALC_DTL
         WHERE 1=1
           AND ENTRPS_NO                                            = #{entrpsNo}
           AND ISNULL(DELETE_AT, 'N')                               = 'N'
         ORDER BY GRAD_CALC_SN DESC
    </select>

    <select id="selectMbEntrpsGradManageDtlList" parameterType="Integer" resultType="com.sorincorp.fo.mb.model.MbEntrpsGradVO">
        /*  mbCmnGrad.selectMbEntrpsGradCalcDtl */
        SET TRANSACTION ISOLATION LEVEL READ UNCOMMITTED
        SELECT
            GRAD_IEM_SN
            , ENTRPS_GRAD
            , dbo.fn_getCodeNm('ENTRPS_GRAD_CODE', ENTRPS_GRAD) AS ENTRPS_GRAD_NM
            , BEGIN_ORDER_TON_CO
            , END_ORDER_TON_CO
            , ORDER_TON_CO_STDR_SCORE
            , BEGIN_FQ_CO
            , END_FQ_CO
            , ORDER_FQ_STDR_SCORE
            , BEGIN_SM_SCORE
            , END_SM_SCORE
          FROM dbo.MB_ENTRPS_GRAD_MANAGE_DTL
         WHERE 1=1
           AND GRAD_CALC_SN = #{gradCalcSn}
         ORDER BY GRAD_IEM_SN
    </select>

    <select id="selectMbEntrpsGradMetalAcctoManageDtl" parameterType="String" resultType="com.sorincorp.fo.mb.model.MbEntrpsGradVO">
        /*  mbCmnGrad.selectMbEntrpsGradMetalAcctoManageDtl */
        SET TRANSACTION ISOLATION LEVEL READ UNCOMMITTED
        SELECT TOP 1
            MEGBB.ENTRPS_GRAD
            , dbo.fn_getCodeNm('ENTRPS_GRAD_CODE', MEGBB.ENTRPS_GRAD) AS ENTRPS_GRAD_NM
            , MEGBB.OPERTN_DE
            , MEGBB.INVNTRY_INDICT_AT
            , MEGBB.SPCLTYUSEFUL_EMAILRING_SVC_AT
            , MEGBB.ENTRPS_GRAD_SN
            , SUM(MEGMAMD.ONEDE_PURCHS_WT_LMT) AS TOT_ONEDE_PURCHS_WT_LMT
            , SUM(MEGMAMD.ONCE_PURCHS_WT_LMT) AS TOT_ONCE_PURCHS_WT_LMT
            , SUM(MEGMAMD.ACCML_MLG) AS TOT_ACCML_MLG
        FROM dbo.MB_ENTRPS_GRAD_BNEF_BAS AS MEGBB
        INNER JOIN dbo.MB_ENTRPS_GRAD_METAL_ACCTO_MANAGE_DTL AS MEGMAMD
           ON MEGMAMD.ENTRPS_GRAD_SN = MEGBB.ENTRPS_GRAD_SN
          AND ISNULL(MEGMAMD.DELETE_AT, 'N') = 'N'
        INNER JOIN dbo.MB_ENTRPS_INFO_BAS AS MEIB
           ON MEGBB.ENTRPS_GRAD = MEIB.ENTRPS_GRAD
         LEFT OUTER JOIN dbo.CO_CMMN_CD AS CCC
           ON CCC.MAIN_CODE = 'METAL_CODE'
          AND CCC.SUB_CODE = MEGMAMD.METAL_CODE
          AND CCC.USE_AT = 'Y'
          AND CCC.DELETE_AT = 'N'
        WHERE 1=1
          AND MEIB.ENTRPS_NO                            = #{entrpsNo}
          AND MEGBB.OPERTN_DE                 <![CDATA[<=]]> FORMAT(GETDATE(), 'yyyy-MM-dd')
          AND ISNULL(MEGBB.DELETE_AT, 'N')              = 'N'
          AND ISNULL(MEGMAMD.DELETE_AT, 'N')            = 'N'
        GROUP BY MEGBB.ENTRPS_GRAD
                    , MEGBB.OPERTN_DE
                    , MEGBB.INVNTRY_INDICT_AT
                    , MEGBB.SPCLTYUSEFUL_EMAILRING_SVC_AT
                    , MEGBB.ENTRPS_GRAD_SN
        ORDER BY ENTRPS_GRAD_SN DESC
    </select>

    <select id="selectMbEntrpsGradMetalAcctoManageDtlList" parameterType="Integer" resultType="com.sorincorp.fo.mb.model.MbEntrpsGradVO">
        /*  mbCmnGrad.selectMbEntrpsGradMetalAcctoManageDtlList */
        SET TRANSACTION ISOLATION LEVEL READ UNCOMMITTED
        SELECT
            MEGMAMD.METAL_CODE
            , CCC.CODE_CHRCTR_REFRNSIX AS METAL_CODE_NM
            , MEGMAMD.ONEDE_PURCHS_WT_LMT
            , MEGMAMD.ONCE_PURCHS_WT_LMT
            , MEGMAMD.ACCML_MLG
          FROM dbo.MB_ENTRPS_GRAD_METAL_ACCTO_MANAGE_DTL AS MEGMAMD
          LEFT OUTER JOIN dbo.CO_CMMN_CD AS CCC
            ON CCC.MAIN_CODE = 'METAL_CODE'
           AND CCC.SUB_CODE = MEGMAMD.METAL_CODE
           AND CCC.USE_AT = 'Y'
           AND CCC.DELETE_AT = 'N'
         WHERE 1=1
           AND MEGMAMD.ENTRPS_GRAD_SN                       = #{entrpsGradSn}
           AND ISNULL(MEGMAMD.DELETE_AT, 'N')               = 'N'
         ORDER BY CCC.CODE_ORDR
    </select>

</mapper>