<?xml version="1.0" encoding="UTF-8"?>
<!DOCTYPE mapper PUBLIC "-//mybatis.org//DTD Mapper 3.0//EN" "http://mybatis.org/dtd/mybatis-3-mapper.dtd">

<mapper namespace="com.sorincorp.fo.chart.mapper.PcMntrngFxMapper">
<!-- 환율 차트 관련 Mapper 구현체 -->
	
	<!-- 환율 초기 가격 정보 데이터 가져오기 (실시간 FX 가격 정보 가져오기 전) -->
	<select id="pcMngtrngFxInitInfo" parameterType="com.sorincorp.fo.chart.model.PcMntrngFxVO" resultType="com.sorincorp.fo.chart.model.PcMntrngFxVO">
		/******  com.sorincorp.fo.chart.mapper.PcMntrngFxMapper.pcMngtrngFxInitInfo  SELECT : PR_EHGT_PC_RLTM_BAS(가격_환율 가격 실시간 기본)  ******/
		SELECT TOP 1
			  VERSUS_PC                                                                           /* 대비 가격                     */
			, VERSUS_RATE                                                                         /* 대비 비율                     */
			, END_PC                                                                              /* 종료 가격                     */
			, EHGT_PC_RLTM_SN                                                                     /* 환율 가격 실시간 순번         */
		FROM PR_EHGT_PC_RLTM_BAS                                                                  /* 가격_환율 가격 실시간 기본    */
		LEFT OUTER JOIN (
			SELECT TOP 1
				  RLTM_BEGIN_TIME
				, RLTM_END_TIME
			FROM dbo.IT_BSN_MANAGE_BAS
			WHERE CONVERT(CHAR(8), GETDATE(), 112) >= APPLC_DE
			ORDER BY APPLC_DE DESC
		) IBMB
		  ON 1=1
		WHERE EHGT_DELNG_CRNCY_CODE = 'SPTUSD/KRW'                                                /* 환율 거래 통화 코드           */
		<choose>
			<when test="ehgtPcRltmSn != null and ehgtPcRltmSn.length != 0">
				AND OCCRRNC_DE = SUBSTRING(#{ehgtPcRltmSn}, 1, 8)                                 /* 발생 일자                     */
				AND OCCRRNC_TIME <![CDATA[<=]]> SUBSTRING(#{ehgtPcRltmSn}, 9, 6)                  /* 발생 시간 종료                */
			</when>
			<otherwise>
				AND OCCRRNC_DE = CONVERT(VARCHAR(8), GETDATE(), 112)                              /* 발생 일자                     */
				AND OCCRRNC_TIME <![CDATA[<=]]> ISNULL(
					( SELECT RIGHT('0' + CONVERT(VARCHAR(2), DATEPART(HOUR, GETDATE())), 2) + RIGHT('0' + CONVERT(VARCHAR(2), DATEPART(MINUTE, GETDATE())), 2) + '00' AS result )
					, FORMAT(DATEADD(MINUTE, -1, GETDATE()), 'HHmm')+'59'
				)                                                                                 /* 발생 시간                     */
			</otherwise>
		</choose>
		AND OCCRRNC_TIME >= IBMB.RLTM_BEGIN_TIME AND OCCRRNC_TIME <![CDATA[<]]> IBMB.RLTM_END_TIME
		ORDER BY OCCRRNC_DE DESC, OCCRRNC_TIME DESC
	</select>
	
	<!-- 1분 기준 환율 차트 데이터를 가져온다. -->
	<select id="getPcMngtrngFx01MinList" parameterType="com.sorincorp.fo.chart.model.PcMntrngFxVO" resultType="com.sorincorp.fo.chart.model.PcMntrngFxVO">
		/******  com.sorincorp.fo.chart.mapper.PcMntrngFxMapper.getPcMngtrngFx01MinList  SELECT : PR_EHGT_PC_RLTM_BAS(가격_환율 가격 실시간 기본), PR_EHGT_PC_01_MIN_BAS(가격_환율 가격 01 분 기본)  ******/
		SET TRANSACTION ISOLATION LEVEL READ UNCOMMITTED;
		WITH BASE_TABLE AS (
			SELECT
				  OCCRRNC_DE                                                                      /* 발생 일자                     */
				, OCCRRNC_TIME                                                                    /* 발생 시간                     */
				, END_PC                                                                          /* 종료 가격                     */
				, EHGT_PC_RLTM_SN                                                                 /* 환율 가격 실시간 순번         */
				, EHGT_DELNG_CRNCY_CODE                                                           /* 환율 거래 통화 코드           */
			FROM dbo.PR_EHGT_PC_RLTM_BAS                                                          /* 가격_환율 가격 실시간 기본    */
			LEFT OUTER JOIN (
				SELECT TOP 1
					  RLTM_BEGIN_TIME
					, RLTM_END_TIME
				FROM dbo.IT_BSN_MANAGE_BAS
				WHERE CONVERT(CHAR(8), GETDATE(), 112) >= APPLC_DE
				ORDER BY APPLC_DE DESC
			) IBMB
			  ON 1=1
			WHERE EHGT_DELNG_CRNCY_CODE = 'SPTUSD/KRW'                                            /* 환율 거래 통화 코드           */
			<choose>
				<when test="ehgtPcRltmSn != null and ehgtPcRltmSn.length != 0">
					AND OCCRRNC_DE = SUBSTRING(#{ehgtPcRltmSn}, 1, 8)                             /* 발생 일자                     */
					AND OCCRRNC_TIME >= SUBSTRING(#{ehgtPcRltmSn}, 9, 4) + '00'                   /* 발생 시간 시작                */
					AND OCCRRNC_TIME <![CDATA[<=]]> SUBSTRING(#{ehgtPcRltmSn}, 9, 6)              /* 발생 시간 종료                */
				</when>
				<otherwise>
					AND OCCRRNC_DE = CONVERT(VARCHAR(8), GETDATE(), 112)                          /* 발생 일자                     */
					AND OCCRRNC_TIME > ISNULL(
						( SELECT TOP(1) SUBSTRING(OCCRRNC_TIME, 1, 4) FROM PR_EHGT_PC_01_MIN_BAS WHERE EHGT_DELNG_CRNCY_CODE = 'SPTUSD/KRW' AND OCCRRNC_DE = CONVERT(VARCHAR(8), GETDATE(), 112) ORDER BY OCCRRNC_TIME DESC )
						, FORMAT(DATEADD(MINUTE, -1, GETDATE()), 'HHmm')
					) + '59'                                                                      /* 발생 시간                     */
				</otherwise>
			</choose>
			AND OCCRRNC_TIME >= IBMB.RLTM_BEGIN_TIME AND OCCRRNC_TIME <![CDATA[<]]> IBMB.RLTM_END_TIME
		)
		SELECT
			  BASE.EHGT_DELNG_CRNCY_CODE                                                          /* 환율 거래 통화 코드           */
			, BASE.OCCRRNC_DE                                                                     /* 발생 일자                     */
			, SUBSTRING(BASE.OCCRRNC_TIME, 1, 4) + '00' AS OCCRRNC_TIME                           /* 발생 시간                     */
			, CONVERT(
				DATETIME, STUFF(STUFF(STUFF(BASE.OCCRRNC_DE + SUBSTRING(BASE.OCCRRNC_TIME, 1, 4)+'00' ,13,0,':'),11,0,':'),9,0,' ')
			) CHART_FX_TIME                                                                       /* 환율 차트 일시                */
			, BASE.EHGT_PC_01_MIN_SN                                                              /* 환율 가격 01 분 순번          */
			, MAX(CASE WHEN BASE.RN = 1 THEN BASE.BEGIN_PC END) AS BEGIN_PC                       /* 시작 가격                     */
			, MAX(CASE WHEN BASE.RN = 1 THEN BASE.LAST_PC END) AS END_PC                          /* 종료 가격                     */
			, MAX(BASE.END_PC) AS TOP_PC                                                          /* 최고 가격                     */
			, MIN(BASE.END_PC) AS LWET_PC                                                         /* 최저 가격                     */
			, 0 VERSUS_PC                                                                         /* 대비 가격                     */
			, 0 VERSUS_RATE                                                                       /* 대비 비율                     */
		FROM (
			SELECT
				  FIRST_VALUE(END_PC) OVER(PARTITION BY OCCRRNC_DE, SUBSTRING(OCCRRNC_TIME, 1, 4) ORDER BY OCCRRNC_TIME ASC) AS BEGIN_PC  /* 시작 가격                     */
				, LAST_VALUE(END_PC) OVER(PARTITION BY OCCRRNC_DE, SUBSTRING(OCCRRNC_TIME, 1, 4) ORDER BY OCCRRNC_TIME DESC) AS LAST_PC   /* 종료 가격                     */
				, ROW_NUMBER() OVER(PARTITION BY OCCRRNC_DE, SUBSTRING(OCCRRNC_TIME, 1, 4) ORDER BY OCCRRNC_TIME DESC) AS RN              /* 발생 일자 내 발생 시간 역순 번호 */
				, END_PC                                                                          /* 종료 가격                     */
				, OCCRRNC_DE                                                                      /* 발생 일자                     */
				, OCCRRNC_TIME                                                                    /* 발생 시간                     */
				, SUBSTRING(EHGT_PC_RLTM_SN, 1, 12) + '00000000' AS EHGT_PC_01_MIN_SN             /* 환율 가격 01 분 순번          */
				, EHGT_DELNG_CRNCY_CODE                                                           /* 환율 거래 통화 코드           */
			FROM BASE_TABLE
		) AS BASE
		GROUP BY BASE.EHGT_DELNG_CRNCY_CODE, BASE.OCCRRNC_DE, SUBSTRING(BASE.OCCRRNC_TIME, 1, 4), BASE.EHGT_PC_01_MIN_SN
		
		UNION ALL
		
		SELECT 
			* 
		FROM (
			SELECT TOP(#{chartCount})
				  PEP01MB.EHGT_DELNG_CRNCY_CODE                                                   /* 환율 거래 통화 코드           */
				, PEP01MB.OCCRRNC_DE                                                              /* 발생 일자                     */
				, PEP01MB.OCCRRNC_TIME                                                            /* 발생 시간                     */
				, CONVERT(
					DATETIME, STUFF(STUFF(STUFF(PEP01MB.OCCRRNC_DE + PEP01MB.OCCRRNC_TIME,13,0,':'),11,0,':'),9,0,' ')
				) CHART_FX_TIME                                                                   /* 환율 차트 일시                */
				, PEP01MB.EHGT_PC_01_MIN_SN                                                       /* 환율 가격 01 분 순번          */
				, PEP01MB.BEGIN_PC                                                                /* 시작 가격                     */
				, PEP01MB.END_PC                                                                  /* 종료 가격                     */
				, PEP01MB.TOP_PC                                                                  /* 최고 가격                     */
				, PEP01MB.LWET_PC                                                                 /* 최저 가격                     */
				, PEP01MB.VERSUS_PC                                                               /* 대비 가격                     */
				, PEP01MB.VERSUS_RATE                                                             /* 대비 비율                     */
			FROM dbo.PR_EHGT_PC_01_MIN_BAS AS PEP01MB                                             /* 가격_환율 가격 01 분 기본     */
			LEFT OUTER JOIN (
				SELECT TOP 1
					  RLTM_BEGIN_TIME
					, RLTM_END_TIME
				FROM dbo.IT_BSN_MANAGE_BAS
				WHERE CONVERT(CHAR(8), GETDATE(), 112) >= APPLC_DE
				ORDER BY APPLC_DE DESC
			) IBMB
			  ON 1=1
			WHERE PEP01MB.EHGT_DELNG_CRNCY_CODE = 'SPTUSD/KRW'
			<choose>
				<when test="ehgtPcRltmSn != null and ehgtPcRltmSn.length != 0">
					AND PEP01MB.EHGT_PC_01_MIN_SN <![CDATA[<]]> SUBSTRING(#{ehgtPcRltmSn}, 1, 12) + '00000000'
				</when>
				<otherwise>
					AND PEP01MB.EHGT_PC_01_MIN_SN <![CDATA[<=]]> FORMAT(DATEADD(second, 1, GETDATE()), 'yyyyMMddHHmmssffffff')
				</otherwise>
			</choose>
			AND PEP01MB.OCCRRNC_TIME >= IBMB.RLTM_BEGIN_TIME AND PEP01MB.OCCRRNC_TIME <![CDATA[<]]> IBMB.RLTM_END_TIME
			ORDER BY PEP01MB.OCCRRNC_DE DESC, PEP01MB.OCCRRNC_TIME DESC, PEP01MB.EHGT_PC_01_MIN_SN DESC
		) TABA
		ORDER BY OCCRRNC_DE DESC, OCCRRNC_TIME DESC, EHGT_PC_01_MIN_SN DESC
	</select>
	
	<!-- 30분 기준 환율 차트 데이터를 가져온다. -->
	<select id="getPcMngtrngFx30MinList" parameterType="com.sorincorp.fo.chart.model.PcMntrngFxVO" resultType="com.sorincorp.fo.chart.model.PcMntrngFxVO">
		/******  com.sorincorp.fo.chart.mapper.PcMntrngFxMapper.getPcMngtrngFx30MinList  SELECT : PR_EHGT_PC_RLTM_BAS(가격_환율 가격 실시간 기본), PR_EHGT_PC_30_MIN_BAS(가격_환율 가격 30 분 기본)  ******/
		SET TRANSACTION ISOLATION LEVEL READ UNCOMMITTED;
		WITH BASE_TABLE AS (
			SELECT 
				  OCCRRNC_DE                                                                      /* 발생 일자                     */
				, OCCRRNC_TIME                                                                    /* 발생 시간                     */
				, END_PC                                                                          /* 종료 가격                     */
				, EHGT_PC_RLTM_SN                                                                 /* 환율 가격 실시간 순번         */
				, EHGT_DELNG_CRNCY_CODE                                                           /* 환율 거래 통화 코드           */
			FROM dbo.PR_EHGT_PC_RLTM_BAS                                                          /* 가격_환율 가격 실시간 기본    */
			LEFT OUTER JOIN (
				SELECT TOP 1
					  RLTM_BEGIN_TIME
					, RLTM_END_TIME
				FROM dbo.IT_BSN_MANAGE_BAS
				WHERE CONVERT(CHAR(8), GETDATE(), 112) >= APPLC_DE
				ORDER BY APPLC_DE DESC
			) IBMB
			  ON 1=1
			WHERE EHGT_DELNG_CRNCY_CODE = 'SPTUSD/KRW'                                            /* 환율 거래 통화 코드           */
			<choose>
				<when test="ehgtPcRltmSn != null and ehgtPcRltmSn.length != 0">
					AND OCCRRNC_DE = SUBSTRING(#{ehgtPcRltmSn}, 1, 8)                             /* 발생 일자                     */
					AND OCCRRNC_TIME >= SUBSTRING(#{ehgtPcRltmSn}, 9, 2)
						+ (
							CASE
							WHEN SUBSTRING(#{ehgtPcRltmSn}, 11, 2) >= 30 
							THEN '3000'
							ELSE '0000'
							END
						)                                                                         /* 발생 시간 시작                */
					AND OCCRRNC_TIME <![CDATA[<=]]> SUBSTRING(#{ehgtPcRltmSn}, 9, 6)              /* 발생 시간 종료                */
				</when>
				<otherwise>
					AND OCCRRNC_DE = CONVERT(VARCHAR(8), GETDATE(), 112)                          /* 발생 일자                     */
					AND OCCRRNC_TIME BETWEEN (
						SELECT
							RIGHT('0' + CONVERT(VARCHAR(2), DATEPART(HOUR, GETDATE())), 2) 
							+ (
								CASE
								WHEN DATEPART(MINUTE, GETDATE()) >= 30 
								THEN '3000'
								ELSE '0000'
								END
							)
					)                                                                             /* 발생 시간 시작                */
					AND FORMAT(GETDATE(), 'HHmmss')                                               /* 발생 시간 종료                */
				</otherwise>
			</choose>
			AND OCCRRNC_TIME >= IBMB.RLTM_BEGIN_TIME AND OCCRRNC_TIME <![CDATA[<]]> IBMB.RLTM_END_TIME
		)
		SELECT 
			  BASE.EHGT_DELNG_CRNCY_CODE                                                          /* 환율 거래 통화 코드           */
			, MAX(BASE.OCCRRNC_DE) AS OCCRRNC_DE                                                  /* 발생 일자                     */
			, (
				CASE 
				WHEN SUBSTRING(MAX(BASE.OCCRRNC_TIME), 3, 2) >= '30' 
				THEN SUBSTRING(MAX(BASE.OCCRRNC_TIME), 1, 2) + '3000'
				ELSE SUBSTRING(MAX(BASE.OCCRRNC_TIME), 1, 2) + '0000'
				END 
			) AS OCCRRNC_TIME                                                                     /* 발생 시간                     */
			, (
				CAST(STUFF(STUFF(STUFF(MAX(BASE.OCCRRNC_DE) + (
					CASE 
					WHEN SUBSTRING(MAX(BASE.OCCRRNC_TIME), 3, 2) >= '30' 
					THEN SUBSTRING(MAX(BASE.OCCRRNC_TIME), 1, 2) + '3000' 
					ELSE SUBSTRING(MAX(BASE.OCCRRNC_TIME), 1, 2) + '0000' 
					END
				), 9, 0, ' '), 12, 0, ':'), 15, 0, ':') AS DATETIME)
			) AS CHART_FX_TIME                                                                    /* 환율 차트 일시                */
			, (
				MAX(BASE.OCCRRNC_DE) + (
					CASE 
					WHEN SUBSTRING(MAX(BASE.OCCRRNC_TIME), 3, 2) >= '30' 
					THEN SUBSTRING(MAX(BASE.OCCRRNC_TIME), 1, 2) + '3000000000'
					ELSE SUBSTRING(MAX(BASE.OCCRRNC_TIME), 1, 2) + '0000000000'
					END 
				)
			) AS EHGT_PC_30_MIN_SN                                                                /* 환율 가격 30 분 순번          */
			, ISNULL(
				MAX(CASE WHEN BASE.RN = 1 THEN BASE.BEGIN_PC END), MAX(PEP30MB.END_PC)
			) AS BEGIN_PC                                                                         /* 시작 가격                     */
			, MAX(CASE WHEN BASE.RN = 1 THEN BASE.END_PC END) AS END_PC                           /* 종료 가격                     */
			, MAX(BASE.END_PC) AS TOP_PC                                                          /* 최고 가격                     */
			, MIN(BASE.END_PC) AS LWET_PC                                                         /* 최저 가격                     */
			, 0 AS VERSUS_PC                                                                      /* 대비 가격                     */
			, 0 AS VERSUS_RATE                                                                    /* 대비 비율                     */
		FROM (
			SELECT 
				  FIRST_VALUE(END_PC) OVER(PARTITION BY OCCRRNC_DE, SUBSTRING(EHGT_PC_RLTM_SN, 1, 4) ORDER BY EHGT_PC_RLTM_SN  ASC) AS BEGIN_PC  /* 시작 가격                     */
				, LAST_VALUE(END_PC) OVER(PARTITION BY OCCRRNC_DE, SUBSTRING(EHGT_PC_RLTM_SN, 1, 4) ORDER BY EHGT_PC_RLTM_SN DESC) AS LAST_PC    /* 종료 가격                     */
				, ROW_NUMBER() OVER(PARTITION BY OCCRRNC_DE, SUBSTRING(EHGT_PC_RLTM_SN, 1, 4) ORDER BY EHGT_PC_RLTM_SN DESC) AS RN               /* 발생 일자 내 발생 시간 역순 번호 */
				, END_PC                                                                          /* 종료 가격                     */
				, OCCRRNC_DE                                                                      /* 발생 일자                     */
				, OCCRRNC_TIME                                                                    /* 발생 시간                     */
				, EHGT_DELNG_CRNCY_CODE                                                           /* 환율 거래 통화 코드           */
			FROM BASE_TABLE
		) AS BASE
		LEFT OUTER JOIN dbo.PR_EHGT_PC_30_MIN_BAS PEP30MB                                         /* 가격_환율 가격 30 분 기본     */
		  ON BASE.OCCRRNC_DE = PEP30MB.OCCRRNC_DE                                                 /* 발생 일자                     */
		  AND PEP30MB.OCCRRNC_TIME = (
		  	SELECT TOP(1) 
		  		OCCRRNC_TIME 
		  	FROM PR_EHGT_PC_30_MIN_BAS
		  	WHERE EHGT_DELNG_CRNCY_CODE = 'SPTUSD/KRW'                                            /* 환율 거래 통화 코드           */
		  	<choose>
		  		<when test="ehgtPcRltmSn != null and ehgtPcRltmSn.length != 0">
		  			AND OCCRRNC_DE = SUBSTRING(#{ehgtPcRltmSn}, 1, 8)
		  		</when>
		  		<otherwise>
		  			AND OCCRRNC_DE = CONVERT(VARCHAR(8), GETDATE(), 112)
		  		</otherwise>
		  	</choose>
		  	ORDER BY OCCRRNC_TIME DESC
		  )                                                                                       /* 발생 시간                     */
		GROUP BY BASE.EHGT_DELNG_CRNCY_CODE
		
		UNION ALL
		
		SELECT
			* 
		FROM (
			SELECT TOP(#{chartCount})
				  PEP30MB.EHGT_DELNG_CRNCY_CODE                                                   /* 환율 거래 통화 코드           */
				, PEP30MB.OCCRRNC_DE                                                              /* 발생 일자                     */
				, PEP30MB.OCCRRNC_TIME                                                            /* 발생 시간                     */
				, CONVERT(
					DATETIME, STUFF(STUFF(STUFF(PEP30MB.OCCRRNC_DE + PEP30MB.OCCRRNC_TIME, 13, 0, ':'), 11, 0, ':'), 9, 0, ' ')
				) CHART_FX_TIME                                                                   /* 환율 차트 일시                */
				, PEP30MB.EHGT_PC_30_MIN_SN                                                       /* 판매 가격 30 분 순번          */
				, PEP30MB.BEGIN_PC                                                                /* 시작 가격                     */
				, PEP30MB.END_PC                                                                  /* 종료 가격                     */
				, PEP30MB.TOP_PC                                                                  /* 최고 가격                     */
				, PEP30MB.LWET_PC                                                                 /* 최저 가격                     */
				, PEP30MB.VERSUS_PC                                                               /* 대비 가격                     */
				, PEP30MB.VERSUS_RATE                                                             /* 대비 비율                     */
			FROM dbo.PR_EHGT_PC_30_MIN_BAS AS PEP30MB                                             /* 가격_판매 가격 30 분 기본     */
			LEFT OUTER JOIN (
				SELECT TOP 1
					  RLTM_BEGIN_TIME
					, RLTM_END_TIME
				FROM dbo.IT_BSN_MANAGE_BAS
				WHERE CONVERT(CHAR(8), GETDATE(), 112) >= APPLC_DE
				ORDER BY APPLC_DE DESC
			) IBMB
			  ON 1=1
			WHERE PEP30MB.EHGT_DELNG_CRNCY_CODE = 'SPTUSD/KRW'                                    /* 환율 거래 통화 코드           */
			<choose>
				<when test="ehgtPcRltmSn != null and ehgtPcRltmSn.length != 0">
					AND PEP30MB.EHGT_PC_30_MIN_SN <![CDATA[<=]]> FORMAT(DATEADD(MINUTE, -29, STUFF(STUFF(STUFF(SUBSTRING(#{ehgtPcRltmSn}, 1, 14), 13, 0, ':'), 11, 0, ':'), 9, 0, ' ')), 'yyyyMMddHHmmssffffff')
				</when>
				<otherwise>
					AND PEP30MB.EHGT_PC_30_MIN_SN <![CDATA[<=]]> FORMAT(DATEADD(second, 1, GETDATE()), 'yyyyMMddHHmmssffffff')
				</otherwise>
			</choose>
			AND PEP30MB.OCCRRNC_TIME >= IBMB.RLTM_BEGIN_TIME AND PEP30MB.OCCRRNC_TIME <![CDATA[<=]]> IBMB.RLTM_END_TIME
			ORDER BY PEP30MB.OCCRRNC_DE DESC,  PEP30MB.OCCRRNC_TIME DESC, PEP30MB.EHGT_PC_30_MIN_SN DESC
		) AS TABA
		ORDER BY OCCRRNC_DE DESC, OCCRRNC_TIME DESC, EHGT_PC_30_MIN_SN DESC
	</select>
	
	<!--  -->
	<select id="getPcMngtrngFx60MinList" parameterType="com.sorincorp.fo.chart.model.PcMntrngFxVO" resultType="com.sorincorp.fo.chart.model.PcMntrngFxVO">
		/******  com.sorincorp.bo.pr.mapper.PcMntrngMapper.getPcMngtrngFx60Minute                                                                ******/              
		SET TRANSACTION ISOLATION LEVEL READ UNCOMMITTED;
		WITH BASE_TABLE AS (
		    SELECT
		        OCCRRNC_DE
		        , EHGT_PC_RLTM_SN
		        , OCCRRNC_TIME
		        , END_PC
		        , EHGT_DELNG_CRNCY_CODE
		    FROM dbo.PR_EHGT_PC_RLTM_BAS
		    LEFT OUTER JOIN (
				SELECT TOP 1
					  RLTM_BEGIN_TIME
					, RLTM_END_TIME
				FROM dbo.IT_BSN_MANAGE_BAS
				WHERE CONVERT(CHAR(8), GETDATE(), 112) >= APPLC_DE
				ORDER BY APPLC_DE DESC
			) IBMB
			  ON 1=1
		    WHERE EHGT_DELNG_CRNCY_CODE = 'SPTUSD/KRW'                                            /* 환율 거래 통화 코드           */
			    AND OCCRRNC_DE = CONVERT(VARCHAR(8), GETDATE(), 112)
			    AND OCCRRNC_TIME BETWEEN (SELECT RIGHT('0' + CONVERT(VARCHAR(2), DATEPART(HOUR, GETDATE())), 2) + '0000' AS result)
				AND FORMAT(GETDATE(), 'HHmmss')
				
				AND OCCRRNC_TIME >= IBMB.RLTM_BEGIN_TIME AND OCCRRNC_TIME <![CDATA[<]]> IBMB.RLTM_END_TIME
		)
		SELECT BASE.EHGT_DELNG_CRNCY_CODE 
			, MAX(BASE.OCCRRNC_DE) AS OCCRRNC_DE
			, SUBSTRING(MAX(BASE.OCCRRNC_TIME), 1, 2) + '0000' AS OCCRRNC_TIME
			 , MAX(BASE.OCCRRNC_DE) + SUBSTRING(MAX(BASE.OCCRRNC_TIME), 1, 2) + '0000000000' AS EHGT_PC_60_MIN_SN
			 , ISNULL(MAX(CASE WHEN BASE.RN = 1 THEN BASE.BEGIN_PC END), MAX(PE60.END_PC)) AS BEGIN_PC 
			 , MAX(BASE.END_PC) AS TOP_PC
			 , MIN(BASE.END_PC) AS LWET_PC
			 , MAX(CASE WHEN BASE.RN = 1 THEN BASE.END_PC END) AS END_PC
			 , CAST(stuff(stuff(stuff(MAX(BASE.OCCRRNC_DE) + SUBSTRING(MAX(BASE.OCCRRNC_TIME), 1, 2) + '0000', 9, 0, ' '), 12, 0, ':'), 15, 0, ':') as datetime) AS CHART_FX_TIME
			 , 0 AS VERSUS_PC
			 , 0 AS VERSUS_RATE
		FROM (
		    SELECT FIRST_VALUE(END_PC) OVER(PARTITION BY OCCRRNC_DE, SUBSTRING(EHGT_PC_RLTM_SN, 1, 4) ORDER BY EHGT_PC_RLTM_SN ASC) AS BEGIN_PC
				, LAST_VALUE(END_PC) OVER(PARTITION BY OCCRRNC_DE, SUBSTRING(EHGT_PC_RLTM_SN, 1, 4) ORDER BY EHGT_PC_RLTM_SN DESC) AS LAST_PC
				, ROW_NUMBER() OVER(PARTITION BY OCCRRNC_DE, SUBSTRING(EHGT_PC_RLTM_SN, 1, 4) ORDER BY EHGT_PC_RLTM_SN DESC) AS RN
				, END_PC
				, OCCRRNC_DE
				, OCCRRNC_TIME
				, EHGT_DELNG_CRNCY_CODE
			FROM BASE_TABLE
		) AS BASE
		LEFT OUTER JOIN dbo.PR_EHGT_PC_60_MIN_BAS PE60 
		ON BASE.OCCRRNC_DE = PE60.OCCRRNC_DE
		 AND PE60.OCCRRNC_TIME = (SELECT TOP(1) OCCRRNC_TIME FROM PR_EHGT_PC_60_MIN_BAS
						WHERE 1=1
						AND OCCRRNC_DE = CONVERT(VARCHAR(8), GETDATE(), 112)
						ORDER BY OCCRRNC_TIME DESC)
		GROUP BY BASE.EHGT_DELNG_CRNCY_CODE
		
		UNION ALL
		
		SELECT * FROM
		(
			SELECT
			       TOP(#{chartCount})
			       PEP6MB.EHGT_DELNG_CRNCY_CODE                                                                  /* 환율 거래 통화 코드           */
			     , PEP6MB.OCCRRNC_DE                                                                             /* 발생 일자                     */
			     , PEP6MB.OCCRRNC_TIME                                                                           /* 발생 시간                     */
			     , PEP6MB.EHGT_PC_60_MIN_SN                                                                       /* 판매 가격 60 분 순번          */
			     , PEP6MB.BEGIN_PC                                                                               /* 시작 가격                     */
			     , PEP6MB.TOP_PC                                                                                 /* 최고 가격                     */
			     , PEP6MB.LWET_PC                                                                                /* 최저 가격                     */
			     , PEP6MB.END_PC                                                                                 /* 종료 가격                     */
			     , CONVERT(DATETIME, STUFF(STUFF(STUFF(PEP6MB.OCCRRNC_DE + PEP6MB.OCCRRNC_TIME,13,0,':'),11,0,':'),9,0,' ')) CHART_FX_TIME /* 차트 기준시간                  */
			     , PEP6MB.VERSUS_PC                                                                              /* 대비 가격                     */
			     , PEP6MB.VERSUS_RATE                                                                            /* 대비 비율                     */
			  FROM dbo.PR_EHGT_PC_60_MIN_BAS AS PEP6MB                                                            /* 가격_판매 가격 60 분 기본     */
			  LEFT OUTER JOIN (
				SELECT TOP 1
					  RLTM_BEGIN_TIME
					, RLTM_END_TIME
				FROM dbo.IT_BSN_MANAGE_BAS
				WHERE CONVERT(CHAR(8), GETDATE(), 112) >= APPLC_DE
				ORDER BY APPLC_DE DESC
			) IBMB
			  ON 1=1
			 WHERE PEP6MB.EHGT_DELNG_CRNCY_CODE = 'SPTUSD/KRW'
			   AND PEP6MB.EHGT_PC_60_MIN_SN                  <![CDATA[<=]]> FORMAT(DATEADD(second, 1, GETDATE()), 'yyyyMMddHHmmssffffff')
			   
			   AND PEP6MB.OCCRRNC_TIME >= IBMB.RLTM_BEGIN_TIME AND PEP6MB.OCCRRNC_TIME <![CDATA[<]]> IBMB.RLTM_END_TIME
			 ORDER BY PEP6MB.OCCRRNC_DE DESC,  PEP6MB.OCCRRNC_TIME DESC, PEP6MB.EHGT_PC_60_MIN_SN DESC
			 ) AS A
		ORDER BY OCCRRNC_DE DESC, OCCRRNC_TIME DESC, EHGT_PC_60_MIN_SN DESC
		
;	
	</select>
	
	<select id="getPcMngtrngFxDeList" parameterType="com.sorincorp.fo.chart.model.PcMntrngFxVO" resultType="com.sorincorp.fo.chart.model.PcMntrngFxVO">
		/******  com.sorincorp.bo.pr.mapper.PcMntrngMapper.getPcMngtrngFxDeList                                                                ******/
		SET TRANSACTION ISOLATION LEVEL READ UNCOMMITTED;
		WITH BASE_TABLE AS (
		    SELECT
		        BEGIN_PC, END_PC, TOP_PC, LWET_PC, OCCRRNC_DE, OCCRRNC_TIME, EHGT_DELNG_CRNCY_CODE,
		        MAX(OCCRRNC_DE) OVER (PARTITION BY NULL) AS MAX_OCCRRNC_DE
		    FROM dbo.PR_EHGT_PC_RLTM_BAS
		    LEFT OUTER JOIN (
				SELECT TOP 1
					  RLTM_BEGIN_TIME
					, RLTM_END_TIME
				FROM dbo.IT_BSN_MANAGE_BAS
				WHERE CONVERT(CHAR(8), GETDATE(), 112) >= APPLC_DE
				ORDER BY APPLC_DE DESC
			) IBMB
			  ON 1=1
		    WHERE EHGT_DELNG_CRNCY_CODE = 'SPTUSD/KRW'                                            /* 환율 거래 통화 코드           */
			    AND OCCRRNC_DE >= (SELECT REPLACE(CONVERT(VARCHAR(10), GETDATE(), 112), '-', '') AS result)
				AND OCCRRNC_DE <![CDATA[<=]]> FORMAT(GETDATE(), 'yyyyMMdd')
				
				AND OCCRRNC_TIME >= IBMB.RLTM_BEGIN_TIME AND OCCRRNC_TIME <![CDATA[<]]> IBMB.RLTM_END_TIME
		)
		SELECT EHGT_DELNG_CRNCY_CODE
			  ,	MAX(OCCRRNC_DE) AS OCCRRNC_DE
		      , CAST(stuff(stuff(stuff(MAX(OCCRRNC_DE) + '000000', 9, 0, ' '), 12, 0, ':'), 15, 0, ':') as datetime) AS CHART_FX_TIME
			  , MAX(OCCRRNC_DE) + SUBSTRING(MAX(OCCRRNC_TIME), 1, 4) + '000000' AS EHGT_PC_DE_SN
		      , MAX(CASE WHEN pepmb.RN = 1 THEN BEGIN_PC END) AS BEGIN_PC
		      , MAX(CASE WHEN pepmb.RN = 1 THEN END_PC END) AS END_PC
		      , MAX(TOP_PC) AS TOP_PC
		      , MIN(LWET_PC) AS LWET_PC
		      , MAX(CASE WHEN pepmb.RN = 1 THEN pepmb.END_PC END  - past.PAST_END_PC) AS VERSUS_PC
		      , MAX(ROUND(CONVERT(FLOAT,(CASE WHEN pepmb.RN = 1 THEN pepmb.END_PC END  - past.PAST_END_PC)) / past.PAST_END_PC * 100, 2)) AS VERSUS_RATE 
		FROM (
		    SELECT
		        	FIRST_VALUE(BEGIN_PC) OVER(ORDER BY OCCRRNC_TIME ASC) AS BEGIN_PC
		          , LAST_VALUE(END_PC) OVER(ORDER BY OCCRRNC_TIME DESC) AS END_PC
		          , ROW_NUMBER() OVER(ORDER BY OCCRRNC_TIME DESC) AS RN
		          , TOP_PC
		          , LWET_PC
		          , OCCRRNC_DE
		          , OCCRRNC_TIME
		          , EHGT_DELNG_CRNCY_CODE
		    FROM BASE_TABLE
		    WHERE OCCRRNC_DE = MAX_OCCRRNC_DE
		) AS pepmb
		LEFT JOIN (
		    SELECT
		        	END_PC AS PAST_END_PC
		          , ROW_NUMBER() OVER(ORDER BY OCCRRNC_DE DESC, OCCRRNC_TIME DESC) AS RN
		    FROM BASE_TABLE
		    WHERE OCCRRNC_DE  <![CDATA[<]]>  MAX_OCCRRNC_DE
		) AS past ON past.RN = 1
		GROUP BY EHGT_DELNG_CRNCY_CODE
		
		UNION
		
		SELECT * FROM
		(
			SELECT
			       TOP(#{chartCount})
			       PEPDB.EHGT_DELNG_CRNCY_CODE
			     , PEPDB.OCCRRNC_DE                                                                              /* 발생 일자                     */
			     , CONVERT(DATETIME,PEPDB.OCCRRNC_DE) CHART_FX_TIME                                              /* 발생 일자                     */
			     , SUBSTRING(PEPDB.EHGT_PC_DE_SN,1,18) AS EHGT_PC_DE_SN
			     , PEPDB.BEGIN_PC                                                                                /* 시작 가격                     */
			     , PEPDB.END_PC                                                                                  /* 종료 가격                     */
			     , PEPDB.TOP_PC                                                                                  /* 최고 가격                     */
			     , PEPDB.LWET_PC                                                                                 /* 최저 가격                     */
			     , PEPDB.VERSUS_PC                                                                               /* 대비 가격                     */
			     , PEPDB.VERSUS_RATE                                                                             /* 대비 비율                     */
			  FROM dbo.PR_EHGT_PC_DE_BAS AS PEPDB                                                                 /* 가격_판매 가격 일 기본        */
			  WHERE PEPDB.EHGT_DELNG_CRNCY_CODE = 'SPTUSD/KRW'
			    AND PEPDB.EHGT_PC_DE_SN                       <![CDATA[<=]]> FORMAT(DATEADD(second, 1, GETDATE()), 'yyyyMMddHHmmssffffff')
			  ORDER BY PEPDB.OCCRRNC_DE DESC, PEPDB.EHGT_PC_DE_SN DESC
			  ) A
		  ORDER BY OCCRRNC_DE DESC, EHGT_PC_DE_SN DESC
	</select>
	
	<select id="getPcMngtrngFxMonthList" parameterType="com.sorincorp.fo.chart.model.PcMntrngFxVO" resultType="com.sorincorp.fo.chart.model.PcMntrngFxVO">
		/******  com.sorincorp.bo.pr.mapper.PcMntrngMapper.getPcMngtrngFxMonthList                                                                ******/              
		SET TRANSACTION ISOLATION LEVEL READ UNCOMMITTED;
		WITH BASE_TABLE AS (
			SELECT BEGIN_PC, END_PC, TOP_PC, LWET_PC, SUBSTRING(OCCRRNC_DE, 1, 6) AS OCCRRNC_YY_MT, OCCRRNC_DE, '000000' OCCRRNC_TIME, EHGT_DELNG_CRNCY_CODE
			FROM dbo.PR_EHGT_PC_DE_BAS PEPDB
			WHERE OCCRRNC_DE BETWEEN LEFT(CONVERT(VARCHAR, GETDATE(),112),6)+'01' AND CONVERT(VARCHAR(8), GETDATE(), 112)
			
			UNION ALL
			
			SELECT BEGIN_PC, END_PC, TOP_PC, LWET_PC, SUBSTRING(OCCRRNC_DE, 1, 6) AS OCCRRNC_YY_MT, OCCRRNC_DE, OCCRRNC_TIME, EHGT_DELNG_CRNCY_CODE
			FROM dbo.PR_EHGT_PC_01_MIN_BAS
			LEFT OUTER JOIN (
				SELECT TOP 1
					  RLTM_BEGIN_TIME
					, RLTM_END_TIME
				FROM dbo.IT_BSN_MANAGE_BAS
				WHERE CONVERT(CHAR(8), GETDATE(), 112) >= APPLC_DE
				ORDER BY APPLC_DE DESC
			) IBMB
			  ON 1=1
			WHERE OCCRRNC_DE > (
			   	SELECT MAX(OCCRRNC_DE)
				FROM dbo.PR_EHGT_PC_DE_BAS PEPDB
				WHERE OCCRRNC_DE <![CDATA[<=]]> CONVERT(VARCHAR(8), GETDATE(), 112)
				)
			AND OCCRRNC_TIME >= IBMB.RLTM_BEGIN_TIME AND OCCRRNC_TIME <![CDATA[<]]> IBMB.RLTM_END_TIME
			
			UNION ALL
			
			SELECT
				  BEGIN_PC
		        , END_PC
		        , TOP_PC
		        , LWET_PC
		        , SUBSTRING(OCCRRNC_DE, 1, 6) AS OCCRRNC_YM, OCCRRNC_DE, OCCRRNC_TIME, EHGT_DELNG_CRNCY_CODE
		    FROM dbo.PR_EHGT_PC_RLTM_BAS EHGT
		    LEFT OUTER JOIN (
				SELECT TOP 1
					  RLTM_BEGIN_TIME
					, RLTM_END_TIME
				FROM dbo.IT_BSN_MANAGE_BAS
				WHERE CONVERT(CHAR(8), GETDATE(), 112) >= APPLC_DE
				ORDER BY APPLC_DE DESC
			) IBMB
			  ON 1=1
		    WHERE EHGT_DELNG_CRNCY_CODE = 'SPTUSD/KRW'                                            /* 환율 거래 통화 코드           */
			    AND SUBSTRING(OCCRRNC_DE, 1, 8) = CONVERT(VARCHAR(8), GETDATE(), 112)
			   AND OCCRRNC_TIME > (SELECT TOP(1) ISNULL(MAX(OCCRRNC_TIME), '999999') AS OCCRRNC_TIME
				FROM PR_EHGT_PC_01_MIN_BAS pspmb 
				WHERE OCCRRNC_DE = CONVERT(VARCHAR(8), GETDATE(), 112)
				  ORDER BY OCCRRNC_TIME DESC)
			AND OCCRRNC_TIME >= IBMB.RLTM_BEGIN_TIME AND OCCRRNC_TIME <![CDATA[<]]> IBMB.RLTM_END_TIME
		)
		SELECT EHGT_DELNG_CRNCY_CODE
			  , MAX(OCCRRNC_YY_MT) AS OCCRRNC_YY_MT
			  , CONVERT(DATETIME, OCCRRNC_YY_MT+'01') CHART_FX_TIME
			  , MAX(OCCRRNC_DE) + MAX(OCCRRNC_TIME) + '000000' AS EHGT_PC_YY_MT_SN
		      , MAX(CASE WHEN pepmb.RN = 1 THEN BEGIN_PC END) AS BEGIN_PC
		      , MAX(CASE WHEN pepmb.RN = 1 THEN END_PC END) AS END_PC
		      , MAX(TOP_PC) AS TOP_PC
		      , MIN(LWET_PC) AS LWET_PC
		      , 0 AS VERSUS_PC
		      , 0 AS VERSUS_RATE
		FROM (
		    SELECT
		    		EHGT_DELNG_CRNCY_CODE
		          ,	FIRST_VALUE(BEGIN_PC) OVER(ORDER BY OCCRRNC_DE ASC) AS BEGIN_PC
		          , LAST_VALUE(END_PC) OVER(ORDER BY OCCRRNC_DE DESC) AS END_PC
		          , ROW_NUMBER() OVER(ORDER BY OCCRRNC_DE DESC) AS RN
		          , FIRST_VALUE(TOP_PC) OVER(ORDER BY TOP_PC DESC) AS TOP_PC
		          , FIRST_VALUE(LWET_PC) OVER(ORDER BY LWET_PC ASC) AS LWET_PC
		          , OCCRRNC_YY_MT
		          , OCCRRNC_DE
		          , LAST_VALUE(OCCRRNC_TIME) OVER(ORDER BY OCCRRNC_DE DESC) AS OCCRRNC_TIME
		    FROM BASE_TABLE
		) AS pepmb
		WHERE RN = 1
		GROUP BY EHGT_DELNG_CRNCY_CODE, OCCRRNC_YY_MT
		UNION
		SELECT * FROM
		(
			SELECT
			       TOP(#{chartCount})
			      PEPYMB.EHGT_DELNG_CRNCY_CODE
			     , PEPYMB.OCCRRNC_YY_MT                                                                             /* 발생 년월                     */
			     , CONVERT(DATETIME, PEPYMB.OCCRRNC_YY_MT+'01') CHART_FX_TIME 								     /* 차트 기준시간                 */
			     , PEPYMB.EHGT_PC_YY_MT_SN                                                                        /* 판매 가격 년 월 순번          */
			     , PEPYMB.BEGIN_PC                                                                               /* 시작 가격                     */
			     , PEPYMB.END_PC                                                                                 /* 종료 가격                     */
			     , PEPYMB.TOP_PC                                                                                 /* 최고 가격                     */
			     , PEPYMB.LWET_PC                                                                                /* 최저 가격                     */
			     , PEPYMB.VERSUS_PC                                                                              /* 대비 가격                     */
			     , PEPYMB.VERSUS_RATE                                                                            /* 대비 비율                     */
			  FROM dbo.PR_EHGT_PC_YY_MT_BAS AS PEPYMB                                                             /* 가격_판매 가격 년 월 기본     */
			 WHERE 1=1
			    AND OCCRRNC_YY_MT <![CDATA[<]]> ISNULL((SELECT TOP(1) OCCRRNC_YY_MT FROM BASE_TABLE
					ORDER BY OCCRRNC_YY_MT DESC), LEFT(CONVERT(VARCHAR, GETDATE(),112),6))
				AND PEPYMB.EHGT_PC_YY_MT_SN                   <![CDATA[<=]]> FORMAT(DATEADD(second, 1, GETDATE()), 'yyyyMMddHHmmssffffff')
			  	AND PEPYMB.EHGT_DELNG_CRNCY_CODE = 'SPTUSD/KRW'
			  ORDER BY OCCRRNC_YY_MT DESC
		  ) A
		  ORDER BY OCCRRNC_YY_MT DESC, EHGT_PC_YY_MT_SN DESC
	</select>
	
</mapper>