<?xml version="1.0" encoding="UTF-8"?>
<!DOCTYPE mapper PUBLIC "-//mybatis.org//DTD Mapper 3.0//EN" "http://mybatis.org/dtd/mybatis-3-mapper.dtd">

<mapper namespace="com.sorincorp.fo.chart.mapper.PcMntrngLmeMapper">
<!-- LME 차트 관련 Mapper 구현체 -->
	
	<!-- LME 초기 가격 정보 데이터 가져오기 (실시간 LME 가격 정보 가져오기 전) -->
	<select id="pcMngtrngLmeInitInfo" parameterType="com.sorincorp.fo.chart.model.PcMntrngLmeVO" resultType="com.sorincorp.fo.chart.model.PcMntrngLmeVO">
		/******  com.sorincorp.fo.chart.mapper.PcMntrngLmeMapper.pcMngtrngLmeInitInfo  SELECT : PR_LME_MDAT_PC_RLTM_BAS(가격_LME 조정 가격 실시간 기본), PR_LME_PC_RLTM_BAS(가격_LME 가격 실시간 기본)  ******/
		SET TRANSACTION ISOLATION LEVEL READ UNCOMMITTED
		SELECT TOP 1
			  METAL_CODE                                                                          /* 금속 코드                     */
			, VERSUS_PC                                                                           /* 대비 가격                     */
			, VERSUS_RATE                                                                         /* 대비 비율                     */
			, END_PC                                                                              /* 종료 가격                     */
			, LME_PC_RLTM_SN                                                                      /* LME 가격 실시간 순번          */
			<choose>
				<when test='mdat != null and mdat == "Y"'>
					FROM dbo.PR_LME_MDAT_PC_RLTM_BAS                                              /* 가격_LME 조정 가격 실시간 기본 */
				</when>
				<otherwise>
					FROM dbo.PR_LME_PC_RLTM_BAS                                                   /* 가격_LME 가격 실시간 기본     */
				</otherwise>
			</choose>
			LEFT OUTER JOIN (
				SELECT TOP 1
					  RLTM_BEGIN_TIME
					, RLTM_END_TIME
				FROM dbo.IT_BSN_MANAGE_BAS
				WHERE CONVERT(CHAR(8), GETDATE(), 112) >= APPLC_DE
				ORDER BY APPLC_DE DESC
			) IBMB
			  ON 1=1
			WHERE METAL_CODE = #{metalCode}                                                       /* 금속 코드                     */
			<choose>
				<when test="lmePcRltmSn != null and lmePcRltmSn.length != 0">
					AND OCCRRNC_DE = SUBSTRING(#{lmePcRltmSn}, 1, 8)                              /* 발생 일자                     */
					AND OCCRRNC_TIME <![CDATA[<=]]> SUBSTRING(#{lmePcRltmSn}, 9, 6)               /* 발생 시간 종료                */
				</when>
				<otherwise>
					AND OCCRRNC_DE = CONVERT(VARCHAR(8), GETDATE(), 112)                          /* 발생 일자                     */
					AND OCCRRNC_TIME <![CDATA[<=]]> ISNULL(
						( SELECT RIGHT('0' + CONVERT(VARCHAR(2), DATEPART(HOUR, GETDATE())), 2) + RIGHT('0' + CONVERT(VARCHAR(2), DATEPART(MINUTE, GETDATE())), 2) + '00' AS result )
						, FORMAT(DATEADD(MINUTE, -1, GETDATE()), 'HHmm')+'59'
					)                                                                             /* 발생 시간                     */
				</otherwise>
			</choose>
			AND OCCRRNC_TIME >= IBMB.RLTM_BEGIN_TIME AND OCCRRNC_TIME <![CDATA[<]]> IBMB.RLTM_END_TIME
			ORDER BY OCCRRNC_DE DESC, OCCRRNC_TIME DESC
	</select>
	
	<!-- 1분 기준 LME 차트 데이터를 가져온다. -->
	<select id="getPcMngtrngLme01MinList" parameterType="com.sorincorp.fo.chart.model.PcMntrngLmeVO" resultType="com.sorincorp.fo.chart.model.PcMntrngLmeVO">
		/******  com.sorincorp.fo.chart.mapper.PcMntrngLmeMapper.getPcMngtrngLme01MinList  SELECT : PR_LME_MDAT_PC_RLTM_BAS(가격_LME 조정 가격 실시간 기본), PR_LME_PC_RLTM_BAS(가격_LME 가격 실시간 기본)  ******/
		/******      PR_LME_MDAT_PC_01_MIN_BAS(가격_LME 조정 가격 01 분 기본), PR_LME_PC_01_MIN_BAS(가격_LME 가격 01 분 기본)                                                                               ******/
		SET TRANSACTION ISOLATION LEVEL READ UNCOMMITTED;
		WITH BASE_TABLE AS (
			SELECT
				  METAL_CODE                                                                      /* 금속 코드                     */
				, LME_BSN_DE                                                                      /* LME 영업 일자                 */
				, DELNG_QY                                                                        /* 거래 수량                     */
				, OCCRRNC_DE                                                                      /* 발생 일자                     */
				, OCCRRNC_TIME                                                                    /* 발생 시간                     */
				, END_PC                                                                          /* 종료 가격                     */
				, LME_PC_RLTM_SN                                                                  /* LME 가격 실시간 순번          */
			<choose>
				<when test='mdat != null and mdat == "Y"'>
					FROM dbo.PR_LME_MDAT_PC_RLTM_BAS                                              /* 가격_LME 조정 가격 실시간 기본 */
				</when>
				<otherwise>
					FROM dbo.PR_LME_PC_RLTM_BAS                                                   /* 가격_LME 가격 실시간 기본     */
				</otherwise>
			</choose>
			LEFT OUTER JOIN (
				SELECT TOP 1
					  RLTM_BEGIN_TIME
					, RLTM_END_TIME
				FROM dbo.IT_BSN_MANAGE_BAS
				WHERE CONVERT(CHAR(8), GETDATE(), 112) >= APPLC_DE
				ORDER BY APPLC_DE DESC
			) IBMB
			  ON 1=1
			WHERE METAL_CODE = #{metalCode}                                                       /* 금속 코드                     */
			<choose>
				<when test="lmePcRltmSn != null and lmePcRltmSn.length != 0">
					AND OCCRRNC_DE = SUBSTRING(#{lmePcRltmSn}, 1, 8)                              /* 발생 일자                     */
					AND OCCRRNC_TIME >= SUBSTRING(#{lmePcRltmSn}, 9, 4) + '00'                    /* 발생 시간 시작                */
					AND OCCRRNC_TIME <![CDATA[<=]]> SUBSTRING(#{lmePcRltmSn}, 9, 6)               /* 발생 시간 종료                */
				</when>
				<otherwise>
					AND OCCRRNC_DE = CONVERT(VARCHAR(8), GETDATE(), 112)                          /* 발생 일자                     */
					AND OCCRRNC_TIME > ISNULL(
						( 
							SELECT TOP(1) SUBSTRING(OCCRRNC_TIME, 1, 4) 
							<choose>
								<when test='mdat != null and mdat == "Y"'>
									FROM dbo.PR_LME_MDAT_PC_RLTM_BAS                              /* 가격_LME 조정 가격 실시간 기본 */
								</when>
								<otherwise>
									FROM dbo.PR_LME_PC_RLTM_BAS                                   /* 가격_LME 가격 실시간 기본     */
								</otherwise>
							</choose>
							WHERE METAL_CODE = #{metalCode} AND OCCRRNC_DE = CONVERT(VARCHAR(8), GETDATE(), 112) ORDER BY OCCRRNC_TIME DESC 
						)
						, FORMAT(DATEADD(MINUTE, -1, GETDATE()), 'HHmm')
					) + '59'                                                                      /* 발생 시간                     */
				</otherwise>
			</choose>
			AND OCCRRNC_TIME >= IBMB.RLTM_BEGIN_TIME AND OCCRRNC_TIME <![CDATA[<]]> IBMB.RLTM_END_TIME
		)
		SELECT
			  BASE.METAL_CODE                                                                     /* 금속 코드                     */
			, BASE.OCCRRNC_DE                                                                     /* 발생 일자                     */
			, SUBSTRING(BASE.OCCRRNC_TIME, 1, 4) + '00' AS OCCRRNC_TIME                           /* 발생 시간                     */
			, CONVERT(
				DATETIME, STUFF(STUFF(STUFF(BASE.OCCRRNC_DE + SUBSTRING(BASE.OCCRRNC_TIME, 1, 4)+'00' ,13,0,':'),11,0,':'),9,0,' ')
			) CHART_LME_TIME                                                                      /* LME 차트 일시                 */
			, BASE.LME_PC_01_MIN_SN                                                               /* LME 가격 01 분 순번           */
			, MAX(CASE WHEN BASE.RN = 1 THEN BASE.BEGIN_PC END) AS BEGIN_PC                       /* 시작 가격                     */
			, MAX(CASE WHEN BASE.RN = 1 THEN BASE.LAST_PC END) AS END_PC                          /* 종료 가격                     */
			, MAX(BASE.END_PC) AS TOP_PC                                                          /* 최고 가격                     */
			, MIN(BASE.END_PC) AS LWET_PC                                                         /* 최저 가격                     */
			, 0 VERSUS_PC                                                                         /* 대비 가격                     */
			, 0 VERSUS_RATE                                                                       /* 대비 비율                     */
			, BASE.LME_BSN_DE                                                                     /* LME 영업 일자                 */
			, MAX(BASE.DELNG_QY) AS DELNG_QY                                                      /* 거래 수량                     */
		FROM (
			SELECT
				  METAL_CODE                                                                      /* 금속 코드                     */
				, FIRST_VALUE(END_PC) OVER(PARTITION BY OCCRRNC_DE, SUBSTRING(LME_PC_RLTM_SN, 1, 4) ORDER BY LME_PC_RLTM_SN ASC) AS BEGIN_PC  /* 시작 가격                     */
				, LAST_VALUE(END_PC) OVER(PARTITION BY OCCRRNC_DE, SUBSTRING(LME_PC_RLTM_SN, 1, 4) ORDER BY LME_PC_RLTM_SN DESC) AS LAST_PC   /* 종료 가격                     */
				, ROW_NUMBER() OVER(PARTITION BY OCCRRNC_DE, SUBSTRING(LME_PC_RLTM_SN, 1, 4) ORDER BY LME_PC_RLTM_SN DESC) AS RN              /* 발생 일자 내 발생 시간 역순 번호 */
				, LME_BSN_DE                                                                                                                  /* LME 영업 일자                 */
				, DELNG_QY                                                                                                                    /* 거래 수량                     */
				, END_PC                                                                                                                      /* 종료 가격                     */
				, OCCRRNC_DE                                                                                                                  /* 발생 일자                     */
				, OCCRRNC_TIME                                                                                                                /* 발생 시간                     */
				, SUBSTRING(LME_PC_RLTM_SN, 1, 12) + '00000000' AS LME_PC_01_MIN_SN                                                           /* LME 가격 01 분 순번           */
			FROM BASE_TABLE
		) AS BASE
		GROUP BY BASE.METAL_CODE, BASE.OCCRRNC_DE, BASE.LME_BSN_DE, SUBSTRING(BASE.OCCRRNC_TIME, 1, 4), BASE.LME_PC_01_MIN_SN
		
		UNION ALL
		
		SELECT 
			* 
		FROM (
			SELECT TOP(#{chartCount})
				  PLP01MB.METAL_CODE                                                              /* 금속 코드                     */
				, PLP01MB.OCCRRNC_DE                                                              /* 발생 일자                     */
				, PLP01MB.OCCRRNC_TIME                                                            /* 발생 시간                     */
				, CONVERT(
					DATETIME, STUFF(STUFF(STUFF(PLP01MB.OCCRRNC_DE + PLP01MB.OCCRRNC_TIME,13,0,':'),11,0,':'),9,0,' ')
				) CHART_LME_TIME                                                                  /* 차트 기준시간                 */
				, PLP01MB.LME_PC_01_MIN_SN                                                        /* LME 가격 01 분 순번           */
				, PLP01MB.BEGIN_PC                                                                /* 시작 가격                     */
				, PLP01MB.END_PC                                                                  /* 종료 가격                     */
				, PLP01MB.TOP_PC                                                                  /* 최고 가격                     */
				, PLP01MB.LWET_PC                                                                 /* 최저 가격                     */
				, PLP01MB.VERSUS_PC                                                               /* 대비 가격                     */
				, PLP01MB.VERSUS_RATE                                                             /* 대비 비율                     */
				, PLP01MB.LME_BSN_DE                                                              /* LME 영업 일자                 */
				, PLP01MB.DELNG_QY                                                                /* 거래 수량                     */
			<choose>
				<when test='mdat != null and mdat == "Y"'>
					FROM dbo.PR_LME_MDAT_PC_01_MIN_BAS AS PLP01MB                                 /* 가격_LME 조정 가격 01 분 기본 */
				</when>
				<otherwise>
					FROM dbo.PR_LME_PC_01_MIN_BAS AS PLP01MB                                      /* 가격_LME 가격 01 분 기본      */
				</otherwise>
			</choose>
			LEFT OUTER JOIN (
				SELECT TOP 1
					  RLTM_BEGIN_TIME
					, RLTM_END_TIME
				FROM dbo.IT_BSN_MANAGE_BAS
				WHERE CONVERT(CHAR(8), GETDATE(), 112) >= APPLC_DE
				ORDER BY APPLC_DE DESC
			) IBMB
			  ON 1=1
			WHERE PLP01MB.METAL_CODE                                 = #{metalCode}               /* 금속 코드                     */
			<choose>
				<when test="lmePcRltmSn != null and lmePcRltmSn.length != 0">
					AND PLP01MB.LME_PC_01_MIN_SN <![CDATA[<]]> SUBSTRING(#{lmePcRltmSn}, 1, 12) + '00000000'
				</when>
				<otherwise>
					AND PLP01MB.LME_PC_01_MIN_SN <![CDATA[<=]]> FORMAT(DATEADD(second, 1, GETDATE()), 'yyyyMMddHHmmssffffff')
				</otherwise>
			</choose>
			AND PLP01MB.OCCRRNC_TIME >= IBMB.RLTM_BEGIN_TIME AND PLP01MB.OCCRRNC_TIME <![CDATA[<]]> IBMB.RLTM_END_TIME
			ORDER BY PLP01MB.OCCRRNC_DE DESC, PLP01MB.OCCRRNC_TIME DESC, LME_PC_01_MIN_SN DESC
		) TABA
		ORDER BY OCCRRNC_DE DESC, OCCRRNC_TIME DESC, LME_PC_01_MIN_SN DESC
	</select>
	
	<!-- 30분 기준 LME 차트 데이터를 가져온다. -->
	<select id="getPcMngtrngLme30MinList" parameterType="com.sorincorp.fo.chart.model.PcMntrngLmeVO" resultType="com.sorincorp.fo.chart.model.PcMntrngLmeVO">
		/******  com.sorincorp.fo.chart.mapper.PcMntrngLmeMapper.getPcMngtrngLme30MinList  SELECT : PR_LME_MDAT_PC_RLTM_BAS(가격_LME 조정 가격 실시간 기본), PR_LME_PC_RLTM_BAS(가격_LME 가격 실시간 기본)  ******/
		/******      PR_LME_MDAT_PC_30_MIN_BAS(가격_LME 조정 가격 30 분 기본), PR_LME_PC_30_MIN_BAS(가격_LME 가격 30 분 기본)                                                                               ******/
		SET TRANSACTION ISOLATION LEVEL READ UNCOMMITTED;
		WITH BASE_TABLE AS (
			SELECT 
				  METAL_CODE                                                                      /* 금속 코드                     */
				, OCCRRNC_DE                                                                      /* 발생 일자                     */
				, OCCRRNC_TIME                                                                    /* 발생 시간                     */
				, END_PC                                                                          /* 종료 가격                     */
				, LME_PC_RLTM_SN                                                                  /* LME 가격 실시간 순번          */
			<choose>
				<when test='mdat != null and mdat == "Y"'>
					FROM dbo.PR_LME_MDAT_PC_RLTM_BAS                                              /* 가격_LME 조정 가격 실시간 기본 */
				</when>
				<otherwise>
					FROM dbo.PR_LME_PC_RLTM_BAS                                                   /* 가격_LME 가격 실시간 기본     */
				</otherwise>
			</choose>
			LEFT OUTER JOIN (
				SELECT TOP 1
					  RLTM_BEGIN_TIME
					, RLTM_END_TIME
				FROM dbo.IT_BSN_MANAGE_BAS
				WHERE CONVERT(CHAR(8), GETDATE(), 112) >= APPLC_DE
				ORDER BY APPLC_DE DESC
			) IBMB
			  ON 1=1
			WHERE METAL_CODE = #{metalCode}                                                       /* 금속 코드                     */
			<choose>
				<when test="lmePcRltmSn != null and lmePcRltmSn.length != 0">
					AND OCCRRNC_DE = SUBSTRING(#{lmePcRltmSn}, 1, 8)                              /* 발생 일자                     */
					AND OCCRRNC_TIME >= SUBSTRING(#{lmePcRltmSn}, 9, 2)
						+ (
							CASE
							WHEN SUBSTRING(#{lmePcRltmSn}, 11, 2) >= 30 
							THEN '3000'
							ELSE '0000'
							END
						)                                                                         /* 발생 시간 시작                */
					AND OCCRRNC_TIME <![CDATA[<=]]> SUBSTRING(#{lmePcRltmSn}, 9, 6)               /* 발생 시간 종료                */
				</when>
				<otherwise>
					AND OCCRRNC_DE = CONVERT(VARCHAR(8), GETDATE(), 112)                          /* 발생 일자                     */
					AND OCCRRNC_TIME BETWEEN (
						SELECT
							RIGHT('0' + CONVERT(VARCHAR(2), DATEPART(HOUR, GETDATE())), 2) 
							+ (
								CASE
								WHEN DATEPART(MINUTE, GETDATE()) >= 30 
								THEN '3000'
								ELSE '0000'
								END
							)
					)                                                                             /* 발생 시간 시작                */
					AND FORMAT(GETDATE(), 'HHmmss')                                               /* 발생 시간 종료                */
				</otherwise>
			</choose>
			AND OCCRRNC_TIME >= IBMB.RLTM_BEGIN_TIME AND OCCRRNC_TIME <![CDATA[<]]> IBMB.RLTM_END_TIME
		)
		SELECT 
			  BASE.METAL_CODE                                                                     /* 금속 코드                     */
			, MAX(BASE.OCCRRNC_DE) AS OCCRRNC_DE                                                  /* 발생 일자                     */
			, (
				CASE 
				WHEN SUBSTRING(MAX(BASE.OCCRRNC_TIME), 3, 2) >= '30' 
				THEN SUBSTRING(MAX(BASE.OCCRRNC_TIME), 1, 2) + '3000'
				ELSE SUBSTRING(MAX(BASE.OCCRRNC_TIME), 1, 2) + '0000'
				END 
			) AS OCCRRNC_TIME                                                                     /* 발생 시간                     */
			, (
				CAST(STUFF(STUFF(STUFF(MAX(BASE.OCCRRNC_DE) + (
					CASE 
					WHEN SUBSTRING(MAX(BASE.OCCRRNC_TIME), 3, 2) >= '30' 
					THEN SUBSTRING(MAX(BASE.OCCRRNC_TIME), 1, 2) + '3000'
					ELSE SUBSTRING(MAX(BASE.OCCRRNC_TIME), 1, 2) + '0000' 
					END
				), 9, 0, ' '), 12, 0, ':'), 15, 0, ':') AS DATETIME)
			) AS CHART_LME_TIME                                                                   /* LME 차트 일시                 */
			, (
				MAX(BASE.OCCRRNC_DE) + (
					CASE 
					WHEN SUBSTRING(MAX(BASE.OCCRRNC_TIME), 3, 2) >= '30' 
					THEN SUBSTRING(MAX(BASE.OCCRRNC_TIME), 1, 2) + '3000000000'
					ELSE SUBSTRING(MAX(BASE.OCCRRNC_TIME), 1, 2) + '0000000000'
					END 
				) 
			) AS LME_PC_30_MIN_SN                                                                 /* LME 가격 30 분 순번           */
			, ISNULL(
				MAX(CASE WHEN BASE.RN = 1 THEN BASE.BEGIN_PC END), MAX(PLP30MB.END_PC)
			) AS BEGIN_PC                                                                         /* 시작 가격                     */
			, MAX(CASE WHEN BASE.RN = 1 THEN BASE.END_PC END) AS END_PC                           /* 종료 가격                     */
			, MAX(BASE.END_PC) AS TOP_PC                                                          /* 최고 가격                     */
			, MIN(BASE.END_PC) AS LWET_PC                                                         /* 최저 가격                     */
			, MAX(VERSUS_PC) AS VERSUS_PC                                                         /* 대비 가격                     */
			, MAX(VERSUS_RATE) AS VERSUS_RATE                                                     /* 대비 비율                     */
			, MAX(LME_BSN_DE) AS LME_BSN_DE                                                       /* LME 영업 일자                 */
			, MAX(DELNG_QY) AS DELNG_QY                                                           /* 거래 수량                     */
		FROM (
			SELECT 
				METAL_CODE
				, FIRST_VALUE(END_PC) OVER(PARTITION BY METAL_CODE, OCCRRNC_DE, SUBSTRING(LME_PC_RLTM_SN, 1, 4) ORDER BY LME_PC_RLTM_SN ASC) AS BEGIN_PC  /* 시작 가격                     */
				, LAST_VALUE(END_PC) OVER(PARTITION BY METAL_CODE, OCCRRNC_DE, SUBSTRING(LME_PC_RLTM_SN, 1, 4) ORDER BY LME_PC_RLTM_SN DESC) AS LAST_PC   /* 종료 가격                     */
				, ROW_NUMBER() OVER(PARTITION BY METAL_CODE, OCCRRNC_DE, SUBSTRING(LME_PC_RLTM_SN, 1, 4) ORDER BY LME_PC_RLTM_SN DESC) AS RN              /* 발생 일자 내 발생 시간 역순 번호 */
				, END_PC                                                                          /* 종료 가격                     */
				, OCCRRNC_DE                                                                      /* 발생 일자                     */
				, OCCRRNC_TIME                                                                    /* 발생 시간                     */
			FROM BASE_TABLE
		) AS BASE
		<choose>
			<when test='mdat != null and mdat == "Y"'>
				LEFT OUTER JOIN dbo.PR_LME_MDAT_PC_30_MIN_BAS PLP30MB                             /* 가격_LME 조정 가격 실시간 기본 */
			</when>
			<otherwise>
				LEFT OUTER JOIN dbo.PR_LME_PC_30_MIN_BAS PLP30MB                                  /* 가격_LME 가격 실시간 기본     */
			</otherwise>
		</choose>
		  ON BASE.METAL_CODE = PLP30MB.METAL_CODE                                                 /* 금속 코드                     */
		  AND BASE.OCCRRNC_DE = PLP30MB.OCCRRNC_DE                                                /* 발생 일자                     */
		  AND PLP30MB.OCCRRNC_TIME = (
		  	SELECT TOP(1) 
		  		OCCRRNC_TIME 
		  		<choose>
		  			<when test='mdat != null and mdat == "Y"'>
		  				FROM PR_LME_MDAT_PC_30_MIN_BAS
		  			</when>
		  			<otherwise>
		  				FROM PR_LME_PC_30_MIN_BAS
		  			</otherwise>
		  		</choose>
		  	WHERE METAL_CODE = #{metalCode}
		  	<choose>
				<when test="lmePcRltmSn != null and lmePcRltmSn.length != 0">
					AND OCCRRNC_DE = SUBSTRING(#{lmePcRltmSn}, 1, 8)
				</when>
				<otherwise>
					AND OCCRRNC_DE = CONVERT(VARCHAR(8), GETDATE(), 112)
				</otherwise>
			</choose>
			ORDER BY OCCRRNC_TIME DESC
		)                                                                                         /* 발생 시간                     */
		GROUP BY BASE.METAL_CODE
		
		UNION ALL
		
		SELECT
			* 
		FROM (
			SELECT TOP(#{chartCount})
				  PLP30MB.METAL_CODE                                                              /* 금속 코드                     */
				, PLP30MB.OCCRRNC_DE                                                              /* 발생 일자                     */
				, PLP30MB.OCCRRNC_TIME                                                            /* 발생 시간                     */
				, CONVERT(
					DATETIME, STUFF(STUFF(STUFF(PLP30MB.OCCRRNC_DE + PLP30MB.OCCRRNC_TIME, 13, 0, ':'), 11, 0, ':'), 9, 0, ' ')
				) CHART_LME_TIME                                                                  /* LME 차트 일시                 */
				, PLP30MB.LME_PC_30_MIN_SN                                                        /* LME 가격 30 분 순번           */
				, PLP30MB.BEGIN_PC                                                                /* 시작 가격                     */
				, PLP30MB.END_PC                                                                  /* 종료 가격                     */
				, PLP30MB.TOP_PC                                                                  /* 최고 가격                     */
				, PLP30MB.LWET_PC                                                                 /* 최저 가격                     */
				, PLP30MB.VERSUS_PC                                                               /* 대비 가격                     */
				, PLP30MB.VERSUS_RATE                                                             /* 대비 비율                     */
				, PLP30MB.LME_BSN_DE                                                              /* LME 영업 일자                 */
				, PLP30MB.DELNG_QY                                                                /* 거래 수량                     */
			<choose>
				<when test='mdat != null and mdat == "Y"'>
					FROM dbo.PR_LME_MDAT_PC_30_MIN_BAS AS PLP30MB                                 /* 가격_LME 조정 가격 30 분 기본 */
				</when>
				<otherwise>
					FROM dbo.PR_LME_PC_30_MIN_BAS AS PLP30MB                                      /* 가격_LME 가격 30 분 기본      */
				</otherwise>
			</choose>
			LEFT OUTER JOIN (
				SELECT TOP 1
					  RLTM_BEGIN_TIME
					, RLTM_END_TIME
				FROM dbo.IT_BSN_MANAGE_BAS
				WHERE CONVERT(CHAR(8), GETDATE(), 112) >= APPLC_DE
				ORDER BY APPLC_DE DESC
			) IBMB
			  ON 1=1
			WHERE PLP30MB.METAL_CODE = #{metalCode}                                               /* 금속 코드                     */
			<choose>
				<when test="lmePcRltmSn != null and lmePcRltmSn.length != 0">
					AND PLP30MB.LME_PC_30_MIN_SN <![CDATA[<=]]> FORMAT(DATEADD(MINUTE, -29, STUFF(STUFF(STUFF(SUBSTRING(#{lmePcRltmSn}, 1, 14), 13, 0, ':'), 11, 0, ':'), 9, 0, ' ')), 'yyyyMMddHHmmssffffff')
				</when>
				<otherwise>
					AND PLP30MB.LME_PC_30_MIN_SN <![CDATA[<=]]> FORMAT(DATEADD(second, 1, GETDATE()), 'yyyyMMddHHmmssffffff')
				</otherwise>
			</choose>
			AND PLP30MB.OCCRRNC_TIME >= IBMB.RLTM_BEGIN_TIME AND PLP30MB.OCCRRNC_TIME <![CDATA[<=]]> IBMB.RLTM_END_TIME
			ORDER BY PLP30MB.OCCRRNC_DE DESC,  PLP30MB.OCCRRNC_TIME DESC, PLP30MB.LME_PC_30_MIN_SN DESC
		) AS TABA
		ORDER BY OCCRRNC_DE DESC, OCCRRNC_TIME DESC, LME_PC_30_MIN_SN DESC	
	</select>
	
	<!--  -->
	<select id="getPcMngtrngLme60MinList" parameterType="com.sorincorp.fo.chart.model.PcMntrngLmeVO" resultType="com.sorincorp.fo.chart.model.PcMntrngLmeVO">
		/******  com.sorincorp.bo.pr.mapper.PcMntrngMapper.getPcMngtrngLme60MinList                                                                ******/
		SET TRANSACTION ISOLATION LEVEL READ UNCOMMITTED;
		WITH BASE_TABLE AS (
		    SELECT METAL_CODE,
		        OCCRRNC_DE, 
		        LME_PC_RLTM_SN,
		        OCCRRNC_TIME, 
		        END_PC
		    <choose>
				<when test='mdat != null and mdat == "Y"'>
			    FROM dbo.PR_LME_MDAT_PC_RLTM_BAS LME
				</when>
				<otherwise>
			    FROM dbo.PR_LME_PC_RLTM_BAS LME
				</otherwise>
			</choose>
			LEFT OUTER JOIN (
				SELECT TOP 1
					  RLTM_BEGIN_TIME
					, RLTM_END_TIME
				FROM dbo.IT_BSN_MANAGE_BAS
				WHERE CONVERT(CHAR(8), GETDATE(), 112) >= APPLC_DE
				ORDER BY APPLC_DE DESC
			) IBMB
			  ON 1=1
		    WHERE LME.METAL_CODE = #{metalCode}
			    AND OCCRRNC_DE = CONVERT(VARCHAR(8), GETDATE(), 112)
			    AND OCCRRNC_TIME BETWEEN (SELECT RIGHT('0' + CONVERT(VARCHAR(2), DATEPART(HOUR, GETDATE())), 2) + '0000' AS result)
				AND FORMAT(GETDATE(), 'HHmmss')
				
				AND OCCRRNC_TIME >= IBMB.RLTM_BEGIN_TIME AND OCCRRNC_TIME <![CDATA[<]]> IBMB.RLTM_END_TIME
		)
		SELECT BASE.METAL_CODE
			 , MAX(BASE.OCCRRNC_DE) AS OCCRRNC_DE
			 , SUBSTRING(MAX(BASE.OCCRRNC_TIME), 1, 2) + '0000' AS OCCRRNC_TIME
			 , CAST(stuff(stuff(stuff(MAX(BASE.OCCRRNC_DE) + SUBSTRING(MAX(BASE.OCCRRNC_TIME), 1, 2) + '0000', 9, 0, ' '), 12, 0, ':'), 15, 0, ':') as datetime) AS CHART_LME_TIME
			 , MAX(BASE.OCCRRNC_DE) + SUBSTRING(MAX(BASE.OCCRRNC_TIME), 1, 2) + '0000000000' AS LME_PC_60_MIN_SN
			 , ISNULL(MAX(CASE WHEN BASE.RN = 1 THEN BASE.BEGIN_PC END), MAX(PS60.END_PC)) AS BEGIN_PC
			 , MAX(BASE.END_PC) AS TOP_PC
			 , MIN(BASE.END_PC) AS LWET_PC
			 , MAX(CASE WHEN BASE.RN = 1 THEN BASE.END_PC END) AS END_PC
			 , 0 AS VERSUS_PC
			 , 0 AS VERSUS_RATE
			 , 0 AS LME_BSN_DE
			 , 0 AS DELNG_QY 
		FROM (
		    SELECT METAL_CODE
				, FIRST_VALUE(END_PC) OVER(PARTITION BY METAL_CODE, OCCRRNC_DE, SUBSTRING(LME_PC_RLTM_SN, 1, 4) ORDER BY LME_PC_RLTM_SN ASC) AS BEGIN_PC
				, LAST_VALUE(END_PC) OVER(PARTITION BY METAL_CODE, OCCRRNC_DE, SUBSTRING(LME_PC_RLTM_SN, 1, 4) ORDER BY LME_PC_RLTM_SN DESC) AS LAST_PC
				, ROW_NUMBER() OVER(PARTITION BY METAL_CODE, OCCRRNC_DE, SUBSTRING(LME_PC_RLTM_SN, 1, 4) ORDER BY LME_PC_RLTM_SN DESC) AS RN
				, END_PC
				, OCCRRNC_DE
				, OCCRRNC_TIME
			FROM BASE_TABLE
		) AS BASE
		<choose>
		<when test='mdat != null and mdat == "Y"'>
		LEFT OUTER JOIN dbo.PR_LME_MDAT_PC_60_MIN_BAS PS60 
		</when>
		<otherwise>
		LEFT OUTER JOIN dbo.PR_LME_PC_60_MIN_BAS PS60 
		</otherwise>
		</choose>
		ON BASE.METAL_CODE = PS60.METAL_CODE
		 AND BASE.OCCRRNC_DE = PS60.OCCRRNC_DE
		 AND PS60.OCCRRNC_TIME = (
		 							SELECT TOP(1) OCCRRNC_TIME 
	 								<choose>
									<when test='mdat != null and mdat == "Y"'>
		 							FROM PR_LME_MDAT_PC_60_MIN_BAS
									</when>
									<otherwise>
		 							FROM PR_LME_PC_60_MIN_BAS
									</otherwise>
									</choose>
									WHERE 1=1
									and METAL_CODE = #{metalCode}
									AND OCCRRNC_DE = CONVERT(VARCHAR(8), GETDATE(), 112)
									ORDER BY OCCRRNC_TIME DESC
								)
		GROUP BY BASE.METAL_CODE
		
		UNION ALL
		
		SELECT * FROM
		(
			SELECT
			   TOP(#{chartCount})
		       PLP6MB.METAL_CODE                                                                             /* 금속 코드                     */
		     , PLP6MB.OCCRRNC_DE                                                                             /* 발생 일자                     */
		     , PLP6MB.OCCRRNC_TIME                                                                           /* 발생 시간                     */
		     , CONVERT(DATETIME, STUFF(STUFF(STUFF(PLP6MB.OCCRRNC_DE + PLP6MB.OCCRRNC_TIME,13,0,':'),11,0,':'),9,0,' ')) CHART_LME_TIME /* 차트 기준시간                  */
		     , PLP6MB.LME_PC_60_MIN_SN                                                                       /* LME 가격 60 분 순번           */
		     , PLP6MB.BEGIN_PC                                                                               /* 시작 가격                     */
		     , PLP6MB.TOP_PC                                                                                 /* 최고 가격                     */
		     , PLP6MB.LWET_PC                                                                                /* 최저 가격                     */
		     , PLP6MB.END_PC                                                                                 /* 종료 가격                     */
		     , PLP6MB.VERSUS_PC                                                                              /* 대비 가격                     */
		     , PLP6MB.VERSUS_RATE                                                                            /* 대비 비율                     */
		     , PLP6MB.LME_BSN_DE                                                                             /* LME 영업 일자                 */
		     , PLP6MB.DELNG_QY                                                                               /* 거래 수량                     */
	 	 <choose>
			 <when test='mdat != null and mdat == "Y"'>
			 FROM dbo.PR_LME_MDAT_PC_60_MIN_BAS AS PLP6MB                                                       /* 가격_LME 조정 가격 60 분 기본 */
			 </when>
			 <otherwise>
			 FROM dbo.PR_LME_PC_60_MIN_BAS AS PLP6MB                                                            /* 가격_LME 가격 60 분 기본      */
			 </otherwise>
		 </choose>
		 LEFT OUTER JOIN (
				SELECT TOP 1
					  RLTM_BEGIN_TIME
					, RLTM_END_TIME
				FROM dbo.IT_BSN_MANAGE_BAS
				WHERE CONVERT(CHAR(8), GETDATE(), 112) >= APPLC_DE
				ORDER BY APPLC_DE DESC
			) IBMB
			  ON 1=1
		 WHERE PLP6MB.METAL_CODE                                 = #{metalCode}                               /* 금속 코드                     */
		 
		 
		 AND PLP6MB.OCCRRNC_TIME >= IBMB.RLTM_BEGIN_TIME AND PLP6MB.OCCRRNC_TIME <![CDATA[<]]> IBMB.RLTM_END_TIME
		 
		   ORDER BY LME_PC_60_MIN_SN DESC
			 ) AS A
		ORDER BY OCCRRNC_DE DESC, OCCRRNC_TIME DESC, LME_PC_60_MIN_SN DESC
	</select>
	
	<select id="getPcMngtrngLmeDeList" parameterType="com.sorincorp.fo.chart.model.PcMntrngLmeVO" resultType="com.sorincorp.fo.chart.model.PcMntrngLmeVO">
	/******  com.sorincorp.bo.pr.mapper.PcMntrngMapper.getPcMngtrngLmeDeList                                                                ******/
		SET TRANSACTION ISOLATION LEVEL READ UNCOMMITTED;
		WITH BASE_TABLE AS (
		    SELECT
		    	METAL_CODE,
		        BEGIN_PC, END_PC, TOP_PC, LWET_PC, OCCRRNC_DE, OCCRRNC_TIME,
		        MAX(OCCRRNC_DE) OVER (PARTITION BY NULL) AS MAX_OCCRRNC_DE
	    	<choose>
				<when test='mdat != null and mdat == "Y"'>
			    FROM dbo.PR_LME_MDAT_PC_01_MIN_BAS
				</when>
				<otherwise>
			    FROM dbo.PR_LME_PC_01_MIN_BAS
				</otherwise>
			</choose>
			LEFT OUTER JOIN (
				SELECT TOP 1
					  RLTM_BEGIN_TIME
					, RLTM_END_TIME
				FROM dbo.IT_BSN_MANAGE_BAS
				WHERE CONVERT(CHAR(8), GETDATE(), 112) >= APPLC_DE
				ORDER BY APPLC_DE DESC
			) IBMB
			  ON 1=1
		    WHERE METAL_CODE = #{metalCode}
			    AND OCCRRNC_DE  <![CDATA[>=]]>  (SELECT REPLACE(CONVERT(VARCHAR(10), GETDATE(), 112), '-', '') AS result)
				AND OCCRRNC_DE  <![CDATA[<=]]>  FORMAT(GETDATE(), 'yyyyMMdd')
				
				AND OCCRRNC_TIME >= IBMB.RLTM_BEGIN_TIME AND OCCRRNC_TIME <![CDATA[<]]> IBMB.RLTM_END_TIME
		)
		SELECT
				pspmb.METAL_CODE
				, MAX(OCCRRNC_DE) AS OCCRRNC_DE
		      , CAST(stuff(stuff(stuff(MAX(OCCRRNC_DE) + '000000', 9, 0, ' '), 12, 0, ':'), 15, 0, ':') as datetime) AS CHART_LME_TIME
			  , MAX(OCCRRNC_DE) + SUBSTRING(MAX(OCCRRNC_TIME), 1, 4) + '000000' AS LME_PC_DE_SN
		      , MAX(CASE WHEN pspmb.RN = 1 THEN BEGIN_PC END) AS BEGIN_PC
		      , MAX(CASE WHEN pspmb.RN = 1 THEN END_PC END) AS END_PC
		      , MAX(TOP_PC) AS TOP_PC
		      , MIN(LWET_PC) AS LWET_PC
		      , MAX(CASE WHEN pspmb.RN = 1 THEN pspmb.END_PC END  - past.PAST_END_PC) AS VERSUS_PC
		      , MAX(ROUND(CONVERT(FLOAT,(CASE WHEN pspmb.RN = 1 THEN pspmb.END_PC END  - past.PAST_END_PC)) / past.PAST_END_PC * 100, 2)) AS VERSUS_RATE 
		      , 0 DELNG_QY 
		FROM (
		    SELECT
		    		METAL_CODE,
		        	FIRST_VALUE(BEGIN_PC) OVER(ORDER BY OCCRRNC_TIME ASC) AS BEGIN_PC
		          , LAST_VALUE(END_PC) OVER(ORDER BY OCCRRNC_TIME DESC) AS END_PC
		          , ROW_NUMBER() OVER(ORDER BY OCCRRNC_TIME DESC) AS RN
		          , TOP_PC
		          , LWET_PC
		          , OCCRRNC_DE
		          , OCCRRNC_TIME
		    FROM BASE_TABLE
		    WHERE OCCRRNC_DE = MAX_OCCRRNC_DE
		    AND LWET_PC > 0
		) AS pspmb
		LEFT JOIN (
		    SELECT
		        	END_PC AS PAST_END_PC
		          , ROW_NUMBER() OVER(ORDER BY OCCRRNC_DE DESC, OCCRRNC_TIME DESC) AS RN
		    FROM BASE_TABLE
		    WHERE OCCRRNC_DE  <![CDATA[<]]>  MAX_OCCRRNC_DE
		) AS past ON past.RN = 1
		GROUP BY pspmb.METAL_CODE
		
		UNION
		
		SELECT * FROM
		(
			SELECT
			       TOP(#{chartCount})
			       PLPDB.METAL_CODE                                                                              /* 금속 코드                     */
			     , PLPDB.OCCRRNC_DE                                                                              /* 발생 일자                     */
			     , CONVERT(DATETIME, PLPDB.OCCRRNC_DE) CHART_LME_TIME 											 /* 차트 기준시간                 */
			     , SUBSTRING(PLPDB.LME_PC_DE_SN,1,18) AS LME_PC_DE_SN
			     , PLPDB.BEGIN_PC                                                                                /* 시작 가격                     */
			     , PLPDB.END_PC                                                                                  /* 종료 가격                     */
			     , PLPDB.TOP_PC                                                                                  /* 최고 가격                     */
			     , PLPDB.LWET_PC                                                                                 /* 최저 가격                     */
			     , PLPDB.VERSUS_PC                                                                               /* 대비 가격                     */
			     , PLPDB.VERSUS_RATE                                                                             /* 대비 비율                     */
			     , PLPDB.DELNG_QY                                                                                /* 거래 수량                     */
		  	  <choose>
				  <when test='mdat != null and mdat == "Y"'>
				  FROM dbo.PR_LME_MDAT_PC_DE_BAS AS PLPDB                                                            /* 가격_LME 조정 가격 일 기본   */
				  </when>
				  <otherwise>
				  FROM dbo.PR_LME_PC_DE_BAS AS PLPDB                                                                 /* 가격_LME 가격 일 기본        */
				  </otherwise>
			  </choose>
			  WHERE 1=1
			  	AND PLPDB.METAL_CODE                                 = #{metalCode}                               /* 금속 코드                     */
			    <if test='occrrncDe != null and !occrrncDe.equals("")'>
					AND PLPDB.OCCRRNC_DE					    <![CDATA[<=]]> #{occrrncDe}								  /* 발생 일자                     */
				</if>								  /* 발생 일자                     */
			    AND PLPDB.LME_PC_DE_SN                       <![CDATA[<=]]>  FORMAT(DATEADD(second, 1, GETDATE()), 'yyyyMMddHHmmssffffff')
			  ORDER BY PLPDB.METAL_CODE, PLPDB.OCCRRNC_DE DESC, PLPDB.LME_PC_DE_SN DESC
			  ) A
		  ORDER BY METAL_CODE, OCCRRNC_DE DESC, LME_PC_DE_SN DESC
	</select>
	
	<select id="getPcMngtrngLmeMonthList" parameterType="com.sorincorp.fo.chart.model.PcMntrngLmeVO" resultType="com.sorincorp.fo.chart.model.PcMntrngLmeVO">
		/******  com.sorincorp.bo.pr.mapper.PcMntrngMapper.getPcMngtrngLmeMonthList                                                                ******/
		SET TRANSACTION ISOLATION LEVEL READ UNCOMMITTED;
		WITH BASE_TABLE AS (
			SELECT METAL_CODE, BEGIN_PC, END_PC, TOP_PC, LWET_PC, SUBSTRING(OCCRRNC_DE, 1, 6) AS OCCRRNC_YY_MT, OCCRRNC_DE, '000000' OCCRRNC_TIME
			<choose>
			<when test='mdat != null and mdat == "Y"'>
			FROM dbo.PR_LME_MDAT_PC_DE_BAS AS PLPDB
			</when>
			<otherwise>
			FROM dbo.PR_LME_PC_DE_BAS AS PLPDB
			</otherwise>
			</choose>
			WHERE METAL_CODE = #{metalCode}
			AND OCCRRNC_DE BETWEEN LEFT(CONVERT(VARCHAR, GETDATE(),112),6) AND CONVERT(VARCHAR(8), GETDATE(), 112)
			
			UNION ALL
			
			SELECT METAL_CODE, BEGIN_PC, END_PC, TOP_PC, LWET_PC, SUBSTRING(OCCRRNC_DE, 1, 6) AS OCCRRNC_YY_MT, OCCRRNC_DE, OCCRRNC_TIME
			<choose>
				<when test='mdat != null and mdat == "Y"'>
			    FROM dbo.PR_LME_MDAT_PC_01_MIN_BAS
				</when>
				<otherwise>
			    FROM dbo.PR_LME_PC_01_MIN_BAS
				</otherwise>
			</choose>
			LEFT OUTER JOIN (
				SELECT TOP 1
					  RLTM_BEGIN_TIME
					, RLTM_END_TIME
				FROM dbo.IT_BSN_MANAGE_BAS
				WHERE CONVERT(CHAR(8), GETDATE(), 112) >= APPLC_DE
				ORDER BY APPLC_DE DESC
			) IBMB
			  ON 1=1
			WHERE METAL_CODE = #{metalCode}
			AND OCCRRNC_DE <![CDATA[>]]> (
			   	SELECT MAX(OCCRRNC_DE)
				<choose>
				<when test='mdat != null and mdat == "Y"'>
				FROM dbo.PR_LME_MDAT_PC_DE_BAS AS PLPDB
				</when>
				<otherwise>
				FROM dbo.PR_LME_PC_DE_BAS AS PLPDB
				</otherwise>
				</choose>
				WHERE METAL_CODE = #{metalCode}
				AND OCCRRNC_DE     <![CDATA[<=]]>     CONVERT(VARCHAR(8), GETDATE(), 112)
				)
			AND OCCRRNC_TIME >= IBMB.RLTM_BEGIN_TIME AND OCCRRNC_TIME <![CDATA[<]]> IBMB.RLTM_END_TIME
			
			UNION ALL
			
			SELECT
				  METAL_CODE
		        , BEGIN_PC
		        , END_PC
		        , TOP_PC
		        , LWET_PC
		        , SUBSTRING(OCCRRNC_DE, 1, 6) AS OCCRRNC_YM, OCCRRNC_DE, OCCRRNC_TIME
		    <choose>
			<when test='mdat != null and mdat == "Y"'>
		    FROM dbo.PR_LME_MDAT_PC_RLTM_BAS LME
			</when>
			<otherwise>
		    FROM dbo.PR_LME_PC_RLTM_BAS LME
			</otherwise>
			</choose>
			LEFT OUTER JOIN (
				SELECT TOP 1
					  RLTM_BEGIN_TIME
					, RLTM_END_TIME
				FROM dbo.IT_BSN_MANAGE_BAS
				WHERE CONVERT(CHAR(8), GETDATE(), 112) >= APPLC_DE
				ORDER BY APPLC_DE DESC
			) IBMB
			  ON 1=1
		    WHERE LME.METAL_CODE = #{metalCode}
			    AND SUBSTRING(OCCRRNC_DE, 1, 8) = CONVERT(VARCHAR(8), GETDATE(), 112)
			   AND OCCRRNC_TIME > (SELECT TOP(1) ISNULL(MAX(OCCRRNC_TIME), '999999') AS OCCRRNC_TIME
			    <choose>
				<when test='mdat != null and mdat == "Y"'>
			    FROM dbo.PR_LME_MDAT_PC_01_MIN_BAS pspmb
				</when>
				<otherwise>
			    FROM dbo.PR_LME_PC_01_MIN_BAS pspmb
				</otherwise>
				</choose>
				WHERE METAL_CODE = #{metalCode}
				  AND OCCRRNC_DE = CONVERT(VARCHAR(8), GETDATE(), 112)
				  ORDER BY OCCRRNC_TIME DESC)
			AND OCCRRNC_TIME >= IBMB.RLTM_BEGIN_TIME AND OCCRRNC_TIME <![CDATA[<]]> IBMB.RLTM_END_TIME
		)
		SELECT
			    METAL_CODE
			  , MAX(OCCRRNC_YY_MT) AS OCCRRNC_YY_MT
			  , CONVERT(DATETIME, OCCRRNC_YY_MT+'01') CHART_LME_TIME
			  , MAX(OCCRRNC_DE) + MAX(OCCRRNC_TIME) + '000000' AS LME_PC_YY_MT_SN
		      , MAX(CASE WHEN pspmb.RN = 1 THEN BEGIN_PC END) AS BEGIN_PC
		      , MAX(CASE WHEN pspmb.RN = 1 THEN END_PC END) AS END_PC
		      , MAX(TOP_PC) AS TOP_PC
		      , MIN(LWET_PC) AS LWET_PC
		      , 0 AS VERSUS_PC
		      , 0 AS VERSUS_RATE
		      , 0 AS DELNG_QY 
		FROM (
		    SELECT
		    		METAL_CODE, 
		        	FIRST_VALUE(BEGIN_PC) OVER(ORDER BY OCCRRNC_DE ASC) AS BEGIN_PC
		          , LAST_VALUE(END_PC) OVER(ORDER BY OCCRRNC_DE DESC) AS END_PC
		          , ROW_NUMBER() OVER(ORDER BY OCCRRNC_DE DESC) AS RN
		          , FIRST_VALUE(TOP_PC) OVER(ORDER BY TOP_PC DESC) AS TOP_PC
		          , FIRST_VALUE(LWET_PC) OVER(ORDER BY LWET_PC ASC) AS LWET_PC
		          , OCCRRNC_YY_MT
		          , OCCRRNC_DE
		          , LAST_VALUE(OCCRRNC_TIME) OVER(ORDER BY OCCRRNC_DE DESC) AS OCCRRNC_TIME
		    FROM BASE_TABLE
		    WHERE LWET_PC <![CDATA[>]]> 0
		) AS pspmb
		WHERE RN = 1
		GROUP BY METAL_CODE, OCCRRNC_YY_MT, OCCRRNC_DE
		UNION
		SELECT * FROM
		(
			SELECT
			       TOP(1000)
			       PLPYMB.METAL_CODE                                                                             /* 금속 코드                     */
			     , PLPYMB.OCCRRNC_YY_MT                                                                             /* 발생 년월                     */
			     , CONVERT(DATETIME, PLPYMB.OCCRRNC_YY_MT+'01') CHART_LME_TIME 								     /* 차트 기준시간                 */
			     , PLPYMB.LME_PC_YY_MT_SN                                                                        /* 판매 가격 년 월 순번          */
			     , PLPYMB.BEGIN_PC                                                                               /* 시작 가격                     */
			     , PLPYMB.END_PC                                                                                 /* 종료 가격                     */
			     , PLPYMB.TOP_PC                                                                                 /* 최고 가격                     */
			     , PLPYMB.LWET_PC                                                                                /* 최저 가격                     */
			     , PLPYMB.VERSUS_PC                                                                              /* 대비 가격                     */
			     , PLPYMB.VERSUS_RATE                                                                            /* 대비 비율                     */
			     , PLPYMB.DELNG_QY                                                                               /* 거래 수량                     */
			  <choose>
			  <when test='mdat != null and mdat == "Y"'>
			  FROM dbo.PR_LME_MDAT_PC_YY_MT_BAS AS PLPYMB                                                        /* 가격_판매 조정 가격 년 월 기본*/
			  </when>
			  <otherwise>
			  FROM dbo.PR_LME_PC_YY_MT_BAS AS PLPYMB                                                             /* 가격_판매 가격 년 월 기본     */
			  </otherwise>
			  </choose>
			 WHERE 1=1
			  	AND PLPYMB.METAL_CODE                                 = #{metalCode}                               /* 금속 코드                     */
			    AND OCCRRNC_YY_MT  <![CDATA[<]]>  ISNULL((SELECT TOP(1) OCCRRNC_YY_MT FROM BASE_TABLE
					ORDER BY OCCRRNC_YY_MT DESC), LEFT(CONVERT(VARCHAR, GETDATE(),112),6))
				AND PLPYMB.LME_PC_YY_MT_SN                   <![CDATA[<=]]>  FORMAT(DATEADD(second, 1, GETDATE()), 'yyyyMMddHHmmssffffff')
			  ORDER BY METAL_CODE, OCCRRNC_YY_MT DESC
		  ) A
		  ORDER BY METAL_CODE, OCCRRNC_YY_MT DESC, LME_PC_YY_MT_SN DESC
	</select>

</mapper>