<?xml version="1.0" encoding="UTF-8"?>
<!DOCTYPE mapper PUBLIC "-//mybatis.org//DTD Mapper 3.0//EN" "http://mybatis.org/dtd/mybatis-3-mapper.dtd">

<mapper namespace="com.sorincorp.comm.dynmDiver.mapper.DynmDiverMapper">

    <select id="selectPremiumDiverInfo" resultType="com.sorincorp.comm.dynmDiver.model.DynmDiverCommVO">
        /* com.sorincorp.comm.dynmDiver.mapper.DiverMapper.selectPremiumDiverInfo */
        SET TRANSACTION ISOLATION LEVEL READ UNCOMMITTED
        SELECT
            ISNULL(DIVER_AT,'N') AS DIVER_AT
            , ISNULL(DIVER_MOTN_TON,0) AS DIVER_MOTN_TON
            , ISNULL(DIVER_MOTN_TIME_SCOPE,0) AS DIVER_MOTN_TIME_SCOPE
            , ISNULL(DIVER_MOTN_KRW_SCOPE,0) AS DIVER_MOTN_KRW_SCOPE
            , ISNULL(SPEX,0) AS SPEX
            , ISNULL(DIVER_MDAT_VAL,0) AS DIVER_MDAT_VAL
        FROM IT_PREMIUM_DIVER_INFO_BAS IPDIB
        --WHERE ISNULL(DIVER_AT,'N') ='Y'
    </select>

    <select id="selectDiverLimitOrderList" parameterType="com.sorincorp.comm.dynmDiver.model.DynmDiverCommVO" resultType="com.sorincorp.comm.dynmDiver.model.DynmDiverCommVO">
        /* com.sorincorp.comm.dynmDiver.mapper.DiverMapper.selectDiverLimitOrderList */
        SET TRANSACTION ISOLATION LEVEL READ UNCOMMITTED
        SELECT
            ISNULL(SUM(T.LIMIT_ORDER_WT),0) AS LIMIT_ORDER_WT_SUM
            , ISNULL(MIN(T.LIMIT_ORDER_MIN_PC),0) AS LIMIT_ORDER_MIN_PC
        FROM (
             SELECT
                 --ROW_NUMBER() OVER (ORDER BY ISNULL(LIMIT_PREMIUM_EXCL_AMOUNT, 0) + ISNULL(LIMIT_PREMIUM_STDR_AMOUNT, 0) ASC) AS RN
                 ISNULL(LIMIT_ORDER_WT,0) AS LIMIT_ORDER_WT
                 , ISNULL(LIMIT_PREMIUM_EXCL_AMOUNT, 0) + ISNULL(LIMIT_PREMIUM_STDR_AMOUNT, 0) AS LIMIT_ORDER_MIN_PC
             FROM OR_LIMIT_ORDER_BAS OLOB
             WHERE 1=1
               AND LIMIT_ORDER_STTUS_CODE ='10'													/* 미체결					*/
               AND CONVERT(DATE, GETDATE()) <![CDATA[<=]]> CONVERT(DATE, LIMIT_ORDER_VALID_DE)  /* 지정가 주문 유효 일자		*/
               AND LIMIT_ORDER_TM IS NOT NULL
               AND LIMIT_INPUT_AMOUNT IS NOT NULL
               AND DELETE_AT = 'N'
               AND ISNULL(IMAGINARY_ORDER_AT, 'N') = 'N'   										 /* 허수 주문 여부 			*/
               AND ISNULL(LIMIT_PREMIUM_EXCL_AMOUNT,0) + ISNULL(LIMIT_PREMIUM_STDR_AMOUNT,0) >= #{goalPc}
             )T
        WHERE 1=1
          --AND T.RN = 1
    </select>

    <select id="selectNowPc" resultType="java.lang.Long">
    /* com.sorincorp.comm.dynmDiver.mapper.DiverMapper.selectNowPc */
   		SET TRANSACTION ISOLATION LEVEL READ UNCOMMITTED
        SELECT TOP 1
            ISNULL(PSPRB.END_PC,0)   +  ISNULL(PRMIF.SLE_PREMIUM_AMOUNT,0)     AS END_PC                                      /* 종료 가격                     */
        FROM dbo.PR_SEL_PC_RLTM_BAS AS PSPRB                                                               /* 가격_판매 가격 실시간 기본    */
        INNER JOIN dbo.fn_PremiumInfoList(
            FORMAT(GETDATE(),'yyyyMMddHHmmss')
            , FORMAT(GETDATE(),'yyyyMMddHHmmss')
            , '01'
            , '7'
            , '434'
            , '20'
            , '02'
            , '0000000000'
        ) AS PRMIF         /* 프리미엄 목록 정보                 */
            ON PRMIF.METAL_CODE                                  = PSPRB.METAL_CODE                           /* 금속 코드                     */
            AND PSPRB.METAL_CODE                                 = '7'                               /* METAL_CODE                    */
            AND PSPRB.ITM_SN                                     = 0                                          /* ITM_SN                        */
            AND PSPRB.DSTRCT_LCLSF_CODE                          = '00'                                       /* DSTRCT_LCLSF_CODE             */
            AND PSPRB.BRAND_GROUP_CODE                           = '00'                                       /* BRAND_GROUP_CODE              */
            AND PSPRB.BRAND_CODE                                 = '0000000000'                               /* BRAND_CODE                    */
        WHERE 1=1
            AND PSPRB.OCCRRNC_DE                                 = FORMAT(GETDATE(),'yyyyMMdd')                               /* OCCRRNC_DE                    */
            AND PSPRB.SLE_PC_RLTM_SN				   				<![CDATA[<=]]>  FORMAT(GETDATE(),'yyyyMMdd') + '235959999999'
            AND PSPRB.OCCRRNC_TIME                                 <![CDATA[<=]]> FORMAT(GETDATE(),'HHmmss')                           /* OCCRRNC_TIME                  */
            AND PSPRB.OCCRRNC_TIME                                 <![CDATA[>=]]> FORMAT(DATEADD(SECOND, -65, GETDATE()),'HHmmss')                            /* OCCRRNC_TIME                  */
            AND (PSPRB.OCCRRNC_DE + PSPRB.OCCRRNC_TIME) BETWEEN PRMIF.VALID_BEGIN_DT AND PRMIF.VALID_END_DT
        ORDER BY PSPRB.SLE_PC_RLTM_SN DESC
        OPTION(FORCE ORDER)
    </select>

    <select id="getSelectedPremium" resultType="com.sorincorp.comm.dynmDiver.model.DynmDiverPremiumStdrVO">
        /* com.sorincorp.comm.dynmDiver.mapper.DiverMapper.getSelectedPremium */
        SET TRANSACTION ISOLATION LEVEL READ UNCOMMITTED
        SELECT DISTINCT
            PREMIUM_ID
                      --, METAL_CODE
                      --, ITM_SN
                      , PREMIUM_STDR_AMOUNT
        FROM dbo.fn_PremiumInfoList(FORMAT(GETDATE(), 'yyyyMMddHHmmss'), FORMAT(GETDATE(), 'yyyyMMddHHmmss'), '01', '7', '434', NULL, NULL, NULL) AS PINF
    </select>

    <select id="selectSpex" resultType="com.sorincorp.comm.dynmDiver.model.DynmDiverCommVO">
        /* com.sorincorp.comm.diver.mapper.DiverMapper.selectSpex */
        SET TRANSACTION ISOLATION LEVEL READ UNCOMMITTED
        SELECT
            ISNULL(SPEX,0) AS SPEX
        FROM dbo.IT_PREMIUM_DIVER_INFO_BAS
    </select>

    <insert id="insertSelectDiverPremiumStrd" parameterType="com.sorincorp.comm.dynmDiver.model.DynmDiverPremiumStdrVO" >
        /* com.sorincorp.comm.dynmDiver.mapper.DiverMapper.insertSelectDiverPremiumStrd */
        INSERT INTO IT_PREMIUM_STDR_BAS
        (
            PREMIUM_ID
            ,METAL_CODE
            ,ITM_SN
            ,VALID_BEGIN_DT
            ,VALID_END_DT
            ,SLE_MTHD_CODE
            ,STDR_EHGT_PC
            ,PREMIUM_STDR_AMOUNT
            ,HGHNETPRC_AVRG_PURCHS_PRMPC
            ,DELETE_DT
            ,DELETE_AT
            ,FRST_REGISTER_ID
            ,FRST_REGIST_DT
            ,LAST_CHANGER_ID
            ,LAST_CHANGE_DT
        )
        SELECT
            #{premiumId}
            ,METAL_CODE
            ,ITM_SN
            ,DBO.FN_TO_CHAR(DATEADD(SECOND, -1, GETDATE()), 'yyyyMMddHHmmss')
            ,VALID_END_DT
            ,SLE_MTHD_CODE
            ,#{stdrEhgtPc}
            ,#{premiumStdrAmount}
            ,HGHNETPRC_AVRG_PURCHS_PRMPC
            ,DELETE_DT
            ,DELETE_AT
            ,#{frstRegisterId}
            ,GETDATE()
            ,#{frstRegisterId}
            ,GETDATE()
        FROM IT_PREMIUM_STDR_BAS
        WHERE PREMIUM_ID = #{nowPremiumId}
    </insert>

    <insert id="insertSelectDiverPremiumDstrct" parameterType="com.sorincorp.comm.dynmDiver.model.DynmDiverPremiumStdrVO" >
        /* com.sorincorp.comm.dynmDiver.mapper.DiverMapper.insertSelectPremiumDstrctBas */
        INSERT INTO IT_PREMIUM_DSTRCT_BAS
        (
            PREMIUM_ID
            ,DSTRCT_LCLSF_CODE
            ,DSTRCT_CHANGE_AMOUNT
            ,HGHNETPRC_DSTRCT_CHANGE_AMOUNT
            ,DELETE_DT
            ,DELETE_AT
            ,FRST_REGISTER_ID
            ,FRST_REGIST_DT
            ,LAST_CHANGER_ID
            ,LAST_CHANGE_DT
        )
        SELECT
            #{premiumId}
             ,DSTRCT_LCLSF_CODE
             ,DSTRCT_CHANGE_AMOUNT
             ,HGHNETPRC_DSTRCT_CHANGE_AMOUNT
             ,DELETE_DT
             ,DELETE_AT
             ,#{frstRegisterId}
             ,GETDATE()
             ,#{frstRegisterId}
             ,GETDATE()
        FROM IT_PREMIUM_DSTRCT_BAS
        WHERE PREMIUM_ID = #{nowPremiumId}
    </insert>

    <insert id="insertSelectDiverPremiumBrandGroup" parameterType="com.sorincorp.comm.dynmDiver.model.DynmDiverPremiumStdrVO" >
        /* com.sorincorp.comm.dynmDiver.mapper.DiverMapper.insertSelectDiverPremiumBrandGroup */
        INSERT INTO IT_PREMIUM_BRAND_GROUP_BAS
        (
            PREMIUM_ID
            ,DSTRCT_LCLSF_CODE
            ,BRAND_GROUP_CODE
            ,BRAND_GROUP_CHANGE_AMOUNT
            ,HGHNETPRC_BRAND_GROUP_CHANGE_AMOUNT
            ,DELETE_DT
            ,DELETE_AT
            ,FRST_REGISTER_ID
            ,FRST_REGIST_DT
            ,LAST_CHANGER_ID
            ,LAST_CHANGE_DT
        )
        SELECT
            #{premiumId}
             ,DSTRCT_LCLSF_CODE
             ,BRAND_GROUP_CODE
             ,BRAND_GROUP_CHANGE_AMOUNT
             ,HGHNETPRC_BRAND_GROUP_CHANGE_AMOUNT
             ,DELETE_DT
             ,DELETE_AT
             ,#{frstRegisterId}
             ,GETDATE()
             ,#{frstRegisterId}
             ,GETDATE()
        FROM IT_PREMIUM_BRAND_GROUP_BAS
        WHERE PREMIUM_ID = #{nowPremiumId}
    </insert>

    <select id="getSelectedDiverPremiumBrand" parameterType="com.sorincorp.comm.dynmDiver.model.DynmDiverPremiumStdrVO" resultType="com.sorincorp.comm.dynmDiver.model.DynmDiverPremiumBrandVO">
        SET TRANSACTION ISOLATION LEVEL READ UNCOMMITTED
        /* com.sorincorp.comm.dynmDiver.mapper.DiverMapper.getSelectedDiverPremiumBrand */
        SELECT
            PREMIUM_NO
             ,PREMIUM_ID
             ,SLE_PREMIUM_AMOUNT
        FROM IT_PREMIUM_BRAND_BAS
        WHERE 1=1
          AND PREMIUM_ID = #{nowPremiumId}
    </select>

    <insert id="insertSelectDiverPremiumBrand" parameterType="com.sorincorp.comm.dynmDiver.model.DynmDiverPremiumStdrVO" >
        /* com.sorincorp.comm.dynmDiver.mapper.DiverMapper.insertSelectDiverPremiumBrand */
        INSERT INTO IT_PREMIUM_BRAND_BAS
        (
            PREMIUM_NO
            ,PREMIUM_ID
            ,DSTRCT_LCLSF_CODE
            ,BRAND_GROUP_CODE
            ,BRAND_CODE
            ,BRAND_CHANGE_AMOUNT
            ,HGHNETPRC_BRAND_CHANGE_AMOUNT
            ,SLE_PREMIUM_AMOUNT
            ,HGHNETPRC_SLE_AMOUNT
            ,DELETE_DT
            ,DELETE_AT
            ,FRST_REGISTER_ID
            ,FRST_REGIST_DT
            ,LAST_CHANGER_ID
            ,LAST_CHANGE_DT
        )
        SELECT
            #{premiumNo}
             ,#{premiumId}
             ,DSTRCT_LCLSF_CODE
             ,BRAND_GROUP_CODE
             ,BRAND_CODE
             ,BRAND_CHANGE_AMOUNT
             ,HGHNETPRC_BRAND_CHANGE_AMOUNT
             ,#{dfnntPremiumStdrAmount}
             ,HGHNETPRC_SLE_AMOUNT
             ,DELETE_DT
             ,DELETE_AT
             ,#{frstRegisterId}
             ,GETDATE()
             ,#{frstRegisterId}
             ,GETDATE()
        FROM IT_PREMIUM_BRAND_BAS
        WHERE PREMIUM_ID = #{nowPremiumId}
          AND PREMIUM_NO = #{nowPremiumNo}
    </insert>

    <update id="updateEndDtDiverPremiumStrd" parameterType="com.sorincorp.comm.dynmDiver.model.DynmDiverPremiumStdrVO">
        /* com.sorincorp.comm.dynmDiver.mapper.DiverMapper.updateEndDtPremiumStrdBas */
        UPDATE IT_PREMIUM_STDR_BAS
        	SET VALID_END_DT = (SELECT DBO.FN_TO_CHAR(DATEADD(SECOND, -1, CAST(STUFF(STUFF(STUFF(VALID_BEGIN_DT, 9, 0, ' '), 12, 0, ':'), 15, 0, ':') AS DATETIME)), 'yyyyMMddHHmmss')  FROM IT_PREMIUM_STDR_BAS WHERE PREMIUM_ID = #{premiumId})
        WHERE PREMIUM_ID = #{nowPremiumId}
    </update>

</mapper>