<?xml version="1.0" encoding="UTF-8"?>
<configuration scan="true" scanPeriod="60 seconds">

	<!-- pattern  -->
	<property name="LOG_PATTERN" value="%-5level[%d{yy-MM-dd HH:mm:ss.SSS}] [%thread] [%logger:%line] - %msg%n"/> 
	
	<property name="LOG_PATH" value="./logs" />
	
	<springProfile name="local">
		<property name="ROOT_LEVEL" value="DEBUG" />
	</springProfile>
	
	<springProfile name="dev">
		<property name="ROOT_LEVEL" value="INFO" />
	</springProfile>
	
	<springProfile name="prd">
		<property name="ROOT_LEVEL" value="INFO" />
	</springProfile>
	
	<property name="LOG_FILE_NAME" value="testDailylog"/>
	
	<!-- Console Appender  -->
	<appender name="CONSOLE" class="ch.qos.logback.core.ConsoleAppender">
		<encoder class="ch.qos.logback.classic.encoder.PatternLayoutEncoder"> 
			<pattern>${LOG_PATTERN}</pattern> 
		</encoder> 
	</appender> 
	
	<appender name="LOG_FILE" class="ch.qos.logback.core.rolling.RollingFileAppender">
		<rollingPolicy class="ch.qos.logback.core.rolling.TimeBasedRollingPolicy">
            <fileNamePattern>${LOG_PATH}/${LOG_FILE_NAME}/%d{yyyy-MM-dd}.%i.log</fileNamePattern>
            <timeBasedFileNamingAndTriggeringPolicy class="ch.qos.logback.core.rolling.SizeAndTimeBasedFNATP">
                <maxFileSize>10MB</maxFileSize>
            </timeBasedFileNamingAndTriggeringPolicy>
        </rollingPolicy>
        
		<encoder>
			<charset>UTF-8</charset>
			<pattern>${LOG_PATTERN}</pattern>
		</encoder>
	</appender>
	
	<!-- root레벨 설정  -->
	<root level="DEBUG">
		<springProfile name="local">
			<appender-ref ref="CONSOLE" />
		</springProfile>
		
		<springProfile name="dev">
			<appender-ref ref="LOG_FILE"/> 
		</springProfile>		
		
		<springProfile name="prd">
			<appender-ref ref="LOG_FILE"/> 
		</springProfile>
	</root> 
	  
</configuration>
