<?xml version="1.0" encoding="UTF-8"?>
<!DOCTYPE mapper PUBLIC "-//mybatis.org//DTD Mapper 3.0//EN" "http://mybatis.org/dtd/mybatis-3-mapper.dtd">

<mapper namespace="com.sorincorp.api.samsung.ft.mapper.FtrsMapper">

	<select id="selectTestOrOrderFtrsBasList" parameterType="com.sorincorp.api.samsung.ft.model.OrOrderFtrsBasVo" resultMap="OrOrderFtrsBasList">
		/******  SQL_ID: FtrsMapper.selectTestOrOrderFtrsBasList       ******/
		SET TRANSACTION ISOLATION LEVEL READ UNCOMMITTED
		SELECT
		       OOFB.FTRS_REQUST_ORDER_NO                                    /* 선물 요청 주문 번호           */
		     , OOFB.ORDER_NO                                                /* 주문 번호                     */
		     , OOFB.ORDER_SN                                                /* 주문 순번                     */
		     , OOFB.REQUST_FTRS_ORDER_TY_CODE                       	    /* 요청 선물 주문 타입 코드      */
		     , OOFB.REQUST_ACNUT_NO                                         /* 요청 계좌 번호                */
		     , OOFB.REQUST_ORDER_QY                                         /* 요청 주문 수량                */
		     , OOFB.REQUST_CANCL_FTRS_ORDER_NO                              /* 취소 요청 선물 주문번호         */
		     , OOFB.REQUST_WON_ORDER_NO                                   	/* 요청 원 주문 번호             */
		     , OOFB.REQUST_ORDER_UNTPC                                     	/* 요청 주문 단가                */
		     , OOFB.REQUST_POSTN                                            /* 요청 포지션                   */
		     , OOFB.REQUST_FTRS_ITEM_CODE                               	/* 요청 선물 종목 코드           */
			 , OOFB.REQUST_LQD_ORDER_AT                                     /* 요청 청산 주문 여부           */
		     , OOFB.REQUST_LQD_POSTN_NO                                     /* 요청 청산 포지션 번호         */
		     , OOFB.RSPNS_FTRS_ORDER_NO                                   	/* 응답 선물 주문 번호           */
		     , OOFB.RSPNS_FTRS_STTUS_CODE                               	/* 응답 선물 상태 코드           */
		     , OOFB.RSPNS_FTRS_CNCLS_QY                                   	/* 응답 선물 체결 수량           */
		     , OOFB.REQUST_FTRS_CMPNY_SE_CODE							    /* 요청 선물사 구분 코드(TCODE) */
		     , OOFB.REQUST_FTRS_CMPNY_TRGET_CODE							/* 요청 선물사 대상 코드 */
		  FROM OR_ORDER_FTRS_BAS AS OOFB                                    /* 주문_주문 선물 기본           */
		 WHERE 1=1
		 	AND OOFB.RSPNS_FTRS_STTUS_CODE = #{rspnsFtrsSttusCode}          /* 요청 선물 주문 타입 코드      */
			<if test="orderNo != null and orderNo != ''">
				AND OOFB.ORDER_NO = #{orderNo}
			</if>
			<if test="canclExchngRtngudNo != null and canclExchngRtngudNo != ''">
				AND OOFB.CANCL_EXCHNG_RTNGUD_NO = #{canclExchngRtngudNo}
			</if>
			<if test="requstFtrsOrderTyCode != null and requstFtrsOrderTyCode != ''">  <!--  구분 여부 -->
				AND OOFB.REQUST_FTRS_ORDER_TY_CODE = #{requstFtrsOrderTyCode}
			</if>
	</select>

	<insert id="insertTestDataFtrsNewOrder" parameterType="com.sorincorp.api.samsung.ft.model.OrOrderFtrsBasVo">
		/******  SQL_ID: FtrsMapper.insertTestDataFtrsNewOrder                 ******/
		INSERT INTO OR_ORDER_FTRS_BAS                                          /* 주문_주문 선물 기본           */
		     (
		       FTRS_REQUST_ORDER_NO                                             /* 선물 요청 주문 번호           */
		     , ORDER_NO                                                         /* 주문 번호                     */
		     , ORDER_SN                                                         /* 주문 순번                     */
		     , CANCL_EXCHNG_RTNGUD_NO                                           /* 취소 교환 반품 번호           */
		     , CANCL_EXCHNG_RTNGUD_SN                                           /* 취소 교환 반품 순번           */
		     , REQUST_FTRS_ORDER_TY_CODE                                        /* 요청 선물 주문 타입 코드      */
		     , REQUST_ACNUT_NO                                                  /* 요청 계좌 번호                */
		     , REQUST_ORDER_QY                                                  /* 요청 주문 수량                */
		     , REQUST_WON_ORDER_NO                                              /* 요청 원 주문 번호             */
		     , REQUST_ORDER_UNTPC                                               /* 요청 주문 단가                */
		     , REQUST_POSTN                                                     /* 요청 포지션                   */
		     , REQUST_FTRS_ITEM_CODE                                            /* 요청 선물 종목 코드           */
		     , REQUST_LQD_ORDER_AT                                              /* 요청 청산 주문 여부           */
		     , REQUST_LQD_POSTN_NO                                              /* 요청 청산 포지션 번호         */
		     , RSPNS_FTRS_ORDER_NO                                              /* 응답 선물 주문 번호           */
		     , RSPNS_FTRS_STTUS_CODE                                            /* 응답 선물 상태 코드           */
		     , RSPNS_FTRS_CNCLS_QY                                              /* 응답 선물 체결 수량           */
		     , DELETE_AT                                                        /* 삭제 여부                     */
		     , DELETE_DT                                                        /* 삭제 일시                     */
		     , FRST_REGISTER_ID                                                 /* 최초 등록자 아이디            */
		     , FRST_REGIST_DT                                                   /* 최초 등록 일시                */
		     , LAST_CHANGER_ID                                                  /* 최종 변경자 아이디            */
		     , LAST_CHANGE_DT                                                   /* 최종 변경 일시                */
		     , REQUST_CANCL_FTRS_ORDER_NO                                       /* 취소 선물 주문 번호 */
		     , FRST_FTRS_REQUST_ORDER_NO										/* 최초 선물 요청 주문 번호 */
		     , REQUST_FTRS_CMPNY_SE_CODE   	 								    /* 요청 선물사 구분 코드(TCODE) */
		     , REQUST_FTRS_CMPNY_TRGET_CODE										/* 요청 선물사 대상 코드 */
		     )
		VALUES
		     (
		       #{ftrsRequstOrderNo}                                             /* 선물 요청 주문 번호           */
		     , #{orderNo}                                                       /* 주문 번호                     */
		     , #{orderSn}                                                       /* 주문 순번                     */
		     , #{canclExchngRtngudNo}                                           /* 취소 교환 반품 번호           */
		     , #{canclExchngRtngudSn}                                           /* 취소 교환 반품 순번           */
		     , #{requstFtrsOrderTyCode}                                         /* 요청 선물 주문 타입 코드      */
		     , #{requstAcnutNo}                                                 /* 요청 계좌 번호                */
		     , #{requstOrderQy}                                                 /* 요청 주문 수량                */
		     , #{requstWonOrderNo}                                              /* 요청 원 주문 번호             */
		     , #{requstOrderUntpc}                                              /* 요청 주문 단가                */
		     , #{requstPostn}                                                   /* 요청 포지션                   */
		     , #{requstFtrsItemCode}                                            /* 요청 선물 종목 코드           */
		     , #{requstLqdOrderAt}												/* 요청 청산 주문 여부           */
		     , #{requstLqdPostnNo}                                              /* 요청 청산 포지션 번호          */
		     , #{rspnsFtrsOrderNo}                                              /* 응답 선물 주문 번호           */
		     , #{rspnsFtrsSttusCode}                                            /* 응답 선물 상태 코드           */
		     , #{rspnsFtrsCnclsQy}                                              /* 응답 선물 체결 수량           */
		     , 'N'                                                              /* 삭제 여부                     */
		     , #{deleteDt}                                                      /* 삭제 일시                     */
		     , 'system'                                                         /* 최초 등록자 아이디            */
		     , getdate()                                                        /* 최초 등록 일시                */
		     , 'system'                                                         /* 최종 변경자 아이디            */
		     , getdate()                                                        /* 최종 변경 일시                */
		     , #{requstCanclFtrsOrderNo}                                        /* 취소 선물 주문 번호 */
		     , #{frstFtrsRequstOrderNo}											/* 최초 선물 요청 주문 번호 */
		     , #{ftrsprofsSeCode}												/* 요청 선물사 구분 코드(TCODE) */
			 , #{ftrsCmpnyTrgetCode}											/* 요청 선물사 대상 코드 */
		     )
	</insert>

	<resultMap type="com.sorincorp.api.samsung.ft.model.OrOrderFtrsBasVo" id="OrOrderFtrsBasList">
		<result column="FTRS_REQUST_ORDER_NO" 		jdbcType="VARCHAR" property="ftrsRequstOrderNo"/>
		<result column="ORDER_NO" 					jdbcType="VARCHAR" property="orderNo"/>
		<result column="ORDER_SN" 					jdbcType="VARCHAR" property="orderSn"/>
		<result column="CANCL_EXCHNG_RTNGUD_NO" 	jdbcType="VARCHAR" property="canclExchngRtngudNo"/>
		<result column="CANCL_EXCHNG_RTNGUD_SN" 	jdbcType="VARCHAR" property="canclExchngRtngudSn"/>

		<result column="REQUST_FTRS_ORDER_TY_CODE"  jdbcType="VARCHAR" property="requstFtrsOrderTyCode"/>
		<result column="REQUST_ACNUT_NO" 			jdbcType="VARCHAR" property="requstAcnutNo"/>
		<result column="REQUST_ORDER_QY" 			jdbcType="VARCHAR" property="requstOrderQy"/>
		<result column="REQUST_CANCL_FTRS_ORDER_NO" jdbcType="VARCHAR" property="requstCanclFtrsOrderNo"/>
		<result column="REQUST_WON_ORDER_NO" 		jdbcType="VARCHAR" property="requstWonOrderNo"/>
		<result column="REQUST_ORDER_UNTPC" 		jdbcType="VARCHAR" property="requstOrderUntpc"/>
		<result column="REQUST_POSTN" 				jdbcType="VARCHAR" property="requstPostn"/>
		<result column="REQUST_FTRS_ITEM_CODE" 		jdbcType="VARCHAR" property="requstFtrsItemCode"/>
		<result column="REQUST_LQD_ORDER_AT" 		jdbcType="VARCHAR" property="requstLqdOrderAt"/>
		<result column="REQUST_LQD_POSTN_NO" 		jdbcType="VARCHAR" property="requstLqdPostnNo"/>

		<result column="RSPNS_FTRS_ORDER_NO" 		jdbcType="VARCHAR" property="rspnsFtrsOrderNo"/>
		<result column="RSPNS_FTRS_STTUS_CODE" 		jdbcType="VARCHAR" property="rspnsFtrsSttusCode"/>
		<result column="RSPNS_FTRS_CNCLS_QY" 		jdbcType="VARCHAR" property="rspnsFtrsCnclsQy"/>

		<result column="FRST_FTRS_REQUST_ORDER_NO" 		jdbcType="VARCHAR" property="frstFtrsRequstOrderNo"/>
    </resultMap>

	<select id="selectOrderFtrsList" parameterType="com.sorincorp.api.samsung.ft.model.OrOrderFtrsBasVo" resultMap="OrOrderFtrsBasList">
		/******  SQL_ID: FtrsMapper.selectOrderFtrsList           ******/
		SET TRANSACTION ISOLATION LEVEL READ UNCOMMITTED
		SELECT
		       OOFB.FTRS_REQUST_ORDER_NO                         /* 선물 요청 주문 번호           */
		     , OOFB.ORDER_NO                                     /* 주문 번호                     */
		     , OOFB.ORDER_SN                                     /* 주문 순번                     */
		     , OOFB.REQUST_FTRS_ORDER_TY_CODE                    /* 요청 선물 주문 타입 코드      */
		     , OOFB.REQUST_ACNUT_NO                              /* 요청 계좌 번호                */
		     , OOFB.REQUST_ORDER_QY                              /* 요청 주문 수량                */
		     , OOFB.REQUST_CANCL_FTRS_ORDER_NO                   /* 취소 요청 선물 주문번호         */
		     , OOFB.REQUST_WON_ORDER_NO                          /* 요청 원 주문 번호             */
		     , OOFB.REQUST_ORDER_UNTPC                           /* 요청 주문 단가                */
		     , OOFB.REQUST_POSTN                                /* 요청 포지션                   */
		     , OOFB.REQUST_FTRS_ITEM_CODE                       /* 요청 선물 종목 코드           */
			 , OOFB.REQUST_LQD_ORDER_AT                         /* 요청 청산 주문 여부           */
		     , OOFB.REQUST_LQD_POSTN_NO                         /* 요청 청산 포지션 번호         */
		     , OOFB.RSPNS_FTRS_ORDER_NO                         /* 응답 선물 주문 번호           */
		     , OOFB.RSPNS_FTRS_STTUS_CODE                       /* 응답 선물 상태 코드           */
		     , OOFB.RSPNS_FTRS_CNCLS_QY                         /* 응답 선물 체결 수량           */
		     , OOFB.FRST_FTRS_REQUST_ORDER_NO					/* 최초 선물 요청 주문 번호		*/
		     , OOFB.REQUST_FTRS_CMPNY_SE_CODE					/* 요청 선물사 구분 코드			*/
		     , ISNULL(OOFB.REQUST_FTRS_CMPNY_TRGET_CODE, 'SSF') AS REQUST_FTRS_CMPNY_TRGET_CODE				/* 요청 선물사 대상 코드			*/
		  FROM OR_ORDER_FTRS_BAS AS OOFB                        /* 주문_주문 선물 기본           */
		 WHERE 1=1
		   AND OOFB.ORDER_NO                                    = #{orderNo}                 /* ORDER_NO                 */
		   AND OOFB.REQUST_FTRS_ORDER_TY_CODE                   = #{requstFtrsOrderTyCode}   /* 요청 선물 주문 타입 코드      */
		   <if test='ftrsRequstOrderNo != null and ftrsRequstOrderNo != "" '>
		   		AND OOFB.FTRS_REQUST_ORDER_NO = #{ftrsRequstOrderNo}
		   </if>
		   AND OOFB.RSPNS_FTRS_STTUS_CODE IS NULL
		   AND OOFB.DELETE_AT = 'N'
	</select>

	<select id="selectClaimFtrsList" parameterType="com.sorincorp.api.samsung.ft.model.OrOrderFtrsBasVo" resultMap="OrOrderFtrsBasList">
		/******  SQL_ID: FtrsMapper.selectClaimFtrsList      ******/
		SET TRANSACTION ISOLATION LEVEL READ UNCOMMITTED
		SELECT
		       OOFB.FTRS_REQUST_ORDER_NO                                /* 선물 요청 주문 번호           */
		     , OOFB.CANCL_EXCHNG_RTNGUD_NO                        	 /* 취소 교환 반품 번호           */
		     , OOFB.CANCL_EXCHNG_RTNGUD_SN                        	 /* 취소 교환 반품 순번           */
		     , OOFB.REQUST_FTRS_ORDER_TY_CODE                     	 /* 요청 선물 주문 타입 코드      */
		     , OOFB.REQUST_ACNUT_NO                               	 /* 요청 계좌 번호                */
		     , OOFB.REQUST_ORDER_QY                               	 /* 요청 주문 수량                */
		     , OOFB.REQUST_CANCL_FTRS_ORDER_NO                          /* 취소 요청 선물 주문번호         */
		     , OOFB.REQUST_WON_ORDER_NO                           	 /* 요청 원 주문 번호             */
		     , OOFB.REQUST_ORDER_UNTPC                            	 /* 요청 주문 단가                */
		     , OOFB.REQUST_POSTN                                  	/* 요청 포지션                   */
		     , OOFB.REQUST_FTRS_ITEM_CODE                         	/* 요청 선물 종목 코드           */
			 , OOFB.REQUST_LQD_ORDER_AT                                /* 요청 청산 주문 여부           */
		     , OOFB.REQUST_LQD_POSTN_NO                                /* 요청 청산 포지션 번호         */
		     , OOFB.RSPNS_FTRS_ORDER_NO                           	/* 응답 선물 주문 번호           */
		     , OOFB.RSPNS_FTRS_STTUS_CODE                         	/* 응답 선물 상태 코드           */
		     , OOFB.RSPNS_FTRS_CNCLS_QY                           	/* 응답 선물 체결 수량           */
			 , OOFB.REQUST_FTRS_CMPNY_SE_CODE					    /* 요청 선물사 구분 코드			*/
		     , ISNULL(OOFB.REQUST_FTRS_CMPNY_TRGET_CODE, 'SSF') AS REQUST_FTRS_CMPNY_TRGET_CODE	/* 요청 선물사 대상 코드			*/
		  FROM OR_ORDER_FTRS_BAS AS OOFB                           /* 주문_주문 선물 기본           */
		 WHERE 1=1
		 <if test='canclExchngRtngudNo != null and canclExchngRtngudNo != "" '>
		   AND OOFB.CANCL_EXCHNG_RTNGUD_NO                      = #{canclExchngRtngudNo}       /* 취소/교환/반품 번호             */
		 </if>
		 <if test='ftrsRequstOrderNo != null and ftrsRequstOrderNo != "" '>
		   AND OOFB.FTRS_REQUST_ORDER_NO = #{ftrsRequstOrderNo}
		 </if>
		   AND OOFB.REQUST_FTRS_ORDER_TY_CODE                   = #{requstFtrsOrderTyCode}     /* 요청 선물 주문 타입 코드      */
		   AND OOFB.RSPNS_FTRS_STTUS_CODE IS NULL
		   AND OOFB.DELETE_AT = 'N'
	</select>

	<update id="updateOrderFtrsBasWithRspnsVo" parameterType="com.sorincorp.api.samsung.ft.model.OrOrderFtrsBasVo">
		/******  SQL_ID: FtrsMapper.updateOrderFtrsBasWithRspnsVo                         ******/
		UPDATE OR_ORDER_FTRS_BAS                                                              /* 주문_주문 선물 기본           */
		   SET
		   	     LAST_CHANGER_ID                                  = 'system2'                   /* 최종 변경자 아이디            */
		       , LAST_CHANGE_DT                                   = getdate()                   /* 최종 변경 일시               */

			   <if test='rspnsFtrsOrderNo != null and !rspnsFtrsOrderNo.equals("")'>
		       	, RSPNS_FTRS_ORDER_NO                              = #{rspnsFtrsOrderNo}         /* 응답 선물 주문 번호           */
			   </if>

		       <if test='rspnsFtrsSttusCode != null and !rspnsFtrsSttusCode.equals("10")'>
		     	, RSPNS_FTRS_STTUS_CODE                            = #{rspnsFtrsSttusCode}       /* 응답 선물 상태 코드           */
		     	, RSPNS_FTRS_CNCLS_QY                              = #{rspnsFtrsCnclsQy}         /* 응답 선물 주적 체결 수량       */
		     </if>
		 WHERE FTRS_REQUST_ORDER_NO                             = #{ftrsRequstOrderNo}        /* 선물 요청 주문 번호           */
	</update>

	<update id="updateOrFtrsBasOrgOrderStatus" parameterType="com.sorincorp.api.samsung.ft.model.OrOrderFtrsBasVo">
		/******  SQL_ID: FtrsMapper.updateOrFtrsBasOrgOrderStatus         ******/
		UPDATE OR_ORDER_FTRS_BAS                                                              /* 주문_주문 선물 기본           */
		   SET
		       RSPNS_FTRS_STTUS_CODE                            = #{rspnsFtrsSttusCode}       /* 응답 선물 상태 코드           */
		     , LAST_CHANGER_ID                                  = 'system'                    /* 최종 변경자 아이디            */
		     , LAST_CHANGE_DT                                   = getdate()                   /* 최종 변경 일시               */
		 WHERE FTRS_REQUST_ORDER_NO                             = #{ftrsRequstOrderNo}        /* 선물 요청 주문 번호           */
		 <if test='rspnsFtrsSttusCode != null and rspnsFtrsSttusCode.equals("10")'>
		 	AND RSPNS_FTRS_STTUS_CODE IS NULL
		 </if>
	</update>

	<insert id="insertOrderFtrsDtlWithRspnsVo" parameterType="com.sorincorp.api.samsung.ft.model.FtrsOrderRspnsVo">
			/******  SQL_ID: FtrsMapper.insertOrderFtrsDtlWithRspnsVo          ******/
			INSERT INTO OR_ORDER_FTRS_DTL
		     (
		       FTRS_REQUST_ORDER_NO                                    /* 선물 요청 주문 번호           */
		     , FTRS_REQUST_DETAIL_SN                                   /* 선물 요청 상세 순번           */
		     , AVRG_UNTPC                                              /* 평균 단가                     */
		     , ACCMLT_CNCLS_QY                                         /* 누적 체결 수량                */
		     , EXECUT_ID                                               /* 실행 ID : 삼성선물에서 주는 unique한 번호     */
		     , CNCLS_UNTPC                                             /* 체결 단가                     */
		     , CNCLS_QY                                                /* 체결 수량                     */
		     , RSPNS_FTRS_ORDER_NO                                     /* 응답 선물 주문 번호: 삼성선물에서 주는 주문 번호 */
		     , ORDER_QY                                                /* 주문 수량                     */
		     , ORDER_STTUS                                             /* 주문 상태                     */
		     , ORDER_UNTPC                                             /* 주문 단가                     */
		     , POSTN                                                   /* 포지션                        */
		     , ITEM_CODE                                               /* 종목 코드                     */
		     , REJECT_RESN                                             /* 거부 사유                     */
		     , EXECUT_TY                                               /* 실행 타입                     */
		     , BNT                                                     /* 잔량                          */
		     , EXPRTN_DE                                               /* 만기 일자                      */
		     , LQD_EXECUT_ID                                           /* 청산 실행 ID 					*/
		     , EXPRTN_EXECUT_ID                                        /* 만기 실행 ID                  */
		     , FEE											   		   /* 수수료						 */
		     , FEE2											   		   /* 수수료2						 */
		     , SPREAD											   	   /* SPREAD					 */
		     , DELETE_AT                                               /* 삭제 여부                     */
		     , FRST_REGISTER_ID                                        /* 최초 등록자 아이디            */
		     , FRST_REGIST_DT                                          /* 최초 등록 일시                */
		     , LAST_CHANGER_ID                                         /* 최종 변경자 아이디            */
		     , LAST_CHANGE_DT                                          /* 최종 변경 일시                */
		     )
		VALUES
		     (
		       #{clOrdId}                                             /* 선물 요청 주문 번호           */
		     , (SELECT ISNULL(MAX(FTRS_REQUST_DETAIL_SN)+1, 1) FROM OR_ORDER_FTRS_DTL WHERE FTRS_REQUST_ORDER_NO = #{clOrdId})
		     , #{avgPx}                                              /* 평균 단가                     */
		     , #{cumQty}                                             /* 누적 체결 수량                */
		     , #{execId}                                             /* 실행 ID                       */
		     , #{lastPx}                                             /* 체결 단가                     */
		     , #{lastShares}                                         /* 체결 수량                     */
		     , #{orderId}                                            /* 응답 선물 주문 번호           */
		     , #{orderQty}                                           /* 주문 수량                     */
		     , #{ordStatus}                                          /* 주문 상태                     */
		     , #{price}                                              /* 주문 단가                     */
		     , #{side}                                               /* 포지션                        */
		     , #{symbol}                                             /* 종목 코드                     */
		     , #{text}                                               /* 거부 사유                     */
		     , #{execType}                                           /* 실행 타입                     */
		     , #{leavesQty}                                          /* 잔량                          */
		     , #{maturityDate}                                       /* 만기 일자                      */
			 , #{positionID}                                         /* 청산 실행 ID                 */
			 , #{expiredID}                                          /* 만기 실행 ID                 */
			 , #{commition}                                          /* 수수료                 	*/
			 , #{commition2}                                         /* 수수료2                 	*/
			 , #{spread}                                          	 /* spread                 	*/
		     , 'N'                                                   /* 삭제 여부                     */
		     , 'system2'                                             /* 최초 등록자 아이디            */
		     , getdate()                                             /* 최초 등록 일시                */
		     , 'system'                                              /* 최종 변경자 아이디            */
		     , getdate()                                             /* 최종 변경 일시                */
		     )
	</insert>

	<insert id="updateFtrsDtlWithEbestExprtnData" parameterType="com.sorincorp.api.samsung.ft.model.FtrsOrderRspnsVo">
			/******  SQL_ID: FtrsMapper.updateFtrsDtlWithEbestExprtnData(EBST 만기 데이터 업데이트)          ******/
			MERGE INTO OR_ORDER_FTRS_DTL A
			USING (
				SELECT #{clOrdId} 			   AS FTRS_REQUST_ORDER_NO
				      , #{execId} 		       AS EXECUT_ID
			) B ON (A.FTRS_REQUST_ORDER_NO = B.FTRS_REQUST_ORDER_NO AND A.EXECUT_ID = B.EXECUT_ID AND A.DELETE_AT = 'N')
			WHEN MATCHED THEN
				UPDATE SET
					   AVRG_UNTPC			= #{avgPx}                                     /* 평균 단가                     */
					 , ACCMLT_CNCLS_QY      = #{cumQty}                                    /* 누적 체결 수량                */
					 , CNCLS_UNTPC          = #{lastPx}                                    /* 체결 단가                     */
					 , CNCLS_QY             = #{lastShares}                                /* 체결 수량                     */
					 , RSPNS_FTRS_ORDER_NO  = #{orderId}                                   /* 응답 선물 주문 번호: 삼성선물에서 주는 주문 번호 */
					 , ORDER_QY             = #{orderQty}                                  /* 주문 수량                     */
					 , ORDER_STTUS          = #{ordStatus}                                 /* 주문 상태                     */
					 , ORDER_UNTPC          = #{price}                                     /* 주문 단가                     */
					 , POSTN                = #{side}                                      /* 포지션                        */
					 , ITEM_CODE            = #{symbol}                                    /* 종목 코드                     */
					 , REJECT_RESN          = #{text}                                      /* 거부 사유                     */
					 , EXECUT_TY            = #{execType}                                  /* 실행 타입                     */
					 , BNT                  = #{leavesQty}                                 /* 잔량                          */
					 , EXPRTN_DE            = #{maturityDate}                              /* 만기 일자                      */
					 , LQD_EXECUT_ID        = #{positionID}                                /* 청산 실행 ID 					*/
					 , EXPRTN_EXECUT_ID     = #{expiredID}                                 /* 만기 실행 ID                  */
					 , FEE					= #{commition}						   		   /* 수수료						 */
					 , FEE2					= #{commition2}						   		   /* 수수료2						 */
					 , SPREAD				= #{spread} 							   	   /* SPREAD					 */
					 , LAST_CHANGER_ID      = 'system3'                                    /* 최종 변경자 아이디            */
					 , LAST_CHANGE_DT       = getdate()                                    /* 최종 변경 일시                */

			WHEN NOT MATCHED THEN
				INSERT
				 (
				   FTRS_REQUST_ORDER_NO                                    /* 선물 요청 주문 번호           */
				 , FTRS_REQUST_DETAIL_SN                                   /* 선물 요청 상세 순번           */
				 , AVRG_UNTPC                                              /* 평균 단가                     */
				 , ACCMLT_CNCLS_QY                                         /* 누적 체결 수량                */
				 , EXECUT_ID                                               /* 실행 ID : 삼성선물에서 주는 unique한 번호     */
				 , CNCLS_UNTPC                                             /* 체결 단가                     */
				 , CNCLS_QY                                                /* 체결 수량                     */
				 , RSPNS_FTRS_ORDER_NO                                     /* 응답 선물 주문 번호: 삼성선물에서 주는 주문 번호 */
				 , ORDER_QY                                                /* 주문 수량                     */
				 , ORDER_STTUS                                             /* 주문 상태                     */
				 , ORDER_UNTPC                                             /* 주문 단가                     */
				 , POSTN                                                   /* 포지션                        */
				 , ITEM_CODE                                               /* 종목 코드                     */
				 , REJECT_RESN                                             /* 거부 사유                     */
				 , EXECUT_TY                                               /* 실행 타입                     */
				 , BNT                                                     /* 잔량                          */
				 , EXPRTN_DE                                               /* 만기 일자                      */
				 , LQD_EXECUT_ID                                           /* 청산 실행 ID 					*/
				 , EXPRTN_EXECUT_ID                                        /* 만기 실행 ID                  */
				 , FEE											   		   /* 수수료						 */
				 , FEE2											   		   /* 수수료2						 */
				 , SPREAD											   	   /* SPREAD					 */
				 , DELETE_AT                                               /* 삭제 여부                     */
				 , FRST_REGISTER_ID                                        /* 최초 등록자 아이디            */
				 , FRST_REGIST_DT                                          /* 최초 등록 일시                */
				 , LAST_CHANGER_ID                                         /* 최종 변경자 아이디            */
				 , LAST_CHANGE_DT                                          /* 최종 변경 일시                */
				 )
			VALUES
				 (
				   #{clOrdId}                                             /* 선물 요청 주문 번호           */
				 , (SELECT ISNULL(MAX(FTRS_REQUST_DETAIL_SN)+1, 1) FROM OR_ORDER_FTRS_DTL WHERE FTRS_REQUST_ORDER_NO = #{clOrdId})
				 , #{avgPx}                                              /* 평균 단가                     */
				 , #{cumQty}                                             /* 누적 체결 수량                */
				 , #{execId}                                             /* 실행 ID                       */
				 , #{lastPx}                                             /* 체결 단가                     */
				 , #{lastShares}                                         /* 체결 수량                     */
				 , #{orderId}                                            /* 응답 선물 주문 번호           */
				 , #{orderQty}                                           /* 주문 수량                     */
				 , #{ordStatus}                                          /* 주문 상태                     */
				 , #{price}                                              /* 주문 단가                     */
				 , #{side}                                               /* 포지션                        */
				 , #{symbol}                                             /* 종목 코드                     */
				 , #{text}                                               /* 거부 사유                     */
				 , #{execType}                                           /* 실행 타입                     */
				 , #{leavesQty}                                          /* 잔량                          */
				 , #{maturityDate}                                       /* 만기 일자                      */
				 , #{positionID}                                         /* 청산 실행 ID                 */
				 , #{expiredID}                                          /* 만기 실행 ID                 */
				 , #{commition}                                          /* 수수료                 	*/
				 , #{commition2}                                         /* 수수료2                 	*/
				 , #{spread}                                          	 /* spread                 	*/
				 , 'N'                                                   /* 삭제 여부                     */
				 , 'system2'                                             /* 최초 등록자 아이디            */
				 , getdate()                                             /* 최초 등록 일시                */
				 , 'system'                                              /* 최종 변경자 아이디            */
				 , getdate()                                             /* 최종 변경 일시                */
				 );
	</insert>

	<select id="selectOrOrderFtrsDtlList" resultType="com.sorincorp.api.samsung.ft.model.OrOrderFtrsDtlVo">
			/******  SQL_ID: FtrsMapper.selectOrOrderFtrsDtlList      ******/
			SET TRANSACTION ISOLATION LEVEL READ UNCOMMITTED
			SELECT
		       FTRS_REQUST_ORDER_NO                                  /* 선물 요청 주문 번호           */
		     , FTRS_REQUST_DETAIL_SN                                 /* 선물 요청 상세 순번           */
		     , AVRG_UNTPC                                            /* 평균 단가                     */
		     , ACCMLT_CNCLS_QY                                       /* 누적 체결 수량                */
		     , EXECUT_ID                                             /* 실행 ID : 삼성선물에서 주는 unique한 번호     */
		     , CNCLS_UNTPC                                           /* 체결 단가                     */
		     , CNCLS_QY                                              /* 체결 수량                     */
		     , RSPNS_FTRS_ORDER_NO                                   /* 응답 선물 주문 번호: 삼성선물에서 주는 주문 번호 */
		     , ORDER_QY                                              /* 주문 수량                     */
		     , ORDER_STTUS                                           /* 주문 상태                     */
		     , ORDER_UNTPC                                           /* 주문 단가                     */
		     , POSTN                                                 /* 포지션                        */
		     , ITEM_CODE                                             /* 종목 코드                     */
		     , REJECT_RESN                                           /* 거부 사유                     */
		     , EXECUT_TY                                             /* 실행 타입                     */
		     , BNT                                                   /* 잔량                          */
		     , EXPRTN_DE                                             /* 만기 일자                      */
		     , LQD_EXECUT_ID                                         /* 청산 실행 ID 					*/
		     , EXPRTN_EXECUT_ID                                      /* 만기 실행 ID                  */
		     , DELETE_AT                                             /* 삭제 여부                     */
		     , FRST_REGISTER_ID                                      /* 최초 등록자 아이디            */
		     , FRST_REGIST_DT                                        /* 최초 등록 일시                */
		     , LAST_CHANGER_ID                                       /* 최종 변경자 아이디            */
		     , LAST_CHANGE_DT                                        /* 최종 변경 일시                */
           FROM OR_ORDER_FTRS_DTL
		   WHERE 1=1
		       AND FTRS_REQUST_ORDER_NO 	= #{ftrsRequstOrderNo}            /* 선물 요청 주문 번호           */
		       AND POSTN 					= #{postn}                        /* 포지션                        */
		       <if test="orderSttus != null and orderSttus != ''">
		       	AND ORDER_STTUS 			= #{orderSttus}                   /* 주문 상태                   */
		       </if>
		       <if test="executTy != null and executTy != ''">
		       	AND EXECUT_TY	 			= #{executTy}                     /* 실행 타입                     */
		       </if>
	</select>

	<select id="selectRspnsFtrsSttusCodeList" parameterType="com.sorincorp.api.samsung.ft.model.OrOrderFtrsBasVo" resultType="com.sorincorp.api.samsung.ft.model.OrOrderFtrsBasVo">
		/******  SQL_ID: FtrsMapper.selectRspnsFtrsSttusCodeList                 ******/
		SET TRANSACTION ISOLATION LEVEL READ UNCOMMITTED
		SELECT ORDER_NO
			, RSPNS_FTRS_STTUS_CODE
		FROM OR_ORDER_FTRS_BAS
		WHERE ORDER_NO IN (
				SELECT DISTINCT ORDER_NO FROM OR_ORDER_FTRS_BAS
				WHERE FTRS_REQUST_ORDER_NO = #{ftrsRequstOrderNo}
			)
			AND REQUST_FTRS_ORDER_TY_CODE = #{requstFtrsOrderTyCode}
	</select>
</mapper>