<?xml version="1.0" encoding="UTF-8"?>
<!DOCTYPE mapper PUBLIC "-//mybatis.org//DTD Mapper 3.0//EN" "http://mybatis.org/dtd/mybatis-3-mapper.dtd">
<mapper namespace="com.sorincorp.comm.expectbeginpr.mapper.ExpectBeginPcMapper">
	<select id="selectPreBsnDe" resultType="string">
		SET TRANSACTION ISOLATION LEVEL READ UNCOMMITTED
		SELECT dbo.fn_BsnDe(FORMAT(GETDATE(),'yyyyMMdd'),-1)
	</select>

	<select id="selectBsnManageBas" resultType="com.sorincorp.comm.expectbeginpr.model.ItBsnManageBasVO">
		/* com.sorincorp.comm.expectbeginpr.mapper.ExpectBeginPcMapper.selectBsnManageBas */
		SET TRANSACTION ISOLATION LEVEL READ UNCOMMITTED
		SELECT
			TOP 1
			IBMB.APPLC_DE ,
			IBMB.RLTM_BEGIN_TIME
		FROM
			IT_BSN_MANAGE_BAS IBMB
		WHERE
			DELETE_AT = 'N'
			AND IBMB.APPLC_DE <![CDATA[<=]]> CONVERT(CHAR(8), GETDATE(), 112)
		ORDER BY IBMB.APPLC_DE DESC
	</select>

	<select id="selectSelMetal" resultType="com.sorincorp.comm.expectbeginpr.model.SelMetalVO">
		/* com.sorincorp.comm.expectbeginpr.mapper.ExpectBeginPcMapper.selectSelMetal */
		SET TRANSACTION ISOLATION LEVEL READ UNCOMMITTED
		SELECT DISTINCT
				  RS.METAL_CODE
				, RS.METAL_CL_CODE
				, RS.ITM_SN
				, RS.DSTRCT_LCLSF_CODE
				, RS.BRAND_GROUP_CODE
				, RS.BRAND_CODE
				, RS.SLE_MTHD_CODE CODE_CHRCTR_REFRNONE
				, RS.CODE_NM
				, RS.CODE_DCONE
				, RS.CODE_CHRCTR_REFRNTWO
	            , RS.CODE_CHRCTR_REFRNSIX
				, RS.GIC_NAME
				, RS.SLE_MTHD_CODE
				, RS.STDR_ITM_AT
				, RS.CODE_ORDR
				, RS.LIVE_SLE_AT
				, RS.HGHNETPRC_SLE_AT
				, RS.DISPLAY_AT
		FROM
		(SELECT
				  DML.METAL_CODE
				, DML.METAL_CL_CODE
				, DML.ITM_SN
				, DML.DSTRCT_LCLSF_CODE
				, DML.BRAND_GROUP_CODE
				, DML.BRAND_CODE
				, DML.CODE_CHRCTR_REFRNONE
				, DML.CODE_NM
				, DML.CODE_DCONE
				, DML.CODE_CHRCTR_REFRNTWO
	            , DML.CODE_CHRCTR_REFRNSIX
				, DML.GIC_NAME
				, DML.SLE_MTHD_CODE
				, DML.STDR_ITM_AT
				, DML.CODE_ORDR
				, DCL.LIVE_SLE_AT
				, DCL.HGHNETPRC_SLE_AT
				, CASE
				  WHEN CODE_CHRCTR_REFRNONE = '01' AND LIVE_SLE_AT = 'Y' THEN 'Y'
				  WHEN CODE_CHRCTR_REFRNONE = '02' AND HGHNETPRC_SLE_AT = 'Y' THEN 'Y'
				  ELSE 'N'
				  END DISPLAY_AT
		FROM
			(SELECT
				  IMISB.METAL_CODE
				, IMISB.METAL_CL_CODE
				, IMISB.SLE_MTHD_CODE CODE_CHRCTR_REFRNONE
				, IMISB.ITM_SN
				, IMISB.DSTRCT_LCLSF_CODE
				, IMISB.BRAND_GROUP_CODE
				, IMISB.BRAND_CODE
				, CCC.CODE_NM
				, CCC.CODE_DCONE
				, CCC.CODE_CHRCTR_REFRNTWO
	            , CCC.CODE_CHRCTR_REFRNSIX
				, CCC.CODE_REFRNONE + 'M03' GIC_NAME
				, IMISB.SLE_MTHD_CODE
				, IMISB.STDR_ITM_AT
				, CCC.CODE_ORDR
			FROM dbo.IT_METAL_ITM_STDR_BAS AS IMISB
			INNER JOIN dbo.CO_CMMN_CD AS CCC
			ON CCC.MAIN_CODE = 'METAL_CODE'
			AND CCC.SUB_CODE = IMISB.METAL_CODE
			AND IMISB.DELETE_AT = 'N'
			WHERE 1=1
			AND IMISB.METAL_CODE in (SELECT METAL_CODE
									 FROM IT_ITM_CTGRY_BAS IICB
									 WHERE METAL_CODE IS NOT NULL
									 AND METAL_CODE != ''
									 AND IICB.CTGRY_USE_AT = 'Y'
									 AND IICB.CTGRY_DSPY_AT = 'Y'
									 AND IICB.DELETE_AT = 'N'
									 )
			) DML
			RIGHT OUTER JOIN IT_ITM_CTGRY_BAS DCL
			ON DML.METAL_CODE = DCL.METAL_CODE
			AND DCL.CTGRY_USE_AT = 'Y'
			AND DCL.CTGRY_DSPY_AT = 'Y'
			AND DCL.DELETE_AT = 'N'

			) RS
			WHERE 1=1
			AND RS.METAL_CODE IS NOT NULL
			AND RS.DISPLAY_AT = 'Y'
			AND RS.METAL_CODE = '7'
			AND RS.SLE_MTHD_CODE = '01'
			ORDER BY SLE_MTHD_CODE, STDR_ITM_AT DESC, CODE_ORDR
	</select>
	<select id="getFnPreminumInfoList" parameterType="com.sorincorp.comm.expectbeginpr.model.PreminumInfoDto" resultType="com.sorincorp.comm.expectbeginpr.model.PreminumSelVO">
		/* com.sorincorp.comm.expectbeginpr.mapper.ExpectBeginPcMapper.getFnPreminumInfoList */
		SET TRANSACTION ISOLATION LEVEL READ UNCOMMITTED
		SELECT FPIL.*
			   , IIIB.METAL_CL_CODE
		FROM dbo.fn_PremiumInfoList(  #{validBeginDt}
									, #{validEndDt}
									, #{sleMthdCode}
									, #{metalCode}
									, IIF(#{itmSn} = 0, NULL, #{itmSn})
									, #{dstrctLclsfCode}
		  						  	, #{brandGroupCode}
		  						  	, #{brandCode})  FPIL
		LEFT JOIN IT_ITM_INFO_BAS IIIB
		ON FPIL.ITM_SN = IIIB.ITM_SN
		AND IIIB.DELETE_AT = 'N'
		ORDER BY FPIL.METAL_CODE, FPIL.ITM_SN, FPIL.DSTRCT_LCLSF_CODE, FPIL.BRAND_GROUP_CODE, FPIL.BRAND_CODE
	</select>
	<select id="getFnPreminumInfoListByMetal" parameterType="com.sorincorp.comm.expectbeginpr.model.PreminumInfoDto" resultType="com.sorincorp.comm.expectbeginpr.model.PreminumSelVO">
		/* com.sorincorp.comm.expectbeginpr.mapper.ExpectBeginPcMapper.getFnPreminumInfoList */
		SET TRANSACTION ISOLATION LEVEL READ UNCOMMITTED
		SELECT
			*
		FROM (
				SELECT FPIL.*
					   , IIIB.METAL_CL_CODE
				FROM dbo.fn_PremiumInfoList(  #{validBeginDt}
											, #{validEndDt}
											, #{sleMthdCode}
											, #{metalCode}
											, IIF(#{itmSn} = 0, NULL, #{itmSn})
											, NULL
				  						  	, NULL
				  						  	, NULL)  FPIL
				LEFT JOIN IT_ITM_INFO_BAS IIIB
				ON FPIL.ITM_SN = IIIB.ITM_SN
				AND IIIB.DELETE_AT = 'N'
		) A
		ORDER BY A.METAL_CODE, A.ITM_SN, A.DSTRCT_LCLSF_CODE, A.BRAND_GROUP_CODE, A.BRAND_CODE
	</select>
	<select id="getPrLmePblntfPc" parameterType="com.sorincorp.comm.expectbeginpr.model.PrLmePblntfPcBasVO" resultType="com.sorincorp.comm.expectbeginpr.model.PrLmePblntfPcBasVO">
		/* com.sorincorp.comm.expectbeginpr.mapper.ExpectBeginPcMapper.getPrLmePblntfPc */
		SET TRANSACTION ISOLATION LEVEL READ UNCOMMITTED
		DECLARE @endPc decimal(15,2), @threemonthEndPc decimal(15,2), @acthngPblntfSalePc decimal(15,2), @ftrsPblntfSalePc decimal(15,2);
		DECLARE @endPcTwoAgo decimal(15,2);
		DECLARE @occrrncDe nvarchar(10);
		DECLARE @date nvarchar(8);
		DECLARE @dateTwoAgo nvarchar(8);

		SET @date = dbo.fn_BsnDe(FORMAT(GETDATE(),'yyyyMMdd'),-1);
		SET @dateTwoAgo = dbo.fn_BsnDe(FORMAT(GETDATE(),'yyyyMMdd'),-2);

		SET @occrrncDe = CONVERT(varchar(10), CONVERT(date, CONVERT(varchar(8), dbo.fn_BsnDe(FORMAT(GETDATE(),'yyyyMMdd'),-1))));

		/* 영업일 기준 하루전 */
		SELECT  @endPc = MAX(A.CASH_ASK_END_PC_AGO)
			  , @threemonthEndPc = MAX(A.THREEMONTH_ASK_END_PC_AGO)
		FROM (
			SELECT METAL_CODE, OCCRRNC_DE
			, IIF(EVL_DE = 'CASH', EVL_PC, 0) AS CASH_ASK_END_PC_AGO
			, IIF(EVL_DE = '3 MONTHS', EVL_PC, 0) AS THREEMONTH_ASK_END_PC_AGO
			FROM dbo.PR_LME_EVL_PC_BAS
			WHERE OCCRRNC_DE = @date
			AND METAL_CODE = '7'
			AND EVL_DE IN ('CASH', '3 MONTHS')
		) A
		GROUP BY A.METAL_CODE, A.OCCRRNC_DE

		IF (@endPc IS NULL AND @endPcTwoAgo IS NULL)
			BEGIN
		 		SET @date = dbo.fn_BsnDe(FORMAT(GETDATE(),'yyyyMMdd'),-2);
				SET @dateTwoAgo = dbo.fn_BsnDe(FORMAT(GETDATE(),'yyyyMMdd'),-3);

				SELECT  @endPc = MAX(A.CASH_ASK_END_PC_AGO)
					  , @threemonthEndPc = MAX(A.THREEMONTH_ASK_END_PC_AGO)
				FROM (
					SELECT METAL_CODE, OCCRRNC_DE
					, IIF(EVL_DE = 'CASH', EVL_PC, 0) AS CASH_ASK_END_PC_AGO
					, IIF(EVL_DE = '3 MONTHS', EVL_PC, 0) AS THREEMONTH_ASK_END_PC_AGO
					FROM dbo.PR_LME_EVL_PC_BAS
					WHERE OCCRRNC_DE = @date
					AND METAL_CODE = '7'
					AND EVL_DE IN ('CASH', '3 MONTHS')
				) A
				GROUP BY A.METAL_CODE, A.OCCRRNC_DE
			END

		SELECT  @acthngPblntfSalePc = PLPPB.ACTHNG_PBLNTF_SALE_PC
			 , @ftrsPblntfSalePc = PLPPB.FTRS_PBLNTF_SALE_PC
		FROM PR_LME_PBLNTF_PC_BAS PLPPB
		WHERE PLPPB.OCCRRNC_DE = @date
		AND METAL_CODE = '7'

		/* 가격 null 체크 */
		SET @endPc = ISNULL(@endPc,0);
		SET @threemonthEndPc = ISNULL(@threemonthEndPc,0);
		SET @acthngPblntfSalePc = ISNULL(@acthngPblntfSalePc,0);
		SET @ftrsPblntfSalePc = ISNULL(@ftrsPblntfSalePc,0);

		SELECT @occrrncDe AS OCCRRNC_DE											/* 적용일자 */
				, @endPc AS END_PC												/* 전일 CLOSING CASH */
				, @threemonthEndPc AS THREEMONTH_END_PC							/* 전일 CLOSING CASH 3M */
				, @acthngPblntfSalePc AS ACTHNG_PBLNTF_SALE_PC					/* 전일 OFFICIAL CASH */
				, @ftrsPblntfSalePc AS FTRS_PBLNTF_SALE_PC						/* 전일 OFFICIAL 3M */
	</select>
	<select id="selectTopItFtrsFshgManageDtl" parameterType="com.sorincorp.comm.expectbeginpr.model.ItFtrsFshgManageDtlVo" resultType="com.sorincorp.comm.expectbeginpr.model.ItFtrsFshgManageDtlVo">
    	/* com.sorincorp.comm.expectbeginpr.mapper.ExpectBeginPcMapper.selectTopItFtrsFshgManageDtl */
    	SET TRANSACTION ISOLATION LEVEL READ UNCOMMITTED
    	SELECT T.APPLC_DE
			 , T.POSTN_CODE
			 , T.METAL_CODE
			 , T.FTRS_SKIP_BELO_AT
			 , T.FTRS_SKIP_BELO_AMOUNT
			 , T.FTRS_SKIP_EXCESS_AT
			 , T.FTRS_SKIP_EXCESS_AMOUNT
			 , T.FTRS_TICK
			 , T.LME_MDAT_CFFCNT_AMOUNT
			 , T.EHGT_MDAT_CFFCNT_AMOUNT
			 , T.DELETE_DT
			 , T.DELETE_AT
			 , T.FRST_REGISTER_ID
			 , T.FRST_REGIST_DT
			 , T.LAST_CHANGER_ID
			 , T.LAST_CHANGE_DT
		FROM
		(
			SELECT ROW_NUMBER () OVER(PARTITION BY METAL_CODE ORDER BY APPLC_DE DESC) AS RANK_NO
				 , APPLC_DE
				 , POSTN_CODE
				 , METAL_CODE
				 , FTRS_SKIP_BELO_AT
				 , FTRS_SKIP_BELO_AMOUNT
				 , FTRS_SKIP_EXCESS_AT
				 , FTRS_SKIP_EXCESS_AMOUNT
				 , FTRS_TICK
				 , LME_MDAT_CFFCNT_AMOUNT
				 , EHGT_MDAT_CFFCNT_AMOUNT
				 , DELETE_DT
				 , DELETE_AT
				 , FRST_REGISTER_ID
				 , FRST_REGIST_DT
				 , LAST_CHANGER_ID
				 , LAST_CHANGE_DT
			FROM IT_FTRS_FSHG_MANAGE_DTL
			WHERE CONVERT(CHAR(8), GETDATE(), 112) >=  APPLC_DE
			AND POSTN_CODE = 'B'
			AND DELETE_AT  = 'N'
			AND METAL_CODE = #{metalCode}
		) T
		WHERE RANK_NO = 1
    </select>
    <insert id="insertPcSleExpectBeginPcBas" parameterType="com.sorincorp.comm.expectbeginpr.model.PcSleExpectBeginPcBasVO">
    	/* com.sorincorp.comm.expectbeginpr.mapper.ExpectBeginPcMapper.insertPcSleExpectBeginPcBas */
    	MERGE INTO PC_SLE_EXPECT_BEGIN_PC_BAS A
		USING(
			SELECT
				#{applcDe}            AS APPLC_DE
				, #{siteSeCode}       AS SITE_SE_CODE
				, #{pcSeCode}         AS PC_SE_CODE
				, #{dstrctLclsfCode}  AS DSTRCT_LCLSF_CODE
				, #{brandGroupCode}   AS BRAND_GROUP_CODE
				, #{metalCode}        AS METAL_CODE
		) B ON (A.APPLC_DE = B.APPLC_DE AND A.SITE_SE_CODE = B.SITE_SE_CODE AND A.PC_SE_CODE = B.PC_SE_CODE AND A.DSTRCT_LCLSF_CODE = B.DSTRCT_LCLSF_CODE AND A.BRAND_GROUP_CODE = B.BRAND_GROUP_CODE)
		WHEN MATCHED THEN
		UPDATE SET
		       EHGT_PC                                          = #{ehgtPc}                                  /* 환율 가격                     */
		     , BEGIN_WON_AMOUNT                                 = #{beginWonAmount}                          /* 시작 원화 금액                */
		     , BEGIN_DOLLAR_AMOUNT                              = #{beginDollarAmount}                       /* 시작 달러 금액                */
		     , SPREAD                                           = #{spread}                                  /* 스프레드                      */
		     , LME_PC                                           = #{lmePc}                                   /* LME 가격                      */
		     , THREEMONTH_LME_PC                                = #{threemonthLmePc}                         /* 3개월 LME 가격                */
		     , LME_MDAT_CFFCNT                                  = #{lmeMdatCffcnt}
		     , FX_MDAT_CFFCNT                                   = #{fxMdatCffcnt}
		     , MDAT_CFFCNT_PREMIUM_WON_AMOUNT                   = #{mdatCffcntPremiumWonAmount}
		     , MDAT_CFFCNT_PREMIUM_DOLLAR_AMOUNT                = #{mdatCffcntPremiumDollarAmount}
		     , PREMIUM_STDR_AMOUNT                              = #{premiumStdrAmount}
		     , PREMIUM_WON_AMOUNT                               = #{premiumWonAmount}                        /* 프리미엄 원화 금액            */
		     , PREMIUM_DOLLAR_AMOUNT                            = #{premiumDollarAmount}                     /* 프리미엄 달러 금액            */
		     , LAST_PREMIUM_WON_AMOUNT                          = #{lastPremiumWonAmount}
		     , LAST_PREMIUM_DOLLAR_AMOUNT                       = #{lastPremiumDollarAmount}
		     , LAST_PREMIUM_USER_INPUT_WON_AMOUNT               = #{lastPremiumUserInputWonAmount}               /* 프리미엄 사용자 입력 원화 금액*/
		     , LAST_PREMIUM_USER_INPUT_DOLLAR_AMOUNT            = #{lastPremiumUserInputDollarAmount}            /* 프리미엄 사용자 입력 달러 금액*/
		     , LAST_CHANGER_ID                                  = #{lastChangerId}                           /* 최종 변경자 아이디            */
		     , LAST_CHANGE_DT                                   = GETDATE()                                  /* 최종 변경 일시                */
			 , NDF_DATE											= #{ndfDate}								/*	NDF환율 일자	*/
			WHEN NOT MATCHED THEN
		INSERT
		     (
		       APPLC_DE                                                                                      /* 적용 일자                     */
		     , SITE_SE_CODE                                                                                  /* 사이트 구분 코드              */
		     , PC_SE_CODE                                                                                    /* 가격 구분 코드                */
		     , DSTRCT_LCLSF_CODE                                                                             /* 권역 대분류 코드              */
		     , BRAND_GROUP_CODE                                                                              /* 브랜드 그룹 코드              */
		     , METAL_CODE
		     , EHGT_PC                                                                                       /* 환율 가격                     */
		     , BEGIN_WON_AMOUNT                                                                              /* 시작 원화 금액                */
		     , BEGIN_DOLLAR_AMOUNT                                                                           /* 시작 달러 금액                */
		     , SPREAD                                                                                        /* 스프레드                      */
		     , LME_PC                                                                                        /* LME 가격                      */
		     , THREEMONTH_LME_PC                                                                             /* 3개월 LME 가격                */
		     , LME_MDAT_CFFCNT
		     , FX_MDAT_CFFCNT
		     , MDAT_CFFCNT_PREMIUM_WON_AMOUNT
		     , MDAT_CFFCNT_PREMIUM_DOLLAR_AMOUNT
		     , PREMIUM_STDR_AMOUNT
		     , PREMIUM_WON_AMOUNT                                                                            /* 프리미엄 원화 금액            */
		     , PREMIUM_DOLLAR_AMOUNT                                                                         /* 프리미엄 달러 금액            */
		     , LAST_PREMIUM_WON_AMOUNT
		     , LAST_PREMIUM_DOLLAR_AMOUNT
		     , LAST_PREMIUM_USER_INPUT_WON_AMOUNT                                                                 /* 프리미엄 사용자 입력 원화 금액*/
		     , LAST_PREMIUM_USER_INPUT_DOLLAR_AMOUNT                                                              /* 프리미엄 사용자 입력 달러 금액*/
		     , DELETE_DT                                                                                     /* 삭제 일시                     */
		     , DELETE_AT                                                                                     /* 삭제 여부                     */
		     , FRST_REGISTER_ID                                                                              /* 최초 등록자 아이디            */
		     , FRST_REGIST_DT                                                                                /* 최초 등록 일시                */
		     , LAST_CHANGER_ID                                                                               /* 최종 변경자 아이디            */
		     , LAST_CHANGE_DT                                                                                /* 최종 변경 일시                */
			 , NDF_DATE																						 /* NDF 환율 일자				*/
		     )
		VALUES
		     (
		       #{applcDe}                                                                                    /* 적용 일자                     */
		     , #{siteSeCode}                                                                                 /* 사이트 구분 코드              */
		     , #{pcSeCode}                                                                                   /* 가격 구분 코드                */
		     , #{dstrctLclsfCode}                                                                            /* 권역 대분류 코드              */
		     , #{brandGroupCode}                                                                             /* 브랜드 그룹 코드              */
		     , #{metalCode}
		     , #{ehgtPc}                                                                                     /* 환율 가격                     */
		     , #{beginWonAmount}                                                                             /* 시작 원화 금액                */
		     , #{beginDollarAmount}                                                                          /* 시작 달러 금액                */
		     , #{spread}                                                                                     /* 스프레드                      */
		     , #{lmePc}                                                                                      /* LME 가격                      */
		     , #{threemonthLmePc}                                                                            /* 3개월 LME 가격                */
		     , #{lmeMdatCffcnt}
		     , #{fxMdatCffcnt}
		     , #{mdatCffcntPremiumWonAmount}
		     , #{mdatCffcntPremiumDollarAmount}
		     , #{premiumStdrAmount}
		     , #{premiumWonAmount}                                                                           /* 프리미엄 원화 금액            */
		     , #{premiumDollarAmount}                                                                        /* 프리미엄 달러 금액            */
		     , #{lastPremiumWonAmount}
		     , #{lastPremiumDollarAmount}
		     , #{lastPremiumUserInputWonAmount}                                                                  /* 프리미엄 사용자 입력 원화 금액*/
		     , #{lastPremiumUserInputDollarAmount}                                                               /* 프리미엄 사용자 입력 달러 금액*/
		     , NULL                                                                                          /* 삭제 일시                     */
		     , 'N'                                                                                           /* 삭제 여부                     */
		     , #{frstRegisterId}                                                                             /* 최초 등록자 아이디            */
		     , GETDATE()                                                                                     /* 최초 등록 일시                */
		     , #{lastChangerId}                                                                              /* 최종 변경자 아이디            */
		     , GETDATE()                                                                                     /* 최종 변경 일시                */
			 , #{ndfDate}																					 /* NDF 환율 일자				*/
		     );
    </insert>

    <insert id="insertPcSleExpectBeginPcBasHst" parameterType="com.sorincorp.comm.expectbeginpr.model.PcSleExpectBeginPcBasVO">
	    /* com.sorincorp.comm.expectbeginpr.mapper.ExpectBeginPcMapper.insertPcSleExpectBeginPcBasHst */
		INSERT INTO dbo.PC_SLE_EXPECT_BEGIN_PC_BAS_HST
		     (
		      APPLC_DE                                                                                      /* 적용 일자                     */
		     , SITE_SE_CODE                                                                                  /* 사이트 구분 코드              */
		     , PC_SE_CODE                                                                                    /* 가격 구분 코드                */
		     , DSTRCT_LCLSF_CODE                                                                             /* 권역 대분류 코드              */
		     , BRAND_GROUP_CODE                                                                              /* 브랜드 그룹 코드              */
		     , METAL_CODE
		     , EHGT_PC                                                                                       /* 환율 가격                     */
		     , BEGIN_WON_AMOUNT                                                                              /* 시작 원화 금액                */
		     , BEGIN_DOLLAR_AMOUNT                                                                           /* 시작 달러 금액                */
		     , SPREAD                                                                                        /* 스프레드                      */
		     , LME_PC                                                                                        /* LME 가격                      */
		     , THREEMONTH_LME_PC                                                                             /* 3개월 LME 가격                */
		     , LME_MDAT_CFFCNT
		     , FX_MDAT_CFFCNT
		     , MDAT_CFFCNT_PREMIUM_WON_AMOUNT
		     , MDAT_CFFCNT_PREMIUM_DOLLAR_AMOUNT
		     , PREMIUM_STDR_AMOUNT
		     , PREMIUM_WON_AMOUNT                                                                            /* 프리미엄 원화 금액            */
		     , PREMIUM_DOLLAR_AMOUNT                                                                         /* 프리미엄 달러 금액            */
		     , LAST_PREMIUM_WON_AMOUNT
		     , LAST_PREMIUM_DOLLAR_AMOUNT
		     , LAST_PREMIUM_USER_INPUT_WON_AMOUNT                                                                 /* 프리미엄 사용자 입력 원화 금액*/
		     , LAST_PREMIUM_USER_INPUT_DOLLAR_AMOUNT                                                              /* 프리미엄 사용자 입력 달러 금액*/
		     , DELETE_DT                                                                                     /* 삭제 일시                     */
		     , DELETE_AT                                                                                     /* 삭제 여부                     */
		     , FRST_REGISTER_ID                                                                              /* 최초 등록자 아이디            */
		     , FRST_REGIST_DT                                                                                /* 최초 등록 일시                */
		     , LAST_CHANGER_ID                                                                               /* 최종 변경자 아이디            */
		     , LAST_CHANGE_DT                                                                                /* 최종 변경 일시                */                                                                         /* 최종 변경 일시                */
			 , NDF_DATE																						 /* NDF환율 일자					*/
		     )
		SELECT
		       PSEBPB.APPLC_DE                                                                               /* 적용 일자                     */
		     , PSEBPB.SITE_SE_CODE                                                                           /* 사이트 구분 코드              */
		     , PSEBPB.PC_SE_CODE                                                                             /* 가격 구분 코드                */
		     , PSEBPB.DSTRCT_LCLSF_CODE                                                                      /* 권역 대분류 코드              */
		     , PSEBPB.BRAND_GROUP_CODE                                                                       /* 브랜드 그룹 코드              */
		     , PSEBPB.METAL_CODE
		     , PSEBPB.EHGT_PC                                                                                /* 환율 가격                     */
		     , PSEBPB.BEGIN_WON_AMOUNT                                                                       /* 시작 원화 금액                */
		     , PSEBPB.BEGIN_DOLLAR_AMOUNT                                                                    /* 시작 달러 금액                */
		     , PSEBPB.SPREAD                                                                                 /* 스프레드                      */
		     , PSEBPB.LME_PC                                                                                 /* LME 가격                      */
		     , PSEBPB.THREEMONTH_LME_PC                                                                      /* 3개월 LME 가격                */
		     , PSEBPB.LME_MDAT_CFFCNT
		     , PSEBPB.FX_MDAT_CFFCNT
		     , PSEBPB.MDAT_CFFCNT_PREMIUM_WON_AMOUNT
		     , PSEBPB.MDAT_CFFCNT_PREMIUM_DOLLAR_AMOUNT
		     , PREMIUM_STDR_AMOUNT
		     , PSEBPB.PREMIUM_WON_AMOUNT                                                                     /* 프리미엄 원화 금액            */
		     , PSEBPB.PREMIUM_DOLLAR_AMOUNT                                                                  /* 프리미엄 달러 금액            */
		     , PSEBPB.LAST_PREMIUM_WON_AMOUNT
		     , PSEBPB.LAST_PREMIUM_DOLLAR_AMOUNT
		     , PSEBPB.LAST_PREMIUM_USER_INPUT_WON_AMOUNT                                                          /* 프리미엄 사용자 입력 원화 금액*/
		     , PSEBPB.LAST_PREMIUM_USER_INPUT_DOLLAR_AMOUNT                                                       /* 프리미엄 사용자 입력 달러 금액*/
		     , PSEBPB.DELETE_DT                                                                              /* 삭제 일시                     */
		     , PSEBPB.DELETE_AT                                                                              /* 삭제 여부                     */
		     , PSEBPB.FRST_REGISTER_ID                                                                       /* 최초 등록자 아이디            */
		     , PSEBPB.FRST_REGIST_DT                                                                         /* 최초 등록 일시                */
		     , PSEBPB.LAST_CHANGER_ID                                                                        /* 최종 변경자 아이디            */
		     , PSEBPB.LAST_CHANGE_DT                                                                         /* 최종 변경 일시                */
		     , PSEBPB.NDF_DATE                                                                         		 /* NDF환율 일자               */
		  FROM dbo.PC_SLE_EXPECT_BEGIN_PC_BAS AS PSEBPB                                                      /* 가격_판매 예상 시작 가격 기본 */
		 WHERE 1=1
		   AND PSEBPB.APPLC_DE                                  = #{applcDe}                                 /* 적용 일자                     */
		   AND PSEBPB.SITE_SE_CODE                              = #{siteSeCode}                              /* 사이트 구분 코드              */
		   AND PSEBPB.PC_SE_CODE                                = #{pcSeCode}                                /* 가격 구분 코드                */
		   AND PSEBPB.DSTRCT_LCLSF_CODE                         = #{dstrctLclsfCode}                         /* 권역 대분류 코드              */
		   AND PSEBPB.BRAND_GROUP_CODE                          = #{brandGroupCode}
		   AND PSEBPB.METAL_CODE                                = #{metalCode}
    </insert>

    <select id="selectPcSleExpectBeginPcEhgtInfo" parameterType="com.sorincorp.comm.expectbeginpr.model.PcSleExpectBeginPcEhgtInfoVO" resultType="com.sorincorp.comm.expectbeginpr.model.PcSleExpectBeginPcEhgtInfoVO">
    	/* com.sorincorp.comm.expectbeginpr.mapper.ExpectBeginPcMapper.selectPcSleExpectBeginPcEhgtInfo */
    	SET TRANSACTION ISOLATION LEVEL READ UNCOMMITTED
		SELECT
		       PSEBPEI.APPLC_DE                                                                              /* 적용 일자                     */
		     , PSEBPEI.EHGT_SE_CODE                                                                          /* 환율 구분 코드                */
		     , PSEBPEI.STDR_DE                                                                               /* 기준 일자                     */
		     , PSEBPEI.EHGT_PC                                                                               /* 환율 가격                     */
		     , PSEBPEI.DELETE_DT                                                                             /* 삭제 일시                     */
		     , PSEBPEI.DELETE_AT                                                                             /* 삭제 여부                     */
		     , PSEBPEI.FRST_REGISTER_ID                                                                      /* 최초 등록자 아이디            */
		     , PSEBPEI.FRST_REGIST_DT                                                                        /* 최초 등록 일시                */
		     , PSEBPEI.LAST_CHANGER_ID                                                                       /* 최종 변경자 아이디            */
		     , PSEBPEI.LAST_CHANGE_DT                                                                        /* 최종 변경 일시                */
		  FROM dbo.PC_SLE_EXPECT_BEGIN_PC_EHGT_INFO AS PSEBPEI                                               /* 가격_판매 예상 시작 가격 환율 정보*/
		 WHERE 1=1
		   AND PSEBPEI.APPLC_DE                                 = #{applcDe}                                 /* 적용 일자                     */
		   AND PSEBPEI.EHGT_SE_CODE                             = #{ehgtSeCode}                              /* 환율 구분 코드                */
    </select>

    <select id="selectPcSleExpectBeginPcBas" parameterType="com.sorincorp.comm.expectbeginpr.model.PcSleExpectBeginPcBasVO" resultType="com.sorincorp.comm.expectbeginpr.model.PcSleExpectBeginPcBasVO">
    	/* com.sorincorp.comm.expectbeginpr.mapper.ExpectBeginPcMapper.selectPcSleExpectBeginPcBas */
    	SET TRANSACTION ISOLATION LEVEL READ UNCOMMITTED
		SELECT
		       PSEBPB.APPLC_DE                                                                               /* 적용 일자                     */
		     , PSEBPB.SITE_SE_CODE                                                                           /* 사이트 구분 코드              */
		     , PSEBPB.PC_SE_CODE                                                                             /* 가격 구분 코드                */
		     , PSEBPB.DSTRCT_LCLSF_CODE                                                                      /* 권역 대분류 코드              */
		     , PSEBPB.BRAND_GROUP_CODE                                                                       /* 브랜드 그룹 코드              */
		     , PSEBPB.EHGT_PC                                                                                /* 환율 가격                     */
		     , PSEBPB.BEGIN_WON_AMOUNT                                                                       /* 시작 원화 금액                */
		     , PSEBPB.BEGIN_DOLLAR_AMOUNT                                                                    /* 시작 달러 금액                */
		     , PSEBPB.SPREAD                                                                                 /* 스프레드                      */
		     , PSEBPB.LME_PC                                                                                 /* LME 가격                      */
		     , PSEBPB.THREEMONTH_LME_PC                                                                      /* 3개월 LME 가격                */
		     , PSEBPB.PREMIUM_WON_AMOUNT                                                                     /* 프리미엄 원화 금액            */
		     , PSEBPB.PREMIUM_DOLLAR_AMOUNT                                                                  /* 프리미엄 달러 금액            */
		     , PSEBPB.LAST_PREMIUM_USER_INPUT_WON_AMOUNT                                                          /* 프리미엄 사용자 입력 원화 금액*/
		     , PSEBPB.LAST_PREMIUM_USER_INPUT_DOLLAR_AMOUNT                                                       /* 프리미엄 사용자 입력 달러 금액*/
		     , PSEBPB.DELETE_DT                                                                              /* 삭제 일시                     */
		     , PSEBPB.DELETE_AT                                                                              /* 삭제 여부                     */
		     , PSEBPB.FRST_REGISTER_ID                                                                       /* 최초 등록자 아이디            */
		     , PSEBPB.FRST_REGIST_DT                                                                         /* 최초 등록 일시                */
		     , PSEBPB.LAST_CHANGER_ID                                                                        /* 최종 변경자 아이디            */
		     , PSEBPB.LAST_CHANGE_DT                                                                         /* 최종 변경 일시                */
		  FROM dbo.PC_SLE_EXPECT_BEGIN_PC_BAS AS PSEBPB                                                      /* 가격_판매 예상 시작 가격 기본 */
		 WHERE 1=1
		   AND PSEBPB.APPLC_DE                                  =  #{applcDe}                   /* 적용 일자                     */
		   AND PSEBPB.SITE_SE_CODE                              = #{siteSeCode}                            /* 사이트 구분 코드              */
		   AND PSEBPB.PC_SE_CODE                                = #{pcSeCode}                              /* 가격 구분 코드                */
		   AND PSEBPB.DSTRCT_LCLSF_CODE                         = #{dstrctLclsfCode}                         /* 권역 대분류 코드              */
		   AND PSEBPB.BRAND_GROUP_CODE                          = #{brandGroupCode}                          /* 브랜드 그룹 코드              */
    </select>
    <select id="selectSarokDcsnRecentDate" parameterType="com.sorincorp.comm.expectbeginpr.model.PcSleExpectBeginPcBasVO" resultType="string">
    	SET TRANSACTION ISOLATION LEVEL READ UNCOMMITTED
    	SELECT
			MAX(APPLC_DE)
		FROM
			PC_SLE_EXPECT_BEGIN_PC_BAS
		WHERE
			SITE_SE_CODE = '02'
			AND PC_SE_CODE = '02'
			AND DSTRCT_LCLSF_CODE = #{dstrctLclsfCode}
			AND BRAND_GROUP_CODE = #{brandGroupCode}
    </select>
    
    <select id="selectPreSarokDate" parameterType="string" resultType="string">
    	SELECT 
    		TOP 1 
    		APPLC_DE  
    	FROM 
    		IT_RVCMPN_PC_MANAGE_BAS 
    	WHERE 
    		METAL_CODE = '7' 
    		AND APPLC_DE <![CDATA[<]]> #{nowDate} 
    	ORDER BY APPLC_DE DESC
    </select>

    <insert id="insertPcSleExpectBeginPcPremiumPcInfo" parameterType="com.sorincorp.comm.expectbeginpr.model.PcSleExpectBeginPcPremiumPcInfoVO">
		/* com.sorincorp.comm.expectbeginpr.mapper.ExpectBeginPcMapper.insertPcSleExpectBeginPcPremiumPcInfo */
    	MERGE INTO PC_SLE_EXPECT_BEGIN_PC_PREMIUM_PC_INFO A
		USING(
			SELECT
				#{applcDe}            AS APPLC_DE
				, #{pcSeCode}         AS PC_SE_CODE
				, #{dstrctLclsfCode}  AS DSTRCT_LCLSF_CODE
				, #{brandGroupCode}   AS BRAND_GROUP_CODE
				, #{brandCode}        AS BRAND_CODE
				, #{metalCode}        AS METAL_CODE
				, #{itmSn}            AS ITM_SN
				, #{sleMthdCode}      AS SLE_MTHD_CODE
		) B ON (A.APPLC_DE = B.APPLC_DE AND A.PC_SE_CODE = B.PC_SE_CODE
				AND A.DSTRCT_LCLSF_CODE = B.DSTRCT_LCLSF_CODE AND A.BRAND_GROUP_CODE = B.BRAND_GROUP_CODE
				AND A.BRAND_GROUP_CODE = B.BRAND_GROUP_CODE AND A.BRAND_CODE = B.BRAND_CODE
				AND A.METAL_CODE = B.METAL_CODE AND A.ITM_SN = B.ITM_SN
				AND A.SLE_MTHD_CODE = B.SLE_MTHD_CODE
				)
		WHEN MATCHED THEN
		UPDATE
		   SET
		      PREMIUM_ID                                        = #{premiumId}                               /* 프리미엄 아이디               */
		     , DSTRCT_CHANGE_AMOUNT                             = #{dstrctChangeAmount}                      /* 권역 변동 금액                */
		     , BRAND_GROUP_CHANGE_AMOUNT                        = #{brandGroupChangeAmount}                  /* 브랜드 그룹 변동 금액         */
		     , BRAND_CHANGE_AMOUNT                              = #{brandChangeAmount}                       /* 브랜드 변동 금액              */
		     , PREMIUM_WON_AMOUNT                               = #{premiumWonAmount}                        /* 프리미엄 원화 금액            */
		     , PREMIUM_DOLLAR_AMOUNT                            = #{premiumDollarAmount}                     /* 프리미엄 달러 금액            */
		     , LME_MDAT_CFFCNT                                  = #{lmeMdatCffcnt}                           /* LME 조정 계수                 */
		     , FX_MDAT_CFFCNT                                   = #{fxMdatCffcnt}                            /* FX 조정 계수                  */
		     , MDAT_CFFCNT_PREMIUM_WON_AMOUNT                   = #{mdatCffcntPremiumWonAmount}              /* 조정 계수 프리미엄 원화 금액  */
		     , MDAT_CFFCNT_PREMIUM_DOLLAR_AMOUNT                = #{mdatCffcntPremiumDollarAmount}           /* 조정 계수 프리미엄 달러 금액  */
		     , LAST_PREMIUM_WON_AMOUNT                          = #{lastPremiumWonAmount}                    /* 최종 프리미엄 원화 금액       */
		     , LAST_PREMIUM_DOLLAR_AMOUNT                       = #{lastPremiumDollarAmount}                 /* 최종 프리미엄 달러 금액       */
		     , PREMIUM_STDR_AMOUNT                              = #{premiumStdrAmount}                       /* 프리미엄 기준 금액            */
		     , LAST_CHANGER_ID                                  = #{lastChangerId}                           /* 최종 변경자 아이디            */
		     , LAST_CHANGE_DT                                   = GETDATE()                                  /* 최종 변경 일시                */
		WHEN NOT MATCHED THEN
		INSERT
		     (
		       APPLC_DE                                                                                      /* 적용 일자                     */
		     , PC_SE_CODE                                                                                    /* 가격 구분 코드                */
		     , DSTRCT_LCLSF_CODE                                                                             /* 권역 대분류 코드              */
		     , BRAND_GROUP_CODE                                                                              /* 브랜드 그룹 코드              */
		     , BRAND_CODE                                                                                    /* 브랜드 코드                   */
		     , METAL_CODE                                                                                    /* 금속 코드                     */
		     , ITM_SN                                                                                        /* 아이템 순번                   */
		     , SLE_MTHD_CODE                                                                                 /* 판매 방식 코드                */
		     , PREMIUM_ID                                                                                    /* 프리미엄 아이디               */
		     , DSTRCT_CHANGE_AMOUNT                                                                          /* 권역 변동 금액                */
		     , BRAND_GROUP_CHANGE_AMOUNT                                                                     /* 브랜드 그룹 변동 금액         */
		     , BRAND_CHANGE_AMOUNT                                                                           /* 브랜드 변동 금액              */
		     , PREMIUM_WON_AMOUNT                                                                            /* 프리미엄 원화 금액            */
		     , PREMIUM_DOLLAR_AMOUNT                                                                         /* 프리미엄 달러 금액            */
		     , LME_MDAT_CFFCNT                                                                               /* LME 조정 계수                 */
		     , FX_MDAT_CFFCNT                                                                                /* FX 조정 계수                  */
		     , MDAT_CFFCNT_PREMIUM_WON_AMOUNT                                                                /* 조정 계수 프리미엄 원화 금액  */
		     , MDAT_CFFCNT_PREMIUM_DOLLAR_AMOUNT                                                             /* 조정 계수 프리미엄 달러 금액  */
		     , LAST_PREMIUM_WON_AMOUNT                                                                       /* 최종 프리미엄 원화 금액       */
		     , LAST_PREMIUM_DOLLAR_AMOUNT                                                                    /* 최종 프리미엄 달러 금액       */
		     , PREMIUM_STDR_AMOUNT                                                                           /* 프리미엄 기준 금액            */
		     , DELETE_DT                                                                                     /* 삭제 일시                     */
		     , DELETE_AT                                                                                     /* 삭제 여부                     */
		     , FRST_REGISTER_ID                                                                              /* 최초 등록자 아이디            */
		     , FRST_REGIST_DT                                                                                /* 최초 등록 일시                */
		     , LAST_CHANGER_ID                                                                               /* 최종 변경자 아이디            */
		     , LAST_CHANGE_DT                                                                                /* 최종 변경 일시                */
		     )
		VALUES
		     (
		       #{applcDe}                                                                                    /* 적용 일자                     */
		     , #{pcSeCode}                                                                                   /* 가격 구분 코드                */
		     , #{dstrctLclsfCode}                                                                            /* 권역 대분류 코드              */
		     , #{brandGroupCode}                                                                             /* 브랜드 그룹 코드              */
		     , #{brandCode}                                                                                  /* 브랜드 코드                   */
		     , #{metalCode}                                                                                  /* 금속 코드                     */
		     , #{itmSn}                                                                                      /* 아이템 순번                   */
		     , #{sleMthdCode}                                                                                /* 판매 방식 코드                */
		     , #{premiumId}                                                                                  /* 프리미엄 아이디               */
		     , #{dstrctChangeAmount}                                                                         /* 권역 변동 금액                */
		     , #{brandGroupChangeAmount}                                                                     /* 브랜드 그룹 변동 금액         */
		     , #{brandChangeAmount}                                                                          /* 브랜드 변동 금액              */
		     , #{premiumWonAmount}                                                                           /* 프리미엄 원화 금액            */
		     , #{premiumDollarAmount}                                                                        /* 프리미엄 달러 금액            */
		     , #{lmeMdatCffcnt}                                                                              /* LME 조정 계수                 */
		     , #{fxMdatCffcnt}                                                                               /* FX 조정 계수                  */
		     , #{mdatCffcntPremiumWonAmount}                                                                 /* 조정 계수 프리미엄 원화 금액  */
		     , #{mdatCffcntPremiumDollarAmount}                                                              /* 조정 계수 프리미엄 달러 금액  */
		     , #{lastPremiumWonAmount}                                                                       /* 최종 프리미엄 원화 금액       */
		     , #{lastPremiumDollarAmount}                                                                    /* 최종 프리미엄 달러 금액       */
		     , #{premiumStdrAmount}                                                                          /* 프리미엄 기준 금액            */
		     , NULL                                                                                          /* 삭제 일시                     */
		     , 'N'                                                                                           /* 삭제 여부                     */
		     , #{frstRegisterId}                                                                             /* 최초 등록자 아이디            */
		     , GETDATE()                                                                                     /* 최초 등록 일시                */
		     , #{lastChangerId}                                                                              /* 최종 변경자 아이디            */
		     , GETDATE()                                                                                     /* 최종 변경 일시                */
		     )
		;
    </insert>
    <insert id="insertPcSleExpectBeginPcPremiumPcInfoHst" parameterType="com.sorincorp.comm.expectbeginpr.model.PcSleExpectBeginPcPremiumPcInfoVO">
    	/* com.sorincorp.comm.expectbeginpr.mapper.ExpectBeginPcMapper.insertPcSleExpectBeginPcPremiumPcInfoHst */
		INSERT INTO dbo.PC_SLE_EXPECT_BEGIN_PC_PREMIUM_PC_INFO_HST                                           /* 가격_판매 예상 시작 가격 프리미엄 가격 정보 이력*/
		     (
		       APPLC_DE                                                                                      /* 적용 일자                     */
		     , PC_SE_CODE                                                                                    /* 가격 구분 코드                */
		     , DSTRCT_LCLSF_CODE                                                                             /* 권역 대분류 코드              */
		     , BRAND_GROUP_CODE                                                                              /* 브랜드 그룹 코드              */
		     , BRAND_CODE                                                                                    /* 브랜드 코드                   */
		     , SLE_MTHD_CODE                                                                                 /* 판매 방식 코드                */
		     , ITM_SN                                                                                        /* 아이템 순번                   */
		     , METAL_CODE                                                                                    /* 금속 코드                     */
		     , PREMIUM_ID                                                                                    /* 프리미엄 아이디               */
		     , DSTRCT_CHANGE_AMOUNT                                                                          /* 권역 변동 금액                */
		     , BRAND_GROUP_CHANGE_AMOUNT                                                                     /* 브랜드 그룹 변동 금액         */
		     , BRAND_CHANGE_AMOUNT                                                                           /* 브랜드 변동 금액              */
		     , PREMIUM_WON_AMOUNT                                                                            /* 프리미엄 원화 금액            */
		     , PREMIUM_DOLLAR_AMOUNT                                                                         /* 프리미엄 달러 금액            */
		     , LME_MDAT_CFFCNT                                                                               /* LME 조정 계수                 */
		     , FX_MDAT_CFFCNT                                                                                /* FX 조정 계수                  */
		     , MDAT_CFFCNT_PREMIUM_WON_AMOUNT                                                                /* 조정 계수 프리미엄 원화 금액  */
		     , MDAT_CFFCNT_PREMIUM_DOLLAR_AMOUNT                                                             /* 조정 계수 프리미엄 달러 금액  */
		     , LAST_PREMIUM_WON_AMOUNT                                                                       /* 최종 프리미엄 원화 금액       */
		     , LAST_PREMIUM_DOLLAR_AMOUNT                                                                    /* 최종 프리미엄 달러 금액       */
		     , PREMIUM_STDR_AMOUNT                                                                           /* 프리미엄 기준 금액            */
		     , DELETE_DT                                                                                     /* 삭제 일시                     */
		     , DELETE_AT                                                                                     /* 삭제 여부                     */
		     , FRST_REGISTER_ID                                                                              /* 최초 등록자 아이디            */
		     , FRST_REGIST_DT                                                                                /* 최초 등록 일시                */
		     , LAST_CHANGER_ID                                                                               /* 최종 변경자 아이디            */
		     , LAST_CHANGE_DT                                                                                /* 최종 변경 일시                */
		     )
		SELECT
		       PSEBPPPI.APPLC_DE                                                                             /* 적용 일자                     */
		     , PSEBPPPI.PC_SE_CODE                                                                           /* 가격 구분 코드                */
		     , PSEBPPPI.DSTRCT_LCLSF_CODE                                                                    /* 권역 대분류 코드              */
		     , PSEBPPPI.BRAND_GROUP_CODE                                                                     /* 브랜드 그룹 코드              */
		     , PSEBPPPI.BRAND_CODE                                                                           /* 브랜드 코드                   */
		     , PSEBPPPI.METAL_CODE                                                                           /* 금속 코드                     */
		     , PSEBPPPI.ITM_SN                                                                               /* 아이템 순번                   */
		     , PSEBPPPI.SLE_MTHD_CODE                                                                        /* 판매 방식 코드                */
		     , PSEBPPPI.PREMIUM_ID                                                                           /* 프리미엄 아이디               */
		     , PSEBPPPI.DSTRCT_CHANGE_AMOUNT                                                                 /* 권역 변동 금액                */
		     , PSEBPPPI.BRAND_GROUP_CHANGE_AMOUNT                                                            /* 브랜드 그룹 변동 금액         */
		     , PSEBPPPI.BRAND_CHANGE_AMOUNT                                                                  /* 브랜드 변동 금액              */
		     , PSEBPPPI.PREMIUM_WON_AMOUNT                                                                   /* 프리미엄 원화 금액            */
		     , PSEBPPPI.PREMIUM_DOLLAR_AMOUNT                                                                /* 프리미엄 달러 금액            */
		     , PSEBPPPI.LME_MDAT_CFFCNT                                                                      /* LME 조정 계수                 */
		     , PSEBPPPI.FX_MDAT_CFFCNT                                                                       /* FX 조정 계수                  */
		     , PSEBPPPI.MDAT_CFFCNT_PREMIUM_WON_AMOUNT                                                       /* 조정 계수 프리미엄 원화 금액  */
		     , PSEBPPPI.MDAT_CFFCNT_PREMIUM_DOLLAR_AMOUNT                                                    /* 조정 계수 프리미엄 달러 금액  */
		     , PSEBPPPI.LAST_PREMIUM_WON_AMOUNT                                                              /* 최종 프리미엄 원화 금액       */
		     , PSEBPPPI.LAST_PREMIUM_DOLLAR_AMOUNT                                                           /* 최종 프리미엄 달러 금액       */
		     , PSEBPPPI.PREMIUM_STDR_AMOUNT                                                                  /* 프리미엄 기준 금액            */
		     , PSEBPPPI.DELETE_DT                                                                            /* 삭제 일시                     */
		     , PSEBPPPI.DELETE_AT                                                                            /* 삭제 여부                     */
		     , PSEBPPPI.FRST_REGISTER_ID                                                                     /* 최초 등록자 아이디            */
		     , PSEBPPPI.FRST_REGIST_DT                                                                       /* 최초 등록 일시                */
		     , PSEBPPPI.LAST_CHANGER_ID                                                                      /* 최종 변경자 아이디            */
		     , PSEBPPPI.LAST_CHANGE_DT                                                                       /* 최종 변경 일시                */
		  FROM dbo.PC_SLE_EXPECT_BEGIN_PC_PREMIUM_PC_INFO AS PSEBPPPI                                        /* 가격_판매 예상 시작 가격 프리미엄 가격 정보*/
		 WHERE 1=1
		   AND PSEBPPPI.APPLC_DE                                = #{applcDe}                                 /* 적용 일자                     */
		   AND PSEBPPPI.PC_SE_CODE                              = #{pcSeCode}                                /* 가격 구분 코드                */
		   AND PSEBPPPI.DSTRCT_LCLSF_CODE                       = #{dstrctLclsfCode}                         /* 권역 대분류 코드              */
		   AND PSEBPPPI.BRAND_GROUP_CODE                        = #{brandGroupCode}                          /* 브랜드 그룹 코드              */
		   AND PSEBPPPI.BRAND_CODE                              = #{brandCode}                               /* 브랜드 코드                   */
		   AND PSEBPPPI.METAL_CODE                              = #{metalCode}                               /* 금속 코드                     */
		   AND PSEBPPPI.ITM_SN                                  = #{itmSn}                                   /* 아이템 순번                   */
		   AND PSEBPPPI.SLE_MTHD_CODE                           = #{sleMthdCode}                             /* 판매 방식 코드                */
    </insert>
    
    <select id="selectLastThreemonthLmePc" parameterType="com.sorincorp.comm.expectbeginpr.model.DcsnBeginPcVO" resultType="com.sorincorp.comm.expectbeginpr.model.DcsnBeginPcVO">
    	/* com.sorincorp.comm.expectbeginpr.mapper.ExpectBeginPcMapper.selectLastThreemonthLmePc */
    	SET TRANSACTION ISOLATION LEVEL READ UNCOMMITTED
    	SELECT 
			TOP 1
			PLPRB.THREEMONTH_END_PC AS THREEMONTH_LME_PC
		FROM 
			PR_LME_PC_RLTM_BAS PLPRB
		WHERE 
			PLPRB.METAL_CODE = #{metalCode}
			AND PLPRB.OCCRRNC_DE <![CDATA[<=]]> #{applcDe}
			AND PLPRB.OCCRRNC_TIME <![CDATA[<=]]> '060000'
			ORDER BY PLPRB.FRST_REGIST_DT DESC
    </select>

    <select id="selectDcsnBeginPc" parameterType="com.sorincorp.comm.expectbeginpr.model.DcsnBeginPcVO" resultType="com.sorincorp.comm.expectbeginpr.model.DcsnBeginPcVO">
    	/* com.sorincorp.comm.expectbeginpr.mapper.ExpectBeginPcMapper.selectDcsnBeginPc */
    	SET TRANSACTION ISOLATION LEVEL READ UNCOMMITTED
    	SELECT
			TOP 1
			TA.METAL_CODE
		     , TA.ITM_SN
		     , TA.DSTRCT_LCLSF_CODE
		     , TA.BRAND_GROUP_CODE
		     , TA.BRAND_CODE
		     , TA.OCCRRNC_DE
		     , TA.OCCRRNC_DE_TIME
		     , TA.PREMIUM_PC
		     , TA.END_PC
		     , TA.LME_PC
		     , TA.THREEMONTH_LME_PC
		     , TA.LME_MDAT_CFFCNT
		     , ISNULL(TA.LME_MDAT_CFFCNT + TA.LME_PC, '0') AS LME_TOTAL
		     , TA.EHGT_PC
		     , TA.FX_MDAT_CFFCNT
		     , ISNULL(TA.EHGT_PC + TA.FX_MDAT_CFFCNT, '0') AS EHGT_PCCT
		     , TA.BEGIN_PC
		     , TA.END_PC  AS STDR_PRICE
		     , TA.TOP_PC
		     , TA.LWET_PC
		     , TA.DELNG_QY
		     , TA.PREMIUM_STDR_AMOUNT
		     , TA.SLE_PC_RLTM_SN
		  FROM (
		  			SELECT
					       PRMIF.METAL_CODE                                                                              /* 금속 코드                     */
					     , PRMIF.ITM_SN                                                                                  /* 아이템 순번                   */
					     , PRMIF.DSTRCT_LCLSF_CODE                                                                       /* 권역 대분류 코드              */
					     , PRMIF.BRAND_GROUP_CODE                                                                        /* 브랜드 그룹 코드              */
					     , PRMIF.BRAND_CODE                                                                              /* 브랜드 코드                   */
					     , PRMIF.PREMIUM_STDR_AMOUNT
					     , FORMAT(CAST(PSPRB.OCCRRNC_DE AS DATETIME), 'yyyy-MM-dd') AS OCCRRNC_DE                        /* 발생 일자                     */
					     , FORMAT(CAST(PSPRB.OCCRRNC_DE AS DATETIME), 'yyyy-MM-dd') + ' ' +
						        + CONCAT(SUBSTRING(PSPRB.OCCRRNC_TIME, 1, 2), ':',
								     SUBSTRING(PSPRB.OCCRRNC_TIME, 3, 2), ':', SUBSTRING(PSPRB.OCCRRNC_TIME, 5, 2)) AS OCCRRNC_DE_TIME     /* 발생 시간          */                                                                  /* 발생 시간                     */
					     , PSPRB.OCCRRNC_SN                                                                              /* 발생 순번                     */
					     , PSPRB.SLE_PC_RLTM_SN                                                                          /* 판매 가격 실시간 순번         */
					     , PSPRB.BEGIN_PC +  PRMIF.SLE_PREMIUM_AMOUNT     AS BEGIN_PC                                    /* 시작 가격                     */
					     , PSPRB.END_PC   +  PRMIF.SLE_PREMIUM_AMOUNT     AS END_PC                                      /* 종료 가격                     */
					     , PSPRB.TOP_PC   +  PRMIF.SLE_PREMIUM_AMOUNT     AS TOP_PC                                      /* 최고 가격                     */
					     , PSPRB.LWET_PC  +  PRMIF.SLE_PREMIUM_AMOUNT     AS LWET_PC                                     /* 최저 가격                     */
					     , PSPRB.BEGIN_PC NON_PREMIUM_BEGIN_PC                                    						 /* 시작 가격(프리미엄x)          */
					     , PSPRB.END_PC   NON_PREMIUM_END_PC     			                                      		 /* 종료 가격(프리미엄x)          */
					     , PSPRB.TOP_PC   NON_PREMIUM_TOP_PC                                          				     /* 최고 가격(프리미엄x)          */
					     , PSPRB.LWET_PC  NON_PREMIUM_LWET_PC
					     , PSPRB.THREEMONTH_LME_PC                                                                       /* 3개월 LME 가격                */
					     , PSPRB.LME_PC                                                                                  /* LME 가격                      */
					     , PSPRB.LME_EXCCLC_PC                                                                           /* LME 정산 가격                 */
					     , PSPRB.EHGT_PC                                                                                 /* 환율 가격                     */
					     , PRMIF.SLE_PREMIUM_AMOUNT AS PREMIUM_PC                                                        /* 프리미엄 가격                 */
					     , PSPRB.LME_PC_RLTM_SN                                                                          /* LME 가격 실시간 순번          */
					     , PSPRB.EHGT_PC_RLTM_SN                                                                         /* 환율 가격 실시간 순번         */
					     , PRMIF.PREMIUM_NO                                                                              /* 프리미엄 번호                 */
					     , PSPRB.LME_MDAT_CFFCNT                                                                         /* LME 조정 계수                 */
					     , PSPRB.FX_MDAT_CFFCNT                                                                          /* FX 조정 계수                  */
					     , PSPRB.DELNG_QY                                                                                /* 거래 수량                     */
					     , PSPRB.ACCMLT_DELNG_QY                                                                         /* 누적 거래 수량                */
					     , PSPRB.VERSUS_PC                                                                               /* 대비 가격                     */
					     , PSPRB.VERSUS_RATE                                                                             /* 대비 비율                     */
					     , PSPRB.DELETE_DT                                                                               /* 삭제 일시                     */
					     , PSPRB.DELETE_AT                                                                               /* 삭제 여부                     */
					     , PSPRB.FRST_REGISTER_ID                                                                        /* 최초 등록자 아이디            */
					     , PSPRB.FRST_REGIST_DT                                                                          /* 최초 등록 일시                */
					     , PSPRB.LAST_CHANGER_ID                                                                         /* 최종 변경자 아이디            */
					     , PSPRB.LAST_CHANGE_DT                                                                          /* 최종 변경 일시                */
					  FROM dbo.PR_SEL_PC_RLTM_BAS AS PSPRB                                                               /* 가격_판매 가격 실시간 기본    */
					 INNER JOIN dbo.fn_PremiumInfoList(
									   #{validBeginDt}
									 , #{validEndDt}
								     , #{sleMthdCode}
								     , #{metalCode}
								     , IIF(#{itmSn} = 0, NULL, #{itmSn})
								     , #{dstrctLclsfCode}
								     , #{brandGroupCode}
								     , #{brandCode}
							     ) AS PRMIF
						ON PRMIF.METAL_CODE           = PSPRB.METAL_CODE
					 WHERE 1=1
					   AND PSPRB.METAL_CODE                                 = #{metalCode}
					   AND PSPRB.ITM_SN                                     = 0                                          /* ITM_SN                        */
					   AND PSPRB.DSTRCT_LCLSF_CODE                          = '00'                                       /* DSTRCT_LCLSF_CODE             */
					   AND PSPRB.BRAND_GROUP_CODE                           = '00'                                       /* BRAND_GROUP_CODE              */
					   AND PSPRB.BRAND_CODE                                 = '0000000000'                               /* BRAND_CODE                    */
					   /* AND (PSPRB.OCCRRNC_DE + PSPRB.OCCRRNC_TIME) BETWEEN PRMIF.VALID_BEGIN_DT AND PRMIF.VALID_END_DT */
					   AND PSPRB.OCCRRNC_DE                                 = #{applcDe}
		       ) TA
		ORDER BY TA.SLE_PC_RLTM_SN ASC
    </select>
    
    <select id="selectNdfEhgtPc" parameterType="com.sorincorp.comm.expectbeginpr.model.NdfEhgtPcVO" resultType="com.sorincorp.comm.expectbeginpr.model.NdfEhgtPcVO">
    	SELECT 
			TOP 1
			date 
			,time
			,type
			,bid
			,ask
			,pid
		FROM 
			${dblinkStsName}TREP_NDF
		ORDER BY
			date desc, time desc
    </select>

	<select id="cnfirmExpectBiginPc" parameterType="com.sorincorp.comm.expectbeginpr.model.PcSleExpectBeginPcBasVO" resultType="int">
		SELECT
			COUNT(*)
		FROM
			PC_SLE_EXPECT_BEGIN_PC_BAS
		WHERE 1=1
		  AND APPLC_DE = #{applcDe}
		  AND SITE_SE_CODE = #{siteSeCode}
		  AND PC_SE_CODE = #{pcSeCode}
		  AND DSTRCT_LCLSF_CODE = #{dstrctLclsfCode}
		  AND BRAND_GROUP_CODE = #{brandGroupCode}
		  AND METAL_CODE = #{metalCode}
	</select>

	<select id="cnfirmSelPc" parameterType="com.sorincorp.comm.expectbeginpr.model.PcSleExpectBeginPcBasVO" resultType="int">
		SELECT
			COUNT(*)
		FROM
			dbo.PR_SEL_PC_RLTM_BAS
		WHERE 1=1
		  AND OCCRRNC_DE = #{applcDe}
		  AND METAL_CODE = #{metalCode}
	</select>
</mapper>