<?xml version="1.0" encoding="UTF-8"?>
<!DOCTYPE mapper PUBLIC "-//mybatis.org//DTD Mapper 3.0//EN" "http://mybatis.org/dtd/mybatis-3-mapper.dtd">
<mapper namespace="com.sorincorp.api.credt.mapper.LonMapper">

	<select id="checkExecutPossTime" parameterType="String" resultType="boolean">
		/* com.sorincorp.api.credt.mapper.LonMapper.checkExecutPossTime */
		SET TRANSACTION ISOLATION LEVEL READ UNCOMMITTED
		SELECT
			CASE WHEN
				CONVERT(TIME, GETDATE()) BETWEEN BEGIN_TIME AND END_TIME THEN 1		/* 실행 가능한 시간일 시 return true */
				ELSE 0
			END
		FROM(
			SELECT
				  CONVERT(TIME, STUFF(STUFF(CONCAT(CODE_DCONE, '00'), 5, 0, ':'), 3, 0, ':')) AS BEGIN_TIME		/* 실행 가능 시작 시간 */
				, CASE CODE_DCTWO
					WHEN '2400' THEN CONVERT(TIME, '23:59:59')
					ELSE CONVERT(TIME, STUFF(STUFF(CONCAT(CODE_DCTWO, '00'), 5, 0, ':'), 3, 0, ':'))
				  END AS END_TIME																				/* 실행 가능 종료 시간 */
			FROM CO_CMMN_CD
			WHERE 1=1
			AND MAIN_CODE = 'BANK_CODE'
			AND SUB_CODE = #{bankCode}																			/* 은행 코드 */
		) AS TIMES
	</select>

	<select id="selectMberData" parameterType="com.sorincorp.api.credt.model.LonReqVO" resultType="com.sorincorp.api.credt.model.LmtInqireReqVO">
		/* com.sorincorp.api.credt.mapper.LonMapper.selectMberData */
		SET TRANSACTION ISOLATION LEVEL READ UNCOMMITTED
		SELECT DISTINCT
			  MEIB.BSNM_REGIST_NO	AS BUY_BUSINESS_NO	/* 사업자 등록 번호 -> 구매사 사업자번호 10자리 */
			, MEIB.CPR_REGIST_NO	AS BUY_INCORPO_NO	/* 법인 등록 번호 -> 구매사 법인번호 13자리 */
		FROM MB_ENTRPS_INFO_BAS MEIB				/* 회원_업체 정보 기본 */
		LEFT JOIN OR_ORDER_BAS OOB						/* 주문_주문 기본 */
		ON MEIB.ENTRPS_NO = OOB.ENTRPS_NO			/* 업체 번호(PK) */
		AND OOB.DELETE_AT = 'N'
		WHERE 1=1
		AND MEIB.DELETE_AT = 'N'					/* 삭제 여부 */
		<choose>
			<when test="orderNo != null and orderNo !='' ">
				AND OOB.ORDER_NO = #{orderNo}				/* 주문 번호(PK) */
			</when>
			<when test="entrpsNo != null and entrpsNo !='' ">
				AND MEIB.ENTRPS_NO = #{entrpsNo}			/* 업체 번호(PK) */
			</when>
		</choose>
	</select>

	<select id="selectLonInfo" parameterType="String" resultType="com.sorincorp.api.credt.model.LonReqVO">
		/* com.sorincorp.api.credt.mapper.LonMapper.selectLonInfo */
		SET TRANSACTION ISOLATION LEVEL READ UNCOMMITTED
		SELECT
			  OLB.ORDER_NO								/* 주문 번호 */
			, OLB.BANK_CODE								/* 은행 코드 */
			, OLB.SANCTN_MN_CODE						/* 결제 수단 코드 */
			, OLB.SETLE_PREARNGE_AMOUNT					/* 결제 예정 금액 */
		FROM OR_LON_BAS OLB
		WHERE 1=1
		AND OLB.DELETE_AT = 'N'
		AND LON_NO = #{lonNo}							/* 대출 번호(PK) */
	</select>

	<select id="selectRequestSuccessData" parameterType="long" resultType="boolean">
		/* com.sorincorp.api.credt.mapper.LonMapper.selectRequestSuccessData */
		SET TRANSACTION ISOLATION LEVEL READ UNCOMMITTED
		SELECT
			CASE PROCESS_STTUS_CODE 					/* 처리 상태 코드 : S - 처리 완료 */
				WHEN 'S' THEN 1
			ELSE 0
			END
		FROM IF_KODIT_LON_ORDER_BAS
		WHERE INTRFC_SN = #{intrfcSn}
	</select>

	<update id="updateOrLonBas" parameterType="com.sorincorp.api.credt.model.LonOrderVO">
		/* com.sorincorp.api.credt.mapper.LonMapper.updateOrLonBas */
		UPDATE OR_LON_BAS							/* 주문_대출 기본 */
		SET
			  LON_STTUS_CODE	= #{lonSttusCode}	/* 대출 상태 코드 */
			, LAST_CHANGE_DT	= GETDATE()
			, LAST_CHANGER_ID	= #{lastChangerId}
		WHERE LON_NO = #{lonNo}
	</update>

	<insert id="insertOrLonBasHst" parameterType="String">
		/* com.sorincorp.api.credt.mapper.LonMapper.insertOrLonBasHst */
		/******  INSERT : OR_LON_BAS_hst(주문_대출 기본 이력)                                                                            ******/
		INSERT INTO dbo.OR_LON_BAS_HST                                                                       /* 주문_대출 기본 이력           */
	     (
	       LON_NO                                                                                        /* 대출 번호                     */
	     , ORDER_NO                                                                                      /* 주문 번호                     */
	     , LON_STTUS_CODE                                                                                /* 대출 상태 코드                */
	     , BANK_CODE                                                                                     /* 은행 코드                     */
	     , ORDER_PNTTM_LMT_AMOUNT                                                                        /* 주문 시점 한도 금액           */
	     , LON_GRNTY_REQST_DE                                                                            /* 대출 보증 신청 일자           */
	     , SETLE_PREARNGE_AMOUNT                                                                         /* 결제 예정 금액                */
	     , SETLE_PREARNGE_DE                                                                             /* 결제 예정 일자                */
	     , EXPRTN_DE                                                                                     /* 만기 일자                     */
	     , REQUST_MP_FEE                                                                                 /* 요청 MP 수수료                */
	     , REQUST_BANK_FEE                                                                               /* 요청 은행 수수료              */
	     , TAXBIL_CONFM_NO                                                                               /* 세금계산서 승인 번호          */
	     , TAXBIL_ISU_DE                                                                                 /* 세금계산서 발행 일자          */
	     , TAXBIL_ISU_AMOUNT                                                                             /* 세금계산서 발행 금액          */
	     , TAXBIL_SPLPC                                                                                  /* 세금계산서 공급가             */
	     , TAXBIL_SEQ_NO                                                                                 /* 세금계산서 일련 번호          */
	     , SPLPC                                                                                         /* 공급가                        */
	     , VAT                                                                                           /* 부가세                        */
	     , SLEPC                                                                                         /* 판매가                        */
	     , DSPTH_SE_CODE                                                                                 /* 통보 구분 코드                */
	     , SANCTN_MN_CODE                                                                                /* 결재 수단 코드                */
	     , SETLE_DE                                                                                      /* 결제 일자                     */
	     , SETLE_AMOUNT                                                                                  /* 결제 금액                     */
	     , MP_FEE                                                                                        /* MP 수수료                     */
	     , BANK_FEE                                                                                      /* 은행 수수료                   */
	     , MP_FEE_MDAT_AMOUNT                                                                            /* MP 수수료 조정 금액           */
	     , MP_FEE_MDAT_RESN                                                                              /* MP 수수료 조정 사유           */
	     , LON_GRNTY_FEE_BND_MBY_AT                                                                      /* 대출 보증 수수료 부담 주체 여부*/
	     , CT_EXCCLC_REQUST_NO                                                                           /* 비용 정산 요청 번호           */
	     , DELETE_DT                                                                                     /* 삭제 일시                     */
	     , DELETE_AT                                                                                     /* 삭제 여부                     */
	     , FRST_REGISTER_ID                                                                              /* 최초 등록자 아이디            */
	     , FRST_REGIST_DT                                                                                /* 최초 등록 일시                */
	     , LAST_CHANGER_ID                                                                               /* 최종 변경자 아이디            */
	     , LAST_CHANGE_DT                                                                                /* 최종 변경 일시                */
	     )
	SELECT
	       OLB.LON_NO                                                                                    /* 대출 번호                     */
	     , OLB.ORDER_NO                                                                                  /* 주문 번호                     */
	     , OLB.LON_STTUS_CODE                                                                            /* 대출 상태 코드                */
	     , OLB.BANK_CODE                                                                                 /* 은행 코드                     */
	     , OLB.ORDER_PNTTM_LMT_AMOUNT                                                                    /* 주문 시점 한도 금액           */
	     , OLB.LON_GRNTY_REQST_DE                                                                        /* 대출 보증 신청 일자           */
	     , OLB.SETLE_PREARNGE_AMOUNT                                                                     /* 결제 예정 금액                */
	     , OLB.SETLE_PREARNGE_DE                                                                         /* 결제 예정 일자                */
	     , OLB.EXPRTN_DE                                                                                 /* 만기 일자                     */
	     , OLB.REQUST_MP_FEE                                                                             /* 요청 MP 수수료                */
	     , OLB.REQUST_BANK_FEE                                                                           /* 요청 은행 수수료              */
	     , OLB.TAXBIL_CONFM_NO                                                                           /* 세금계산서 승인 번호          */
	     , OLB.TAXBIL_ISU_DE                                                                             /* 세금계산서 발행 일자          */
	     , OLB.TAXBIL_ISU_AMOUNT                                                                         /* 세금계산서 발행 금액          */
	     , OLB.TAXBIL_SPLPC                                                                              /* 세금계산서 공급가             */
	     , OLB.TAXBIL_SEQ_NO                                                                             /* 세금계산서 일련 번호          */
	     , OLB.SPLPC                                                                                     /* 공급가                        */
	     , OLB.VAT                                                                                       /* 부가세                        */
	     , OLB.SLEPC                                                                                     /* 판매가                        */
	     , OLB.DSPTH_SE_CODE                                                                             /* 통보 구분 코드                */
	     , OLB.SANCTN_MN_CODE                                                                            /* 결재 수단 코드                */
	     , OLB.SETLE_DE                                                                                  /* 결제 일자                     */
	     , OLB.SETLE_AMOUNT                                                                              /* 결제 금액                     */
	     , OLB.MP_FEE                                                                                    /* MP 수수료                     */
	     , OLB.BANK_FEE                                                                                  /* 은행 수수료                   */
	     , OLB.MP_FEE_MDAT_AMOUNT                                                                        /* MP 수수료 조정 금액           */
	     , OLB.MP_FEE_MDAT_RESN                                                                          /* MP 수수료 조정 사유           */
	     , OLB.LON_GRNTY_FEE_BND_MBY_AT                                                                  /* 대출 보증 수수료 부담 주체 여부*/
	     , OLB.CT_EXCCLC_REQUST_NO                                                                       /* 비용 정산 요청 번호           */
	     , OLB.DELETE_DT                                                                                 /* 삭제 일시                     */
	     , OLB.DELETE_AT                                                                                 /* 삭제 여부                     */
	     , OLB.FRST_REGISTER_ID                                                                          /* 최초 등록자 아이디            */
	     , OLB.FRST_REGIST_DT                                                                            /* 최초 등록 일시                */
	     , OLB.LAST_CHANGER_ID                                                                           /* 최종 변경자 아이디            */
	     , OLB.LAST_CHANGE_DT                                                                            /* 최종 변경 일시                */
	  FROM dbo.OR_LON_BAS AS OLB                                                                         /* 주문_대출 기본                */
	 WHERE 1=1
	   AND OLB.LON_NO = #{lonNo}                                   										 /* 대출 번호                     */
	</insert>
	
	<update id="updateSetleMthdDetailCode" parameterType="com.sorincorp.api.credt.model.LonOrderVO">
		/* com.sorincorp.api.credt.mapper.LonMapper.updateSetleMthdDetailCode */
		UPDATE OR_ORDER_BAS													/* 주문_주문 기본 */
		SET
			  SETLE_MTHD_DETAIL_CODE = '9030'								/* 결제 방식 상세 코드 */
			, LAST_CHANGER_ID        = #{lastChangerId}						/* 최종 변경자 아이디 */
			, LAST_CHANGE_DT         = GETDATE()							/* 최종 변경 일시 */
		WHERE 1=1
		AND ORDER_NO = #{orderNo}											/* 주문 번호 */
	</update>

	<insert id="insertMbEntrpsLonLmtDtl" parameterType="com.sorincorp.api.credt.model.LonComptProcessVO">
		/* com.sorincorp.api.credt.mapper.LonMapper.insertMbEntrpsLonLmtDtl */
		/******  INSERT : MB_ENTRPS_LON_LMT_DTL(회원_업체 대출 한도 상세)                                                                ******/
		INSERT INTO dbo.MB_ENTRPS_LON_LMT_DTL                                                                /* 회원_업체 대출 한도 상세      */
		     (
		       ENTRPS_NO                                                                                     /* 업체 번호                     */
		     , BANK_CODE                                                                                     /* 은행 코드                     */
		     , LON_DELNG_DT                                                                                  /* 대출 거래 일시                */
		     , LON_DELNG_TY_CODE                                                                             /* 대출 거래 유형 코드           */
		     , LON_SUMRY                                                                                     /* 대출 적요                     */
		     , LON_DELNG_AMOUNT                                                                              /* 대출 거래 금액                */
		     , ORDER_NO                                                                                      /* 주문 번호                     */
		     , CANCL_EXCHNG_RTNGUD_NO                                                                        /* 취소 교환 반품 번호           */
		     , DELETE_AT                                                                                     /* 삭제 여부                     */
		     , FRST_REGISTER_ID                                                                              /* 최초 등록자 아이디            */
		     , FRST_REGIST_DT                                                                                /* 최초 등록 일시                */
		     , LAST_CHANGER_ID                                                                               /* 최종 변경자 아이디            */
		     , LAST_CHANGE_DT                                                                                /* 최종 변경 일시                */
		     )
		SELECT
			  OOB.ENTRPS_NO                            					AS ENTRPS_NO                         /* 업체 번호                     */
			, OLB.BANK_CODE                            					AS BANK_CODE                         /* 은행 코드                     */
			, OLB.LON_GRNTY_REQST_DE+' '+CONVERT(CHAR(8), GETDATE(), 8)	AS LON_DELNG_DT                      /* 대출 거래 일시                */
			, '01'                                     					AS LON_DELNG_TY_CODE                 /* 대출 거래 유형 코드           */
			, '케이지크레딧 상환'                          					AS LON_SUMRY                         /* 대출 적요                     */
			, OLB.SETLE_PREARNGE_AMOUNT                					AS LON_DELNG_AMOUNT                  /* 대출 거래 금액                */
			, OOB.ORDER_NO                             					AS ORDER_NO                          /* 주문 번호                     */
			, dbo.fn_getOrderNo(OOB.ORDER_NO, '2')     					AS CANCL_EXCHNG_RTNGUD_NO            /* 취소 교환 반품 번호           */
			, 'N'                                      					AS DELETE_AT                         /* 삭제 여부                     */
			, #{lastChangerId}                        					AS FRST_REGISTER_ID                  /* 최초 등록자 아이디 */
			, GETDATE()                                					AS FRST_REGIST_DT                    /* 최초 등록 일시 */
			, #{lastChangerId}                         					AS LAST_CHANGER_ID                   /* 최종 변경자 아이디 */
			, GETDATE()                                					AS LAST_CHANGE_DT                    /* 최종 변경 일시 */
		FROM OR_LON_BAS OLB
		JOIN OR_ORDER_BAS OOB
		ON OLB.ORDER_NO = OOB.ORDER_NO
		AND OOB.DELETE_AT = 'N'
		WHERE 1=1
		AND OLB.DELETE_AT = 'N'
		AND OLB.LON_NO = #{lonNo}
	</insert>

	<insert id="insertMbEntrpsLonLmtDtlHst" parameterType="com.sorincorp.api.credt.model.LonComptProcessVO">
		/* com.sorincorp.api.credt.mapper.LonMapper.insertMbEntrpsLonLmtDtlHst */
		/******  INSERT : MB_ENTRPS_LON_LMT_DTL_HST(회원_업체 대출 한도 상세 이력)                                                       ******/
		INSERT INTO dbo.MB_ENTRPS_LON_LMT_DTL_HST                                                            /* 회원_업체 대출 한도 상세 이력 */
		     (
		       ENTRPS_NO                                                                                     /* 업체 번호                     */
		     , BANK_CODE                                                                                     /* 은행 코드                     */
		     , ENTRPS_LON_SN                                                                                 /* 업체 대출 순번                */
		     , LON_DELNG_DT                                                                                  /* 대출 거래 일시                */
		     , LON_DELNG_TY_CODE                                                                             /* 대출 거래 유형 코드           */
		     , LON_SUMRY                                                                                     /* 대출 적요                     */
		     , LON_DELNG_AMOUNT                                                                              /* 대출 거래 금액                */
		     , ORDER_NO                                                                                      /* 주문 번호                     */
		     , CANCL_EXCHNG_RTNGUD_NO                                                                        /* 취소 교환 반품 번호           */
		     , DELETE_AT                                                                                     /* 삭제 여부                     */
		     , DELETE_DT                                                                                     /* 삭제 일시                     */
		     , FRST_REGISTER_ID                                                                              /* 최초 등록자 아이디            */
		     , FRST_REGIST_DT                                                                                /* 최초 등록 일시                */
		     , LAST_CHANGER_ID                                                                               /* 최종 변경자 아이디            */
		     , LAST_CHANGE_DT                                                                                /* 최종 변경 일시                */
		     )
		/******  SELECT : MB_ENTRPS_LON_LMT_DTL(회원_업체 대출 한도 상세)                                                                ******/
		SELECT
		       MELLD.ENTRPS_NO                                                                               /* 업체 번호                     */
		     , MELLD.BANK_CODE                                                                               /* 은행 코드                     */
		     , MELLD.ENTRPS_LON_SN                                                                           /* 업체 대출 순번                */
		     , MELLD.LON_DELNG_DT                                                                            /* 대출 거래 일시                */
		     , MELLD.LON_DELNG_TY_CODE                                                                       /* 대출 거래 유형 코드           */
		     , MELLD.LON_SUMRY                                                                               /* 대출 적요                     */
		     , MELLD.LON_DELNG_AMOUNT                                                                        /* 대출 거래 금액                */
		     , MELLD.ORDER_NO                                                                                /* 주문 번호                     */
		     , MELLD.CANCL_EXCHNG_RTNGUD_NO                                                                  /* 취소 교환 반품 번호           */
		     , MELLD.DELETE_AT                                                                               /* 삭제 여부                     */
		     , MELLD.DELETE_DT                                                                               /* 삭제 일시                     */
		     , MELLD.FRST_REGISTER_ID                                                                        /* 최초 등록자 아이디            */
		     , MELLD.FRST_REGIST_DT                                                                          /* 최초 등록 일시                */
		     , MELLD.LAST_CHANGER_ID                                                                         /* 최종 변경자 아이디            */
		     , MELLD.LAST_CHANGE_DT                                                                          /* 최종 변경 일시                */
		  FROM dbo.MB_ENTRPS_LON_LMT_DTL AS MELLD                                                            /* 회원_업체 대출 한도 상세      */
		 WHERE 1=1
		   AND MELLD.ENTRPS_NO = (SELECT OOB.ENTRPS_NO
		   						  FROM OR_ORDER_BAS OOB
		   						  WHERE 1=1
		   						  AND OOB.DELETE_AT = 'N'
		   						  AND OOB.ORDER_NO = #{orderNo})												 /* 업체 번호                     */
	</insert>

	<select id="selectKoditLonOrderData" parameterType="String" resultType="com.sorincorp.api.credt.model.LonOrderVO">
		/* com.sorincorp.api.credt.mapper.LonMapper.selectKoditLonOrderData */
		SET TRANSACTION ISOLATION LEVEL READ UNCOMMITTED
		SELECT
			  #{lonNo}                                            AS LON_NO               	/* 대출 번호 					 */
			, OLB.SANCTN_MN_CODE				                  AS SANCTN_MN_CODE		  	/* 결재 수단 코드                */
			, OOB.ORDER_DE                                        AS ORDER_DE             	/* 주문 일자                     */
			, OOB.ORDER_NO                                        AS ORDER_NO             	/* 주문 번호                     */
			, MEIB.ENTRPSNM_KOREAN                                AS ENTRPS_NM            	/* 업체명 한글                   */
			, REPLACE(MEIB.BSNM_REGIST_NO, '-', '')               AS BSNM_REGIST_NO       	/* 사업자 등록 번호              */
			, REPLACE(MEIB.CPR_REGIST_NO, '-', '')                AS CPR_REGIST_NO        	/* 법인 등록 번호                */
			, REPLACE(CBB.BSNM_REGIST_NO, '-', '')                AS SELER_BSNM_REGIST_NO 	/* 사업자 등록 번호              */
			, REPLACE(CCB.CPR_REGIST_NO, '-', '')                 AS SELER_CPR_REGIST_NO  	/* 법인 등록 번호                */
			, OLB.SPLPC                                           AS SPLPC                	/* 공급가                        */
			, OLB.VAT                                             AS VAT                  	/* 부가세                        */
			, OLB.SLEPC                                           AS SLEPC                	/* 판매가                        */
			, OLB.BANK_CODE						                  AS PURCHSR_BANK_CODE	  	/* 구매자 은행 코드              */
			, OLB.BANK_CODE	                                      AS SELER_BANK_CODE      	/* 판매자 은행 코드              */
			, CCC.CODE_REFRNTHREE                                 AS SELER_ACNUT_NO       	/* 판매자 계좌 번호              */
			, OLB.TAXBIL_CONFM_NO                                 AS TAXBIL_CONFM_NO      	/* 승인 번호                     */
			, OLB.TAXBIL_SEQ_NO                                   AS TAXBIL_SEQ_NO        	/* 세금 계산서 신청 번호         */
			, OLB.TAXBIL_ISU_DE        							  AS TAXBIL_ISU_DE        	/* 발행 일시                     */
			, OLB.TAXBIL_ISU_AMOUNT                               AS TAXBIL_ISU_AMOUNT    	/* 총 금액                       */
			, OLB.TAXBIL_SPLPC                            		  AS TAXBIL_SPLPC         	/* 총 공급 가액 합계             */
			, OTBD.THNG_NM                                        AS REP_PRDLST           	/* 물품 명                       */
			, OLB.SETLE_PREARNGE_AMOUNT                           AS SETLE_PREARNGE_AMOUNT	/* 결제 예정 금액                */
			, OLB.SETLE_PREARNGE_DE		                  		  AS SETLE_PREARNGE_DE    	/* 결제 예정 일자                */
			, OLB.EXPRTN_DE                                       AS EXPRTN_DE            	/* 만기 일자                     */
			, 'Y'			                                      AS VAT_INCLS_AT         	/* 부가세 포함 여부              */
			, 'N'		                                          AS PASSIV_AT            	/* 수동 여부                     */
			, OLB.REQUST_MP_FEE                                   AS MP_FEE               	/* 요청 MP 수수료                */
			, OLB.REQUST_BANK_FEE                                 AS BANK_FEE             	/* 요청 은행 수수료              */
			, 1				                                      AS ORDER_DETAIL_CO      	/* 주문 상세 건수                */
			, 'N'								                  AS PROCESS_STTUS_CODE	  	/* 처리 상태 코드				 */
			, OTBD.THNG_NM          			                  AS PRDLST				  	/* 물품 명						 */
			, OTBD.THNG_STNDRD              	                  AS STNDRD               	/* 물품 규격					 */
			, 1                       							  AS QY                   	/* 비고							 */
			, (CASE WHEN OTBD.THNG_NM = '케이지배송비'
				THEN '대'
				ELSE OTBD.THNG_STNDRD
				END)						                      AS QY_UNIT              	/* 물품 규격					 */
			, OLB.SPLPC                                     	  AS THNG_UNTPC           	/* 물품 단가					 */
			, OLB.SPLPC                              			  AS THNG_SUPLY_AMOUNT    	/* 물품 공급 가액				 */
			, OLB.VAT                                			  AS THNG_TAXAMT          	/* 물품 세액					 */
			, OLB.SLEPC                             			  AS THNG_SLE_PC          	/* 물품 판매가					 */
		FROM OR_ORDER_BAS OOB
		JOIN MB_ENTRPS_INFO_BAS MEIB
		ON OOB.ENTRPS_NO = MEIB.ENTRPS_NO
		AND MEIB.DELETE_AT = 'N'
		JOIN OR_TAX_BILL_BAS OTBB
		ON OOB.ORDER_NO = OTBB.ORDER_NO
		AND OTBB.DELETE_AT = 'N'
		JOIN OR_TAX_BILL_DTL OTBD
		ON OTBD.TAX_BILL_REQST_NO = OTBB.TAX_BILL_REQST_NO
		AND OTBD.TAX_BILL_REQST_DETAIL_SN = OTBB.TAX_BILL_REQST_DETAIL_SN
		AND OTBD.ORDER_NO = OTBB.ORDER_NO
		AND OTBD.CANCL_EXCHNG_RTNGUD_NO = OTBB.CANCL_EXCHNG_RTNGUD_NO
		AND OTBD.DELETE_AT = 'N'
		JOIN OR_LON_BAS OLB
		ON OLB.ORDER_NO = OOB.ORDER_NO
		AND OLB.DELETE_AT = 'N'
		LEFT JOIN CO_BPLC_BAS CBB
		ON CBB.CMPNY_ESNTL_NO = 'SC'
		AND CBB.BPLC_CODE = '10'
		JOIN CO_CPR_BAS CCB
		ON CCB.CPR_CODE = CBB.CPR_CODE
		LEFT JOIN CO_CMMN_CD CCC
		ON MAIN_CODE = 'BANK_CODE'
		AND SUB_CODE = OLB.BANK_CODE
		WHERE 1=1
		AND OTBB.TAX_BILL_CL_CODE = '01'
		<!-- 실제 발행까지 텀이 수십분 이상이므로 조건 제외
		AND OTBB.PROCESS_STTUS_CODE = '03'
		 -->
		AND OTBD.TAX_BILL_GOODS_SEQ_NO = 1
		AND OLB.LON_NO = #{lonNo}
	</select>

	<insert id="insertIfKoditLonOrderBas" parameterType="com.sorincorp.api.credt.model.LonOrderVO" useGeneratedKeys="true" keyProperty="intrfcSn">
		/* com.sorincorp.api.credt.mapper.LonMapper.insertIfKoditLonOrderBas */
		/******  INSERT : IF_KODIT_LON_ORDER_BAS(인터페이스 신보 대출 매매 계약 기본)                                                    ******/
		INSERT INTO dbo.IF_KODIT_LON_ORDER_BAS                                                               /* 인터페이스 신보 대출 매매 계약 기본*/
		     (
		       LON_NO                                                                                        /* 대출 번호                     */
		     , SANCTN_MN_CODE																				 /* 결재 수단 코드                */
		     , ORDER_DE                                                                                      /* 주문 일자                     */
		     , ORDER_NO                                                                                      /* 주문 번호                     */
		     , ENTRPS_NM                                                                                     /* 업체 명                       */
		     , BSNM_REGIST_NO                                                                                /* 사업자 등록 번호              */
		     , CPR_REGIST_NO                                                                                 /* 법인 등록 번호                */
		     , SELER_BSNM_REGIST_NO                                                                          /* 판매자 사업자 등록 번호       */
		     , SELER_CPR_REGIST_NO                                                                           /* 판매자 법인 등록 번호         */
		     , SPLPC                                                                                         /* 공급가                        */
		     , VAT                                                                                           /* 부가세                        */
		     , SLEPC                                                                                         /* 판매가                        */
		     , PURCHSR_BANK_CODE																			 /* 구매자 은행 코드              */
		     , SELER_BANK_CODE                                                                               /* 판매자 은행 코드              */
		     , SELER_ACNUT_NO                                                                                /* 판매자 계좌 번호              */
		     , TAXBIL_CONFM_NO                                                                               /* 세금계산서 승인 번호          */
		     , TAXBIL_SEQ_NO                                                                                 /* 세금계산서 일련 번호          */
		     , TAXBIL_ISU_DE                                                                                 /* 세금계산서 발행 일자          */
		     , TAXBIL_ISU_AMOUNT                                                                             /* 세금계산서 발행 금액          */
		     , TAXBIL_SPLPC                                                                                  /* 세금계산서 공급가             */
		     , REP_PRDLST                                                                                    /* 대표 품목                     */
		     , SETLE_PREARNGE_AMOUNT                                                                         /* 결제 예정 금액                */
		     , SETLE_PREARNGE_DE                                                                             /* 결제 예정 일자                */
		     , EXPRTN_DE                                                                                     /* 만기 일자                     */
		     , VAT_INCLS_AT                                                                                  /* 부가세 포함 여부              */
		     , PASSIV_AT                                                                                     /* 수동 여부                     */
		     , MP_FEE                                                                                        /* MP 수수료                     */
		     , BANK_FEE                                                                                      /* 은행 수수료                   */
		     , ORDER_DETAIL_CO                                                                               /* 주문 상세 건수                */
             , PROCESS_STTUS_CODE                                                                            /* 처리 상태 코드                */
		     , FRST_REGISTER_ID                                                                              /* 최초 등록자 아이디            */
		     , FRST_REGIST_DT                                                                                /* 최초 등록 일시                */
		     , LAST_CHANGER_ID                                                                               /* 최종 변경자 아이디            */
		     , LAST_CHANGE_DT                                                                                /* 최종 변경 일시                */
		     )
		VALUES
		     (
		       #{lonNo}                                                                                      /* 대출 번호                     */
		     , #{sanctnMnCode}                                                                               /* 결재 수단 코드                */
		     , #{orderDe}                                                                                    /* 주문 일자                     */
		     , #{orderNo}                                                                                    /* 주문 번호                     */
		     , #{entrpsNm}                                                                                   /* 업체 명                       */
		     , #{bsnmRegistNo}                                                                               /* 사업자 등록 번호              */
		     , #{cprRegistNo}                                                                                /* 법인 등록 번호                */
		     , #{selerBsnmRegistNo}                                                                          /* 판매자 사업자 등록 번호       */
		     , #{selerCprRegistNo}                                                                           /* 판매자 법인 등록 번호         */
		     , #{splpc}                                                                                      /* 공급가                        */
		     , #{vat}                                                                                        /* 부가세                        */
		     , #{slepc}                                                                                      /* 판매가                        */
		     , #{purchsrBankCode}                                                                            /* 구매자 은행 코드              */
		     , #{selerBankCode}                                                                              /* 판매자 은행 코드              */
		     , #{selerAcnutNo}                                                                               /* 판매자 계좌 번호              */
		     , #{taxbilConfmNo}                                                                              /* 세금계산서 승인 번호          */
		     , #{taxbilSeqNo}                                                                                /* 세금계산서 일련 번호          */
		     , #{taxbilIsuDe}                                                                                /* 세금계산서 발행 일자          */
		     , #{taxbilIsuAmount}                                                                            /* 세금계산서 발행 금액          */
		     , #{taxbilSplpc}                                                                                /* 세금계산서 공급가             */
		     , #{repPrdlst}                                                                                  /* 대표 품목                     */
		     , #{setlePrearngeAmount}                                                                        /* 결제 예정 금액                */
		     , #{setlePrearngeDe}                                                                            /* 결제 예정 일자                */
		     , #{exprtnDe}                                                                                   /* 만기 일자                     */
		     , #{vatInclsAt}                                                                                 /* 부가세 포함 여부              */
		     , #{passivAt}                                                                                   /* 수동 여부                     */
		     , #{mpFee}                                                                                      /* MP 수수료                     */
		     , #{bankFee}                                                                                    /* 은행 수수료                   */
		     , #{orderDetailCo}                                                                              /* 주문 상세 건수                */
		     , #{processSttusCode}                                                                           /* 처리 상태 코드                */
		     , #{frstRegisterId}                                                                             /* 최초 등록자 아이디            */
		     , GETDATE()                                                                               		 /* 최초 등록 일시                */
		     , #{lastChangerId}                                                                              /* 최종 변경자 아이디            */
		     , GETDATE()                                                                               		 /* 최종 변경 일시                */
		     )
	</insert>

	<insert id="insertIfKoditLonOrderDtl" parameterType="com.sorincorp.api.credt.model.LonOrderVO">
		/* com.sorincorp.api.credt.mapper.LonMapper.insertIfKoditLonOrderDtl */
		<selectKey order="BEFORE" keyProperty="trdeCntrctDetailSn" resultType="int">
			SET TRANSACTION ISOLATION LEVEL READ UNCOMMITTED
			SELECT ISNULL(MAX(TRDE_CNTRCT_DETAIL_SN), 0) +1 AS TRDE_CNTRCT_DETAIL_SN FROM IF_KODIT_LON_ORDER_DTL WHERE INTRFC_SN = #{intrfcSn}
		</selectKey>
		/******  INSERT : IF_KODIT_LON_ORDER_DTL(인터페이스 신보 대출 매매 계약 상세)                                                    ******/
		INSERT INTO dbo.IF_KODIT_LON_ORDER_DTL                                                               /* 인터페이스 신보 대출 매매 계약 상세*/
		     (
		       INTRFC_SN                                                                                     /* 인터페이스 순번               */
		     , TRDE_CNTRCT_DETAIL_SN                                                                         /* 매매 계약 상세 순번           */
		     , PRDLST                                                                                        /* 품목                          */
		     , STNDRD                                                                                        /* 규격                          */
		     , QY                                                                                            /* 수량                          */
		     , QY_UNIT                                                                                       /* 수량 단위                     */
		     , UNTPC                                                                                         /* 단가                          */
		     , SPLPC                                                                                         /* 공급가                        */
		     , VAT                                                                                           /* 부가세                        */
		     , SLEPC                                                                                         /* 판매가                        */
		     , FRST_REGISTER_ID                                                                              /* 최초 등록자 아이디            */
		     , FRST_REGIST_DT                                                                                /* 최초 등록 일시                */
		     , LAST_CHANGER_ID                                                                               /* 최종 변경자 아이디            */
	     	 , LAST_CHANGE_DT                                                                                /* 최종 변경 일시                */
		     )
	    VALUES
		     (
		       #{intrfcSn}                                                                                   /* 인터페이스 순번               */
		     , #{trdeCntrctDetailSn}                                                                         /* 매매 계약 상세 순번           */
		     , #{prdlst}                                                                                     /* 품목                          */
		     , #{stndrd}                                                                                     /* 규격                          */
		     , #{qy}                                                                                         /* 수량                          */
		     , #{qyUnit}                                                                                     /* 수량 단위                     */
		     , #{thngUntpc}                                                                                  /* 단가                          */
		     , #{thngSuplyAmount}                                                                            /* 공급가                        */
		     , #{thngTaxamt}                                                                                 /* 부가세                        */
		     , #{thngSlePc}                                                                                  /* 판매가                        */
		     , #{frstRegisterId}                                                                             /* 최초 등록자 아이디            */
		     , GETDATE()                                                                               		 /* 최초 등록 일시                */
		     , #{lastChangerId}                                                                              /* 최종 변경자 아이디            */
		     , GETDATE()                                                                               		 /* 최종 변경 일시                */
		     )
	</insert>

	<select id="selectKoditLonCancelData" parameterType="String" resultType="com.sorincorp.api.credt.model.LonOrderVO">
		/* com.sorincorp.api.credt.mapper.LonMapper.selectKoditLonCancelData */
		SET TRANSACTION ISOLATION LEVEL READ UNCOMMITTED
		SELECT
			  #{lonNo}                         AS LON_NO                                                     /* 대출 번호 */
			, OOB.ORDER_DE												                                     /* 주문 일자 */
			, OOB.ORDER_NO												                                     /* 주문 번호 */
			, OLB.LON_GRNTY_REQST_DE 									                                     /* 대출 보증 신청 일자 */
		FROM OR_ORDER_BAS OOB 											                                     /* 주문_주문 기본 */
		JOIN OR_LON_BAS OLB												                                     /* 주문_대출 기본 */
		ON OLB.ORDER_NO = OOB.ORDER_NO
		AND OLB.DELETE_AT = 'N'
		WHERE 1=1
		AND OLB.LON_NO = #{lonNo}
		AND OOB.DELETE_AT = 'N'
	</select>

	<insert id="insertIfKoditLonOrderCanclBas" parameterType="com.sorincorp.api.credt.model.LonOrderVO" useGeneratedKeys="true" keyProperty="intrfcSn">
		/* com.sorincorp.api.credt.mapper.LonMapper.insertIfKoditLonOrderCanclBas */
		/******  INSERT : IF_KODIT_LON_ORDER_CANCL_BAS(인터페이스 신보 대출 매매 취소)                                                   ******/
		INSERT INTO dbo.IF_KODIT_LON_ORDER_CANCL_BAS                                                         /* 인터페이스 신보 대출 매매 취소*/
		     (
		       LON_NO                                                                                        /* 대출 번호                     */
		     , DELNG_DE                                                                                      /* 거래 일자                     */
		     , ORDER_NO                                                                                      /* 주문 번호                     */
		     , TRDE_CNTRCT_DE                                                                                /* 매매 계약 일자                */
		     , PROCESS_STTUS_CODE                                                                            /* 처리 상태 코드                */
		     , FRST_REGISTER_ID                                                                              /* 최초 등록자 아이디            */
		     , FRST_REGIST_DT                                                                                /* 최초 등록 일시                */
		     , LAST_CHANGER_ID                                                                               /* 최종 변경자 아이디            */
		     , LAST_CHANGE_DT                                                                                /* 최종 변경 일시                */
		     )
		VALUES
		     (
		       #{lonNo}                                                                                      /* 대출 번호                     */
		     , #{orderDe}                                                                                    /* 거래 일자                     */
		     , #{orderNo}                                                                                    /* 주문 번호                     */
		     , #{lonGrntyReqstDe}                                                                            /* 매매 계약 일자                */
		     , 'N'                                                                           				 /* 처리 상태 코드                */
		     , #{frstRegisterId}                                                                             /* 최초 등록자 아이디            */
		     , GETDATE()      	                                                                             /* 최초 등록 일시                */
		     , #{lastChangerId}                                                                              /* 최종 변경자 아이디            */
		     , GETDATE()	                                                                                 /* 최종 변경 일시                */
		     )
	</insert>

	<select id="selectCancelRequestSuccessData" parameterType="long" resultType="boolean">
		/* com.sorincorp.api.credt.mapper.LonMapper.selectCancelRequestSuccessData */
		SET TRANSACTION ISOLATION LEVEL READ UNCOMMITTED
		SELECT
			CASE PROCESS_STTUS_CODE 					/* 처리 상태 코드 : S - 처리 완료 */
				WHEN 'S' THEN 1
			ELSE 0
			END
		FROM IF_KODIT_LON_ORDER_CANCL_BAS				/* 인터페이스 신보 대출 매매 취소 */
		WHERE INTRFC_SN = #{intrfcSn}
	</select>

	<select id="isExistingLonNo" parameterType="String" resultType="boolean">
		/* com.sorincorp.api.credt.mapper.LonMapper.isExistLonNo */
		SET TRANSACTION ISOLATION LEVEL READ UNCOMMITTED
		SELECT
			CASE WHEN EXISTS (SELECT
						1
				  FROM OR_LON_BAS
				  WHERE 1=1
				  AND DELETE_AT = 'N'
				  AND LON_NO = #{lonNo}
				  AND LON_STTUS_CODE = '60')
			THEN 1
			ELSE 0
			END
	</select>

	<select id="selectIfKoditLonSettleBas" parameterType="String" resultType="com.sorincorp.api.credt.model.IfKoditLonSettleBasVO">
		/* com.sorincorp.api.credt.mapper.LonMapper.selectIfKoditLonSettleBas */
		SET TRANSACTION ISOLATION LEVEL READ UNCOMMITTED
		/******  SELECT : IF_KODIT_LON_SETTLE_BAS(인터페이스 신보 대출 결제 )                                                            ******/
		SELECT TOP 1
		       IKLSB.LON_NO                                                                                  /* 대출 번호                     */
		     , IKLSB.ORDER_NO                                                                                /* 주문 번호                     */
		     , IKLSB.DSPTH_SE_CODE                                                                           /* 통보 구분 코드                */
		     , IKLSB.SANCTN_MN_CODE                                                                          /* 결재 수단 코드                */
		     , IKLSB.SETLE_DE                                                                                /* 결제 일자                     */
		     , IKLSB.SETLE_AMOUNT                                                                            /* 결제 금액                     */
		     , IKLSB.MP_FEE                                                                                  /* MP 수수료                     */
		     , IKLSB.BANK_FEE                                                                                /* 은행 수수료                   */
		     , IKLSB.DSPTH_SE_CODE																		 	 /* 통보 구분 코드 */
		  FROM dbo.IF_KODIT_LON_SETTLE_BAS AS IKLSB                                                          /* 인터페이스 신보 대출 결제     */
		 WHERE 1=1
		   AND IKLSB.LON_NO                                     = #{lonNo}                                   /* 대출 번호                     */
	  ORDER BY LAST_CHANGE_DT DESC
	</select>

	<update id="updateOrLonBas2" parameterType="com.sorincorp.api.credt.model.IfKoditLonSettleBasVO">
		/* com.sorincorp.api.credt.mapper.LonMapper.updateOrLonBas2 */
		/******  UPDATE : OR_LON_BAS(주문_대출 기본)                                                                                     ******/
		UPDATE dbo.OR_LON_BAS                                                                                /* 주문_대출 기본                */
		   SET
		       LON_STTUS_CODE                                   = #{lonSttusCode}                            /* 대출 상태 코드                */
		     , DSPTH_SE_CODE                                    = #{dspthSeCode}                             /* 통보 구분 코드                */
		     , SANCTN_MN_CODE                                   = #{sanctnMnCode}                            /* 결재 수단 코드                */
		     , SETLE_DE                                         = #{setleDe}                                 /* 결제 일자                     */
		     , SETLE_AMOUNT                                     = #{setleAmount}                             /* 결제 금액                     */
		     , MP_FEE                                           = #{mpFee}                                   /* MP 수수료                     */
		     , BANK_FEE                                         = #{bankFee}                                 /* 은행 수수료                   */
		     , LAST_CHANGER_ID                                  = #{lastChangerId}                           /* 최종 변경자 아이디            */
		     , LAST_CHANGE_DT                                   = GETDATE()                            		 /* 최종 변경 일시                */
		 WHERE 1=1
		   AND LON_NO                                           = #{lonNo}                                   /* 대출 번호                     */
	</update>

	<update id="updateOrOrderBas" parameterType="com.sorincorp.api.credt.model.IfKoditLonSettleBasVO">
		/* com.sorincorp.api.credt.mapper.LonMapper.updateOrOrderBas */
		UPDATE OR_ORDER_BAS											/* 주문_주문 기본 */
		SET
			  ORDER_STTUS_CODE = ISNULL(		/* 3. 도출된 주문 진행 상태 코드값이 NULL값(=진행된 물류 상태가 없음)일 시, 15(배송준비)로 대체 */
			  						dbo.fn_getOrderSttusCode(		/* 2. 마지막으로 진행된 물류 배송 진행 상태 코드에 따른 주문 진행 상태 코드값 도출 */
			  							#{orderNo}
			  							, (
			  								SELECT MAX(LGIST_DLVY_PROGRS_STTUS_CODE)		/* 1. 물류 배송 진행 상태 코드 최댓값(MAX) 조회 */ 
			  									FROM OR_DLVY_PROGRS_STTUS_DTL
			  									WHERE 1=1
			  									AND DELETE_AT = 'N' 
			  									AND ORDER_NO = #{orderNo} 
			  									AND CANCL_EXCHNG_RTNGUD_NO = dbo.fn_getOrderNo(#{orderNo}, '2')
			  							)
			  						)
			  					, '15')		/* 주문 진행 상태 : 15(배송준비) */
			, UN_SETLE_AMOUNT = UN_SETLE_AMOUNT - #{setleAmount}	/* 미 결제 금액 : 미 결제 금액 - 결제 금액 */
			, LAST_CHANGER_ID = #{lastChangerId}
			, LAST_CHANGE_DT = GETDATE()
		WHERE 1=1
		AND ORDER_NO = #{orderNo}
	</update>
	
	<update id="updateOrOrderBas2">
		/* com.sorincorp.api.credt.mapper.LonMapper.updateOrOrderBas2 */
		UPDATE OR_ORDER_BAS											/* 주문_주문 기본 */
		SET
			  SETLE_MTHD_DETAIL_CODE = NULL							/* 결제 방식 상세 코드 */
			, LAST_CHANGER_ID = #{lastChangerId}
			, LAST_CHANGE_DT = GETDATE()
		WHERE 1=1
		AND ORDER_NO = #{orderNo}
	</update>

	<insert id="insertOrOrderBasHst" parameterType="String">
		/* com.sorincorp.api.credt.mapper.LonMapper.insertOrOrderBasHst */
		/******  INSERT : OR_ORDER_BAS_HST(주문_주문 기본 이력)                                                                          ******/
		INSERT INTO dbo.OR_ORDER_BAS_HST                                                                     /* 주문_주문 기본 이력           */
		     (
		       ORDER_NO                                                                                      /* 주문 번호                     */
		     , ORDER_DE                                                                                      /* 주문 일자                     */
		     , ORDER_TM                                                                                      /* 주문 시각                     */
		     , BSKT_NO                                                                                       /* 장바구니 번호                 */
		     , MBER_NO                                                                                       /* 회원 번호                     */
		     , ENTRPS_NO                                                                                     /* 업체 번호                     */
		     , ENTRPS_GRAD_NO                                                                                /* 업체 등급 번호                */
		     , RCEPT_MEDIA_SE_CODE                                                                           /* 접수 매체 구분 코드           */
		     , SLE_MTHD_CODE                                                                                 /* 판매 방식 코드                */
		     , ORDRR_NM                                                                                      /* 주문자 명                     */
		     , ORDRR_MOBLPHON_NO                                                                             /* 주문자 휴대폰 번호            */
		     , ORDRR_EMAIL                                                                                   /* 주문자 이메일                 */
		     , ORDER_ENTRPS_NM                                                                               /* 주문 업체 명                  */
		     , ORDER_ENTRPS_TELNO                                                                            /* 주문 업체 전화번호            */
		     , ORDER_ENTRPS_ZIP                                                                              /* 주문 업체 우편번호            */
		     , ORDER_ENTRPS_ADRES                                                                            /* 주문 업체 주소                */
		     , ORDER_ENTRPS_DETAIL_ADRES                                                                     /* 주문 업체 상세 주소           */
		     , ORDER_ENTRPS_RN_ADRES                                                                         /* 주문 업체 도로명 주소         */
		     , ORDER_ENTRPS_RN_DETAIL_ADRES                                                                  /* 주문 업체 도로명 상세 주소    */
		     , ORDER_STTUS_CODE                                                                              /* 주문 상태 코드                */
		     , DLVY_MN_CODE                                                                                  /* 배송 수단 코드                */
		     , DSTRCT_LCLSF_CODE                                                                             /* 권역 대분류 코드              */
		     , DLIVY_REQUST_DE                                                                               /* 출고 요청 일자                */
		     , ORDER_DLVRG_NO                                                                                /* 주문 배송지 번호              */
		     , ORDER_DLVRF_NO                                                                                /* 주문 배송비 번호              */
		     , METAL_CODE                                                                                    /* 금속 코드                     */
		     , ITM_SN                                                                                        /* 아이템 순번                   */
		     , ITM_NM                                                                                        /* 아이템 명                     */
		     , GOODS_NM                                                                                      /* 상품 명                       */
		     , BRAND_GROUP_CODE                                                                              /* 브랜드 그룹 코드              */
		     , BRAND_CODE                                                                                    /* 브랜드 코드                   */
		     , SLE_UNIT_CODE                                                                                 /* 판매 단위 코드                */
		     , TOT_CSTMR_ORDER_WT                                                                            /* 총 고객 주문 중량             */
		     , TOT_REAL_ORDER_WT                                                                             /* 총 실제 주문 중량             */
		     , TOT_BUNDLE_QY                                                                                 /* 총 번들 수량                  */
		     , SLE_PC_RLTM_SN                                                                                /* 판매 가격 실시간 순번         */
		     , LME_PC_RLTM_SN                                                                                /* LME 가격 실시간 순번          */
		     , PREMIUM_NO                                                                                    /* 프리미엄 번호                 */
		     , EHGT_PC_RLTM_SN                                                                               /* 환율 가격 실시간 순번         */
		     , PREMIUM_STDR_AMOUNT                                                                           /* 프리미엄 기준 금액            */
		     , DSTRCT_CHANGE_AMOUNT                                                                          /* 권역 변동 금액                */
		     , HGHNETPRC_DSTRCT_CHANGE_AMOUNT                                                                /* 고정가 권역 변동 금액         */
		     , BRAND_GROUP_CHANGE_AMOUNT                                                                     /* 브랜드 그룹 변동 금액         */
		     , HGHNETPRC_BRAND_GROUP_CHANGE_AMOUNT                                                           /* 고정가 브랜드 그룹 변동 금액  */
		     , BRAND_CHANGE_AMOUNT                                                                           /* 브랜드 변동 금액              */
		     , HGHNETPRC_BRAND_CHANGE_AMOUNT                                                                 /* 고정가 브랜드 변동 금액       */
		     , HGHNETPRC_TOT_AMT_TARIFF                                                                      /* 고정가 할증 요율              */
		     , PREMIUM_PC                                                                                    /* 프리미엄 가격                 */
		     , LME_3M                                                                                        /* LME 3M                        */
		     , LME_CASH                                                                                      /* LME 현금                      */
		     , LME_MDAT_CFFCNT                                                                               /* LME 조정 계수                 */
		     , SPEX                                                                                          /* 현물환                        */
		     , SPEX_MDAT_CFFCNT                                                                              /* 현물환 조정 계수              */
		     , GOODS_UNTPC                                                                                   /* 상품 단가                     */
		     , ORDER_PC                                                                                      /* 주문 가격                     */
		     , WT_CHANGEGLD                                                                                  /* 중량 변동금                   */
		     , SPLPC                                                                                         /* 공급가                        */
		     , VAT                                                                                           /* 부가세                        */
		     , SLEPC                                                                                         /* 판매가                        */
		     , ORDER_COMPT_DT                                                                                /* 주문 완료 일시                */
		     , EXCCLC_PROCESS_AT                                                                             /* 정산 처리 여부                */
		     , EXCCLC_PROCESS_DT                                                                             /* 정산 처리 일시                */
		     , OMS_RCEPT_NO                                                                                  /* OMS 접수 번호                 */
		     , ORDER_FAILR_RESN                                                                              /* 주문 실패 사유                */
		     , TOT_DCSN_WT                                                                                   /* 총 확정 중량                  */
		     , TOT_DCSN_ORDER_PC                                                                             /* 총 확정 주문 가격             */
		     , TOT_DCSN_SPLPC                                                                                /* 총 확정 공급가                */
		     , TOT_DCSN_DT                                                                                   /* 총 확정 일시                  */
		     , EXCCLC_SPLPC                                                                                  /* 정산 공급가                   */
		     , EXCCLC_VAT                                                                                    /* 정산 부가세                   */
		     , EXCCLC_AMOUNT                                                                                 /* 정산 금액                     */
		     , DELETE_DT                                                                                     /* 삭제 일시                     */
		     , DELETE_AT                                                                                     /* 삭제 여부                     */
		     , FRST_REGISTER_ID                                                                              /* 최초 등록자 아이디            */
		     , FRST_REGIST_DT                                                                                /* 최초 등록 일시                */
		     , LAST_CHANGER_ID                                                                               /* 최종 변경자 아이디            */
		     , LAST_CHANGE_DT                                                                                /* 최종 변경 일시                */
		     , HGHNETPRC_AVRG_PURCHS_PRMPC                                                                   /* 고정가 평균 구매 원가         */
		     , HGHNETPRC_SLE_AMOUNT                                                                          /* 고정가 판매 금액              */
		     , CSTMR_SLE_PC_RLTM_SN                                                                          /* 고객 판매 가격 실시간 순번    */
		     , CSTMR_LME_PC_RLTM_SN                                                                          /* 고객 LME 가격 실시간 순번     */
		     , CSTMR_PREMIUM_NO                                                                              /* 고객 프리미엄 번호            */
		     , CSTMR_EHGT_PC_RLTM_SN                                                                         /* 고객 환율 가격 실시간 순번    */
		     , WT_CHANGE                                                                                     /* 중량 변동                     */
		     , VHCLE_INFO_REGIST_AT                                                                          /* 차량 정보 등록 여부           */
		     , TODAY_DLVY_AT                                                                                 /* 당일 배송 여부                */
		     , SETLE_MTHD_CODE                                                                               /* 결제 방식 코드                */
		     , SETLE_MTHD_DETAIL_CODE                                                                        /* 결제 방식 상세 코드           */
		     , FRST_SETLE_AMOUNT                                                                             /* 최초 결제 금액                */
		     , UN_SETLE_AMOUNT                                                                               /* 미 결제 금액                  */
		     , WRTM_MUMM_WRTM_RATE                                                                           /* 증거금 최소 증거금 비율       */
		     , WRTM_SETLE_PREARNGE_DE                                                                        /* 증거금 결제 예정 일자         */
		     , ORDER_HOLDING_USE_AT                                                                          /* 주문 홀딩 사용 여부           */
		     , REPY_BUTTON_ACTV_AT                                                                           /* 상환 버튼 활성화 여부         */
		     , LGIST_REHNDL_TRGET                                                                            /* 물류 재처리 대상              */
		     , DLVY_MEMO                                                                                     /* 업체 배송 메모                */
		     , NTFC_AMOUNT                                                                                   /* 고시 금액                     */
		     , LRGETRNSPRTCT_AMOUNT                                                                          /* 대운송비 금액                 */
		     , MARGIN_AMOUNT                                                                                 /* 마진 금액                     */
		     , LIMIT_ORDER_NO                                                                                /* 지정가 주문 번호              */
		     , LIMIT_ORDER_STDR_SLE_PC                                                                       /* 지정가 주문 기준 판매 가격    */
		     )
		SELECT
		       OOB.ORDER_NO                                                                                  /* 주문 번호                     */
		     , OOB.ORDER_DE                                                                                  /* 주문 일자                     */
		     , OOB.ORDER_TM                                                                                  /* 주문 시각                     */
		     , OOB.BSKT_NO                                                                                   /* 장바구니 번호                 */
		     , OOB.MBER_NO                                                                                   /* 회원 번호                     */
		     , OOB.ENTRPS_NO                                                                                 /* 업체 번호                     */
		     , OOB.ENTRPS_GRAD_NO                                                                            /* 업체 등급 번호                */
		     , OOB.RCEPT_MEDIA_SE_CODE                                                                       /* 접수 매체 구분 코드           */
		     , OOB.SLE_MTHD_CODE                                                                             /* 판매 방식 코드                */
		     , OOB.ORDRR_NM                                                                                  /* 주문자 명                     */
		     , OOB.ORDRR_MOBLPHON_NO                                                                         /* 주문자 휴대폰 번호            */
		     , OOB.ORDRR_EMAIL                                                                               /* 주문자 이메일                 */
		     , OOB.ORDER_ENTRPS_NM                                                                           /* 주문 업체 명                  */
		     , OOB.ORDER_ENTRPS_TELNO                                                                        /* 주문 업체 전화번호            */
		     , OOB.ORDER_ENTRPS_ZIP                                                                          /* 주문 업체 우편번호            */
		     , OOB.ORDER_ENTRPS_ADRES                                                                        /* 주문 업체 주소                */
		     , OOB.ORDER_ENTRPS_DETAIL_ADRES                                                                 /* 주문 업체 상세 주소           */
		     , OOB.ORDER_ENTRPS_RN_ADRES                                                                     /* 주문 업체 도로명 주소         */
		     , OOB.ORDER_ENTRPS_RN_DETAIL_ADRES                                                              /* 주문 업체 도로명 상세 주소    */
		     , OOB.ORDER_STTUS_CODE                                                                          /* 주문 상태 코드                */
		     , OOB.DLVY_MN_CODE                                                                              /* 배송 수단 코드                */
		     , OOB.DSTRCT_LCLSF_CODE                                                                         /* 권역 대분류 코드              */
		     , OOB.DLIVY_REQUST_DE                                                                           /* 출고 요청 일자                */
		     , OOB.ORDER_DLVRG_NO                                                                            /* 주문 배송지 번호              */
		     , OOB.ORDER_DLVRF_NO                                                                            /* 주문 배송비 번호              */
		     , OOB.METAL_CODE                                                                                /* 금속 코드                     */
		     , OOB.ITM_SN                                                                                    /* 아이템 순번                   */
		     , OOB.ITM_NM                                                                                    /* 아이템 명                     */
		     , OOB.GOODS_NM                                                                                  /* 상품 명                       */
		     , OOB.BRAND_GROUP_CODE                                                                          /* 브랜드 그룹 코드              */
		     , OOB.BRAND_CODE                                                                                /* 브랜드 코드                   */
		     , OOB.SLE_UNIT_CODE                                                                             /* 판매 단위 코드                */
		     , OOB.TOT_CSTMR_ORDER_WT                                                                        /* 총 고객 주문 중량             */
		     , OOB.TOT_REAL_ORDER_WT                                                                         /* 총 실제 주문 중량             */
		     , OOB.TOT_BUNDLE_QY                                                                             /* 총 번들 수량                  */
		     , OOB.SLE_PC_RLTM_SN                                                                            /* 판매 가격 실시간 순번         */
		     , OOB.LME_PC_RLTM_SN                                                                            /* LME 가격 실시간 순번          */
		     , OOB.PREMIUM_NO                                                                                /* 프리미엄 번호                 */
		     , OOB.EHGT_PC_RLTM_SN                                                                           /* 환율 가격 실시간 순번         */
		     , OOB.PREMIUM_STDR_AMOUNT                                                                       /* 프리미엄 기준 금액            */
		     , OOB.DSTRCT_CHANGE_AMOUNT                                                                      /* 권역 변동 금액                */
		     , OOB.HGHNETPRC_DSTRCT_CHANGE_AMOUNT                                                            /* 고정가 권역 변동 금액         */
		     , OOB.BRAND_GROUP_CHANGE_AMOUNT                                                                 /* 브랜드 그룹 변동 금액         */
		     , OOB.HGHNETPRC_BRAND_GROUP_CHANGE_AMOUNT                                                       /* 고정가 브랜드 그룹 변동 금액  */
		     , OOB.BRAND_CHANGE_AMOUNT                                                                       /* 브랜드 변동 금액              */
		     , OOB.HGHNETPRC_BRAND_CHANGE_AMOUNT                                                             /* 고정가 브랜드 변동 금액       */
		     , OOB.HGHNETPRC_TOT_AMT_TARIFF                                                                  /* 고정가 할증 요율              */
		     , OOB.PREMIUM_PC                                                                                /* 프리미엄 가격                 */
		     , OOB.LME_3M                                                                                    /* LME 3M                        */
		     , OOB.LME_CASH                                                                                  /* LME 현금                      */
		     , OOB.LME_MDAT_CFFCNT                                                                           /* LME 조정 계수                 */
		     , OOB.SPEX                                                                                      /* 현물환                        */
		     , OOB.SPEX_MDAT_CFFCNT                                                                          /* 현물환 조정 계수              */
		     , OOB.GOODS_UNTPC                                                                               /* 상품 단가                     */
		     , OOB.ORDER_PC                                                                                  /* 주문 가격                     */
		     , OOB.WT_CHANGEGLD                                                                              /* 중량 변동금                   */
		     , OOB.SPLPC                                                                                     /* 공급가                        */
		     , OOB.VAT                                                                                       /* 부가세                        */
		     , OOB.SLEPC                                                                                     /* 판매가                        */
		     , OOB.ORDER_COMPT_DT                                                                            /* 주문 완료 일시                */
		     , OOB.EXCCLC_PROCESS_AT                                                                         /* 정산 처리 여부                */
		     , OOB.EXCCLC_PROCESS_DT                                                                         /* 정산 처리 일시                */
		     , OOB.OMS_RCEPT_NO                                                                              /* OMS 접수 번호                 */
		     , OOB.ORDER_FAILR_RESN                                                                          /* 주문 실패 사유                */
		     , OOB.TOT_DCSN_WT                                                                               /* 총 확정 중량                  */
		     , OOB.TOT_DCSN_ORDER_PC                                                                         /* 총 확정 주문 가격             */
		     , OOB.TOT_DCSN_SPLPC                                                                            /* 총 확정 공급가                */
		     , OOB.TOT_DCSN_DT                                                                               /* 총 확정 일시                  */
		     , OOB.EXCCLC_SPLPC                                                                              /* 정산 공급가                   */
		     , OOB.EXCCLC_VAT                                                                                /* 정산 부가세                   */
		     , OOB.EXCCLC_AMOUNT                                                                             /* 정산 금액                     */
		     , OOB.DELETE_DT                                                                                 /* 삭제 일시                     */
		     , OOB.DELETE_AT                                                                                 /* 삭제 여부                     */
		     , OOB.FRST_REGISTER_ID                                                                          /* 최초 등록자 아이디            */
		     , OOB.FRST_REGIST_DT                                                                            /* 최초 등록 일시                */
		     , OOB.LAST_CHANGER_ID                                                                           /* 최종 변경자 아이디            */
		     , OOB.LAST_CHANGE_DT                                                                            /* 최종 변경 일시                */
		     , OOB.HGHNETPRC_AVRG_PURCHS_PRMPC                                                               /* 고정가 평균 구매 원가         */
		     , OOB.HGHNETPRC_SLE_AMOUNT                                                                      /* 고정가 판매 금액              */
		     , OOB.CSTMR_SLE_PC_RLTM_SN                                                                      /* 고객 판매 가격 실시간 순번    */
		     , OOB.CSTMR_LME_PC_RLTM_SN                                                                      /* 고객 LME 가격 실시간 순번     */
		     , OOB.CSTMR_PREMIUM_NO                                                                          /* 고객 프리미엄 번호            */
		     , OOB.CSTMR_EHGT_PC_RLTM_SN                                                                     /* 고객 환율 가격 실시간 순번    */
		     , OOB.WT_CHANGE                                                                                 /* 중량 변동                     */
		     , OOB.VHCLE_INFO_REGIST_AT                                                                      /* 차량 정보 등록 여부           */
		     , OOB.TODAY_DLVY_AT                                                                             /* 당일 배송 여부                */
		     , OOB.SETLE_MTHD_CODE                                                                           /* 결제 방식 코드                */
		     , OOB.SETLE_MTHD_DETAIL_CODE                                                                    /* 결제 방식 상세 코드           */
		     , OOB.FRST_SETLE_AMOUNT                                                                         /* 최초 결제 금액                */
		     , OOB.UN_SETLE_AMOUNT                                                                           /* 미 결제 금액                  */
		     , OOB.WRTM_MUMM_WRTM_RATE                                                                       /* 증거금 최소 증거금 비율       */
		     , OOB.WRTM_SETLE_PREARNGE_DE                                                                    /* 증거금 결제 예정 일자         */
		     , OOB.ORDER_HOLDING_USE_AT                                                                      /* 주문 홀딩 사용 여부           */
		     , OOB.REPY_BUTTON_ACTV_AT                                                                       /* 상환 버튼 활성화 여부         */
		     , OOB.LGIST_REHNDL_TRGET                                                                        /* 물류 재처리 대상              */
		     , OOB.DLVY_MEMO                                                                                 /* 업체 배송 메모                */
		     , OOB.NTFC_AMOUNT                                                                               /* 고시 금액                     */
		     , OOB.LRGETRNSPRTCT_AMOUNT                                                                      /* 대운송비 금액                 */
		     , OOB.MARGIN_AMOUNT                                                                             /* 마진 금액                     */
		     , OOB.LIMIT_ORDER_NO                                                                            /* 지정가 주문 번호              */
		     , OOB.LIMIT_ORDER_STDR_SLE_PC                                                                   /* 지정가 주문 기준 판매 가격    */
		  FROM dbo.OR_ORDER_BAS AS OOB                                                                       /* 주문_주문 기본                */
		 WHERE 1=1
		   AND OOB.ORDER_NO                                     = #{orderNo}                                 /* 주문 번호                     */
		   AND OOB.DELETE_AT                                    = 'N'                                        /* 삭제 여부                     */
	</insert>

	<select id="selectCnfirmedLon" parameterType="String" resultType="com.sorincorp.api.credt.model.LonComptProcessVO">
		/* com.sorincorp.api.credt.mapper.LonMapper.selectCnfirmedLon */
		SET TRANSACTION ISOLATION LEVEL READ UNCOMMITTED
		SELECT
			  OLB.LON_NO					/* 대출 번호 */
			, OLB.ORDER_NO                  /* 주문 번호 */
			, OOB.DLVY_MN_CODE				/* 배송 수단 코드 */
			, OOB.DLIVY_REQUST_DE			/* 출고 요청 일자 */
			, OOB.ORDER_DLVRG_NO			/* 주문 배송지 번호 */
			, OOB.OMS_RCEPT_NO              /* OMS 접수 번호 */
			, OOB.WRTM_SETLE_PREARNGE_DE	/* 결제 예정 일자 */
			, OOB.ORDER_HOLDING_USE_AT		/* 주문 홀딩 사용 여부 */
		FROM OR_LON_BAS OLB                 /* 주문_대출 기본 */
		JOIN OR_ORDER_BAS OOB               /* 주문_주문 기본 */
		ON OLB.ORDER_NO = OOB.ORDER_NO
		AND OOB.DELETE_AT = 'N'
		WHERE 1=1
		AND OLB.DELETE_AT = 'N'
		AND OLB.LON_NO = #{lonNo}
		AND OLB.LON_STTUS_CODE = '20'
	</select>

	<update id="updateIfKoditLonSettleBas" parameterType="com.sorincorp.api.credt.model.IfKoditLonSettleBasVO">
		/* com.sorincorp.api.credt.mapper.LonMapper.updateIfKoditLonSettleBas */
		UPDATE IF_KODIT_LON_SETTLE_BAS
		SET
			  PROCESS_STTUS_CODE = #{processSttusCode}
			, LAST_CHANGER_ID    = #{lastChangerId}
			, LAST_CHANGE_DT     = GETDATE()
		WHERE 1=1
		AND LON_NO = #{lonNo}
		AND PROCESS_STTUS_CODE = 'N'
	</update>
	
	<select id="getNewDlivyRequstDe" resultType="String" parameterType="String">
		/* com.sorincorp.api.credt.mapper.LonMapper.getNewDlivyRequstDe */
		SET TRANSACTION ISOLATION LEVEL READ UNCOMMITTED
		SELECT dbo.fn_getNewDlivyRequstDe(#{orderNo})
	</select>
</mapper>