<?xml version="1.0" encoding="UTF-8"?>
<!DOCTYPE mapper PUBLIC "-//mybatis.org//DTD Mapper 3.0//EN" "http://mybatis.org/dtd/mybatis-3-mapper.dtd">
<mapper namespace="com.sorincorp.api.credt.mapper.WrtmEwalletMapper">

	<select id="selectoOrOrderBasInfo" resultType="com.sorincorp.api.credt.model.WrtmEwalletVO">
		/* com.sorincorp.api.credt.mapper.WrtmEwalletMapper.selectoOrOrderBasInfo  SELECT : OR_ORDER_BAS(주문_주문 기본), MB_MBER_INFO_BAS(회원_회원 정보 기본), OR_MRTGG_MDSTRM_REPY_DTL(주문_담보 중도 상환 상세)  ******/
		SET TRANSACTION ISOLATION LEVEL READ UNCOMMITTED
		SELECT
			  OOB.ORDER_NO                                                                                  /* 주문 번호                     */
			, OOB.MBER_NO                                                                                   /* 회원 번호                     */
			, OOB.DLVY_MN_CODE                                                                              /* 배송 수단 코드                */
			, OOB.DLIVY_REQUST_DE                                                                           /* 출고 요청 일자                */
			, OOB.ORDER_DLVRG_NO                                                                            /* 주문 배송지 번호              */
			, OOB.WRTM_SETLE_PREARNGE_DE                                                                    /* 증거금 결제 예정 일자         */
			, MMIB.MBER_ID                                                                                  /* 회원 아이디                   */
			, OOB.ENTRPS_NO                                                                                 /* 업체 번호                     */
			, OOB.ORDER_STTUS_CODE                                                                          /* 주문 상태 코드                */
			, OOB.OMS_RCEPT_NO                                                                              /* OMS 접수 번호                 */
			, OOB.SETLE_MTHD_CODE                                                                           /* 결제 방식 코드                */
			, OOB.SETLE_MTHD_DETAIL_CODE                                                                    /* 결제 방식 상세 코드           */
			, OOB.UN_SETLE_AMOUNT                                                                           /* 미 결제 금액                  */
			, OOB.ORDER_HOLDING_USE_AT                                                                      /* 주문 홀딩 사용 여부           */
			, ISNULL(OOB.ADIT_AMOUNT, 0) AS ADIT_AMOUNT                                                     /* 추가 금액			         */
		<if test="repySeCode != null and repySeCode !=''">
			, #{repySeCode} AS REPY_SE_CODE 														 		/* 상환 구분 코드 : 10:부분상환 가능한 경우		*/
		</if>
			, OOB.PART_DLIVY_REPY_AT                                                                        /* 부분 출고 상환 여부           */
			, OMMRD.MRTGG_NO																				/* 담보 번호 */
			, ISNULL(OMMRD.MDSTRM_REPY_SN, -1) AS MDSTRM_REPY_SN                                            /* 중도 상환 순번 (사용 안함 : -1) */
		<choose>
		 	<when test='changegldRepyAt != null and changegldRepyAt == "Y"'>
			, (
				SELECT ISNULL(RCPPAY_TRGET_AMOUNT, 0)                                                       /* 입출금 대상 금액                */
			  	  FROM OR_PC_CHANGEGLD_BAS 																	/* 주문_가격 변동금 기본 			  */
				 WHERE DELETE_AT = 'N'
				   AND ORDER_NO = #{orderNo}                                                                /* 주문 번호                     */
				   AND OCCRRNC_SN = #{occrrncSn}											                /* 발생 순번                     */
			  ) AS SETLE_REQUST_AMOUNT                                                                      /* 결제 요청 금액 (추가변동금)    	  */
			, #{occrrncSn} AS OCCRRNC_SN	  				                								/* 발생 순번                     */
			, 'Y' AS CHANGEGLD_REPY_AT																		/* 변동금 상환 여부				  */
			</when>
			<otherwise>
			, (
				CASE
				WHEN ISNULL(#{aditAmountRepyAt}, 'N') = 'Y'													/* 추가 금액 상환 여부 : Y값이면 추가 금액을 결제 요청 금액으로 */
				THEN OOB.ADIT_AMOUNT
		     	WHEN ISNULL(OMMRD.MDSTRM_REPY_SN, -1) = -1													/* 중도 상환 순번 : NULL 값이면 기존의 미결제금액을 결제 요청 금액으로 */
		     	THEN OOB.UN_SETLE_AMOUNT
		     	ELSE OMMRD.RCPMNY_REQUST_AMOUNT
		     	END
		     ) AS SETLE_REQUST_AMOUNT                                                                       /* 결제 요청 금액 (중도 상환 여부에 따라 입금 요청 금액) */
			</otherwise>
		</choose>
		    , ISNULL(#{aditAmountRepyAt}, 'N') AS ADIT_AMOUNT_REPY_AT										/* 추가 금액 상환 여부 */
		  FROM dbo.OR_ORDER_BAS AS OOB                                                                      /* 주문_주문 기본                */
		 INNER JOIN MB_MBER_INFO_BAS MMIB                                                                   /* 회원_회원 정보 기본           */
		   ON OOB.MBER_NO = MMIB.MBER_NO                                                                    /* 회원 번호                     */
		   AND MMIB.DELETE_AT = 'N'                                                                         /* 삭제 여부                     */
		 LEFT OUTER JOIN OR_MRTGG_MDSTRM_REPY_DTL OMMRD                                                     /* 주문_담보 중도 상환 상세      */
		   ON OMMRD.ORDER_NO = OOB.ORDER_NO                                                                 /* 주문 번호                     */
		   AND OMMRD.MDSTRM_REPY_SN = #{mdstrmRepySn}                                                       /* 중도 상환 순번                */
		   AND OMMRD.DELETE_AT = 'N'                                                                        /* 삭제 여부                     */
		   AND OMMRD.REPY_COMPT_CODE = 'N'																	/* 상환 완료 코드                */
		 WHERE OOB.ORDER_NO = #{orderNo}                                                                    /* 주문 번호                     */
		 AND OOB.DELETE_AT = 'N'                                                                            /* 삭제 여부                     */
	</select>

	<select id="selectEwalletRspnCode" resultType="com.sorincorp.api.credt.model.WrtmEwalletVO">
		/* com.sorincorp.api.credt.mapper.WrtmEwalletMapper.selectEwalletRspnCode */
		SET TRANSACTION ISOLATION LEVEL READ UNCOMMITTED
		SELECT RSPNS_CODE, DELNG_AMOUNT
		  FROM IF_EWALLET_DEFRAY_TRANSFR_RSPNS
		WHERE 1=1
		  AND DELNG_SEQ_NO = #{delngSeqNo}
		  AND DELNG_DE = CONVERT(CHAR(8), GETDATE(), 112)
	</select>

	<insert id="insertOrSetleBas" parameterType="com.sorincorp.api.credt.model.WrtmEwalletVO">
		/* com.sorincorp.api.credt.mapper.WrtmEwalletMapper.insertOrSetleBas */
		INSERT INTO dbo.OR_SETLE_BAS                                                                         /* 주문_결제 기본	              */
		     (
		       SETLE_NO                                                                                      /* 결제 번호                     */
		     , ORDER_NO                                                                                      /* 주문 번호                     */
		     , CANCL_EXCHNG_RTNGUD_NO                                                                        /* 취소 교환 반품 번호           */
		     , SETLE_SE_CODE                                                                                 /* 결제 구분 코드                */
		     , SETLE_TY_CODE                                                                                 /* 결제 유형 코드                */
		     , SETLE_STTUS_CODE                                                                              /* 결제 상태 코드                */
		     , SETLE_REQUST_DT                                                                               /* 결제 요청 일시                */
		     , SETLE_COMPT_DT                                                                                /* 결제 완료 일시                */
		     , EWALLET_DEFRAY_TRANSFR_INTRFC_SN                                                              /* 이월렛 출금 이체 인터페이스 순번*/
		     , SMS_SNDNG_AT                                                                                  /* SMS 발송 여부                 */
		     , DELNG_AMOUNT                                                                                  /* 거래 금액                     */
		     , FEE                                                                                           /* 수수료                        */
		     , DELETE_DT                                                                                     /* 삭제 일시                     */
		     , DELETE_AT                                                                                     /* 삭제 여부                     */
		     , FRST_REGISTER_ID                                                                              /* 최초 등록자 아이디            */
		     , FRST_REGIST_DT                                                                                /* 최초 등록 일시                */
		     , LAST_CHANGER_ID                                                                               /* 최종 변경자 아이디            */
		     , LAST_CHANGE_DT                                                                                /* 최종 변경 일시                */
		     )
		VALUES
		     (
		       #{setleNo}                                                                                    /* 결제 번호                     */
		     , #{orderNo}                                                                                    /* 주문 번호                     */
		     , '00000000-000000'                                                                         	 /* 취소 교환 반품 번호           */
		     , '10'                                                                                			 /* 결제 구분 코드                */
		     , '10'                                                                              			 /* 결제 유형 코드                */
		     , '01'                                                                            				 /* 결제 상태 코드                */
		     , GETDATE()                                                                               		 /* 결제 요청 일시                */
		     , NULL                                                                              			 /* 결제 완료 일시                */
		     , NULL                                                               							 /* 이월렛 출금 이체 인터페이스 순번*/
		     , 'Y'			                                                                                 /* SMS 발송 여부                 */
		     , #{setleRequstAmount}                                                                          /* 거래 금액                     */
		     , (
		     	SELECT
					TOP 1
					EWALLET_DEFRAY_FEE
				FROM IT_BSN_MANAGE_BAS
				WHERE CONVERT(CHAR(8), GETDATE(), 112) >= APPLC_DE
				ORDER BY APPLC_DE DESC
		     	)                                                                                            /* 수수료                        */
		     , NULL			                                                                                 /* 삭제 일시                     */
		     , 'N'                                                                                   		 /* 삭제 여부                     */
		     , #{mberId}                                                                             		 /* 최초 등록자 아이디            */
		     , GETDATE()                                                                              		 /* 최초 등록 일시                */
		     , #{mberId}                                                                              		 /* 최종 변경자 아이디            */
		     , GETDATE()                                                                               		 /* 최종 변경 일시                */
		     )
	</insert>

	<update id="updateOrOrderBas" parameterType="com.sorincorp.api.credt.model.WrtmEwalletVO">
		/* com.sorincorp.api.credt.mapper.WrtmEwalletMapper.updateOrOrderBas */
		/******  UPDATE : OR_ORDER_BAS()                                                                                                 ******/
		UPDATE dbo.OR_ORDER_BAS                                                                              /*                               */
		   SET
		       LAST_CHANGER_ID                                  = 'EWALLET-API'                           	 /* 최종 변경자 아이디             */
		     , LAST_CHANGE_DT                                   = GETDATE()		                             /* 최종 변경 일시                */
		  <if test='"1".equals(updateSe)'>
	  		, SETLE_MTHD_DETAIL_CODE                            = #{setleMthdDetailCode}                     /* 결제 방식 상세 코드  9010:이월렛 + 이월렛 */
	  		, UN_SETLE_AMOUNT             						= #{unSetleAmount}				 			 /* 미 결제 금액			        */
		  </if>
		  <if test='"2".equals(updateSe)'>
			, ORDER_STTUS_CODE									= ISNULL(															/* 3. 도출된 주문 진행 상태 코드값이 NULL값(=진행된 물류 상태가 없음)일 시, 15(배송준비)로 대체 */
													  						dbo.fn_getOrderSttusCode(								/* 2. 마지막으로 진행된 물류 배송 진행 상태 코드에 따른 주문 진행 상태 코드값 도출 */
													  							#{orderNo}
													  							, (
													  								SELECT MAX(LGIST_DLVY_PROGRS_STTUS_CODE)		/* 1. 물류 배송 진행 상태 코드 최댓값(MAX) 조회 */ 
													  									FROM OR_DLVY_PROGRS_STTUS_DTL
													  									WHERE 1=1
													  									AND DELETE_AT = 'N' 
													  									AND ORDER_NO = #{orderNo} 
													  									AND CANCL_EXCHNG_RTNGUD_NO = dbo.fn_getOrderNo(#{orderNo}, '2')
													  							)
													  						)
													  					, '15')		
		  </if>
		  <if test='"3".equals(updateSe)'>
		   	, ORDER_STTUS_CODE									= ISNULL(															/* 3. 도출된 주문 진행 상태 코드값이 NULL값(=진행된 물류 상태가 없음)일 시, 15(배송준비)로 대체 */
													  						dbo.fn_getOrderSttusCode(								/* 2. 마지막으로 진행된 물류 배송 진행 상태 코드에 따른 주문 진행 상태 코드값 도출 */
													  							#{orderNo}
													  							, (
													  								SELECT MAX(LGIST_DLVY_PROGRS_STTUS_CODE)		/* 1. 물류 배송 진행 상태 코드 최댓값(MAX) 조회 */ 
													  									FROM OR_DLVY_PROGRS_STTUS_DTL
													  									WHERE 1=1
													  									AND DELETE_AT = 'N' 
													  									AND ORDER_NO = #{orderNo} 
													  									AND CANCL_EXCHNG_RTNGUD_NO = dbo.fn_getOrderNo(#{orderNo}, '2')
													  							)
													  						)
													  					, '15')				
		  	, OMS_RCEPT_NO 										= #{omsRceptNo}								 /* OMS 접수 번호					*/
		   </if>
		   , ORDER_FAILR_RESN									= ISNULL(ORDER_FAILR_RESN, '') + '[상환]'	/* 프로세스 추적용 */
		 WHERE 1=1
		   AND ORDER_NO                                         = #{orderNo}                                 /* 주문 번호                     */
	</update>

	<insert id="insertOrSetleHst">
		/* com.sorincorp.api.credt.mapper.WrtmEwalletMapper.insertOrSetleHst */
		INSERT INTO dbo.OR_SETLE_BAS_HST                                                                     /*                               */
		     (
		       SETLE_NO                                                                                      /* 결제 번호                     */
		     , ORDER_NO                                                                                      /* 주문 번호                     */
		     , CANCL_EXCHNG_RTNGUD_NO                                                                        /* 취소 교환 반품 번호           */
		     , SETLE_SE_CODE                                                                                 /* 결제 구분 코드                */
		     , SETLE_TY_CODE                                                                                 /* 결제 유형 코드                */
		     , SETLE_STTUS_CODE                                                                              /* 결제 상태 코드                */
		     , SETLE_REQUST_DT                                                                               /* 결제 요청 일시                */
		     , SETLE_COMPT_DT                                                                                /* 결제 완료 일시                */
		     , EWALLET_DEFRAY_TRANSFR_INTRFC_SN                                                              /* 이월렛 출금 이체 인터페이스 순번*/
		     , SMS_SNDNG_AT                                                                                  /* SMS 발송 여부                 */
		     , DELNG_SEQ_NO                                                                                  /* 거래 일련 번호                */
		     , DELNG_AMOUNT                                                                                  /* 거래 금액                     */
		     , NGNO_SE_INDICT                                                                                /* 음수 구분 표시                */
		     , DELNG_AFTER_ACNUT_BLCE                                                                        /* 거래 후 계좌 잔액             */
		     , UNSETL_OTHR_COM_AMOUNT                                                                        /* 미결제 타사 금액              */
		     , RCPMNY_ACNUT_BANK_CODE                                                                        /* 입금 계좌 은행 코드           */
		     , RCPMNY_ACNUT_SE_CODE                                                                          /* 입금 계좌 구분 코드           */
		     , RCPMNY_ACNUT_NO                                                                               /* 입금 계좌 번호                */
		     , RCPMNY_ACNUT_NM                                                                               /* 입금 계좌 성명                */
		     , DEFRAY_ACNUT_BANK_CODE                                                                        /* 출금 계좌 은행 코드           */
		     , DEFRAY_ACNUT_SE_CODE                                                                          /* 출금 계좌 구분 코드           */
		     , DEFRAY_ACNUT_NO                                                                               /* 출금 계좌 번호                */
		     , DEFRAY_ACNUT_SECRET_NO                                                                        /* 출금 계좌 비밀 번호           */
		     , DEFRAY_ACNUT_NM                                                                               /* 출금 계좌 성명                */
		     , FEE                                                                                           /* 수수료                        */
		     , CT_EXCCLC_REQUST_NO                                                                           /* 비용 정산 요청 번호           */
		     , EXCCLC_PROCESS_AT                                                                             /* 정산 처리 여부                */
		     , EXCCLC_PROCESS_DT                                                                             /* 정산 처리 일시                */
		     , DELETE_DT                                                                                     /* 삭제 일시                     */
		     , DELETE_AT                                                                                     /* 삭제 여부                     */
		     , FRST_REGISTER_ID                                                                              /* 최초 등록자 아이디            */
		     , FRST_REGIST_DT                                                                                /* 최초 등록 일시                */
		     , LAST_CHANGER_ID                                                                               /* 최종 변경자 아이디            */
		     , LAST_CHANGE_DT                                                                                /* 최종 변경 일시                */
		     )
		SELECT
		       OSB.SETLE_NO                                                                                  /* 결제 번호                     */
		     , OSB.ORDER_NO                                                                                  /* 주문 번호                     */
		     , OSB.CANCL_EXCHNG_RTNGUD_NO                                                                    /* 취소 교환 반품 번호           */
		     , OSB.SETLE_SE_CODE                                                                             /* 결제 구분 코드                */
		     , OSB.SETLE_TY_CODE                                                                             /* 결제 유형 코드                */
		     , OSB.SETLE_STTUS_CODE                                                                          /* 결제 상태 코드                */
		     , OSB.SETLE_REQUST_DT                                                                           /* 결제 요청 일시                */
		     , OSB.SETLE_COMPT_DT                                                                            /* 결제 완료 일시                */
		     , OSB.EWALLET_DEFRAY_TRANSFR_INTRFC_SN                                                          /* 이월렛 출금 이체 인터페이스 순번*/
		     , OSB.SMS_SNDNG_AT                                                                              /* SMS 발송 여부                 */
		     , OSB.DELNG_SEQ_NO                                                                              /* 거래 일련 번호                */
		     , OSB.DELNG_AMOUNT                                                                              /* 거래 금액                     */
		     , OSB.NGNO_SE_INDICT                                                                            /* 음수 구분 표시                */
		     , OSB.DELNG_AFTER_ACNUT_BLCE                                                                    /* 거래 후 계좌 잔액             */
		     , OSB.UNSETL_OTHR_COM_AMOUNT                                                                    /* 미결제 타사 금액              */
		     , OSB.RCPMNY_ACNUT_BANK_CODE                                                                    /* 입금 계좌 은행 코드           */
		     , OSB.RCPMNY_ACNUT_SE_CODE                                                                      /* 입금 계좌 구분 코드           */
		     , OSB.RCPMNY_ACNUT_NO                                                                           /* 입금 계좌 번호                */
		     , OSB.RCPMNY_ACNUT_NM                                                                           /* 입금 계좌 성명                */
		     , OSB.DEFRAY_ACNUT_BANK_CODE                                                                    /* 출금 계좌 은행 코드           */
		     , OSB.DEFRAY_ACNUT_SE_CODE                                                                      /* 출금 계좌 구분 코드           */
		     , OSB.DEFRAY_ACNUT_NO                                                                           /* 출금 계좌 번호                */
		     , OSB.DEFRAY_ACNUT_SECRET_NO                                                                    /* 출금 계좌 비밀 번호           */
		     , OSB.DEFRAY_ACNUT_NM                                                                           /* 출금 계좌 성명                */
		     , OSB.FEE                                                                                       /* 수수료                        */
		     , OSB.CT_EXCCLC_REQUST_NO                                                                       /* 비용 정산 요청 번호           */
		     , OSB.EXCCLC_PROCESS_AT                                                                         /* 정산 처리 여부                */
		     , OSB.EXCCLC_PROCESS_DT                                                                         /* 정산 처리 일시                */
		     , OSB.DELETE_DT                                                                                 /* 삭제 일시                     */
		     , OSB.DELETE_AT                                                                                 /* 삭제 여부                     */
		     , OSB.FRST_REGISTER_ID                                                                          /* 최초 등록자 아이디            */
		     , OSB.FRST_REGIST_DT                                                                            /* 최초 등록 일시                */
		     , OSB.LAST_CHANGER_ID                                                                           /* 최종 변경자 아이디            */
		     , OSB.LAST_CHANGE_DT                                                                            /* 최종 변경 일시                */
		  FROM dbo.OR_SETLE_BAS AS OSB                                                                       /*                               */
		 WHERE 1=1
		   AND OSB.SETLE_NO                                     = #{setleNo}                                 /* 결제 번호                     */
	</insert>

	<insert id="insertOrOrderHst">
		/******  INSERT : OR_ORDER_BAS_HST(주문_주문 기본 이력)                                                                          ******/
		INSERT INTO dbo.OR_ORDER_BAS_HST                                                                     /* 주문_주문 기본 이력           */
		     (
		       ORDER_NO                                                                                      /* 주문 번호                     */
		     , ORDER_DE                                                                                      /* 주문 일자                     */
		     , ORDER_TM                                                                                      /* 주문 시각                     */
		     , BSKT_NO                                                                                       /* 장바구니 번호                 */
		     , MBER_NO                                                                                       /* 회원 번호                     */
		     , ENTRPS_NO                                                                                     /* 업체 번호                     */
		     , ENTRPS_GRAD_NO                                                                                /* 업체 등급 번호                */
		     , RCEPT_MEDIA_SE_CODE                                                                           /* 접수 매체 구분 코드           */
		     , SLE_MTHD_CODE                                                                                 /* 판매 방식 코드                */
		     , ORDRR_NM                                                                                      /* 주문자 명                     */
		     , ORDRR_MOBLPHON_NO                                                                             /* 주문자 휴대폰 번호            */
		     , ORDRR_EMAIL                                                                                   /* 주문자 이메일                 */
		     , ORDER_ENTRPS_NM                                                                               /* 주문 업체 명                  */
		     , ORDER_ENTRPS_TELNO                                                                            /* 주문 업체 전화번호            */
		     , ORDER_ENTRPS_ZIP                                                                              /* 주문 업체 우편번호            */
		     , ORDER_ENTRPS_ADRES                                                                            /* 주문 업체 주소                */
		     , ORDER_ENTRPS_DETAIL_ADRES                                                                     /* 주문 업체 상세 주소           */
		     , ORDER_ENTRPS_RN_ADRES                                                                         /* 주문 업체 도로명 주소         */
		     , ORDER_ENTRPS_RN_DETAIL_ADRES                                                                  /* 주문 업체 도로명 상세 주소    */
		     , ORDER_STTUS_CODE                                                                              /* 주문 상태 코드                */
		     , DLVY_MN_CODE                                                                                  /* 배송 수단 코드                */
		     , DSTRCT_LCLSF_CODE                                                                             /* 권역 대분류 코드              */
		     , DLIVY_REQUST_DE                                                                               /* 출고 요청 일자                */
		     , ORDER_DLVRG_NO                                                                                /* 주문 배송지 번호              */
		     , ORDER_DLVRF_NO                                                                                /* 주문 배송비 번호              */
		     , METAL_CODE                                                                                    /* 금속 코드                     */
		     , ITM_SN                                                                                        /* 아이템 순번                   */
		     , ITM_NM                                                                                        /* 아이템 명                     */
		     , GOODS_NM                                                                                      /* 상품 명                       */
		     , BRAND_GROUP_CODE                                                                              /* 브랜드 그룹 코드              */
		     , BRAND_CODE                                                                                    /* 브랜드 코드                   */
		     , SLE_UNIT_CODE                                                                                 /* 판매 단위 코드                */
		     , TOT_CSTMR_ORDER_WT                                                                            /* 총 고객 주문 중량             */
		     , TOT_REAL_ORDER_WT                                                                             /* 총 실제 주문 중량             */
		     , TOT_BUNDLE_QY                                                                                 /* 총 번들 수량                  */
		     , SLE_PC_RLTM_SN                                                                                /* 판매 가격 실시간 순번         */
		     , LME_PC_RLTM_SN                                                                                /* LME 가격 실시간 순번          */
		     , PREMIUM_NO                                                                                    /* 프리미엄 번호                 */
		     , EHGT_PC_RLTM_SN                                                                               /* 환율 가격 실시간 순번         */
		     , PREMIUM_STDR_AMOUNT                                                                           /* 프리미엄 기준 금액            */
		     , DSTRCT_CHANGE_AMOUNT                                                                          /* 권역 변동 금액                */
		     , HGHNETPRC_DSTRCT_CHANGE_AMOUNT                                                                /* 고정가 권역 변동 금액         */
		     , BRAND_GROUP_CHANGE_AMOUNT                                                                     /* 브랜드 그룹 변동 금액         */
		     , HGHNETPRC_BRAND_GROUP_CHANGE_AMOUNT                                                           /* 고정가 브랜드 그룹 변동 금액  */
		     , BRAND_CHANGE_AMOUNT                                                                           /* 브랜드 변동 금액              */
		     , HGHNETPRC_BRAND_CHANGE_AMOUNT                                                                 /* 고정가 브랜드 변동 금액       */
		     , HGHNETPRC_TOT_AMT_TARIFF                                                                      /* 고정가 할증 요율              */
		     , PREMIUM_PC                                                                                    /* 프리미엄 가격                 */
		     , LME_3M                                                                                        /* LME 3M                        */
		     , LME_CASH                                                                                      /* LME 현금                      */
		     , LME_MDAT_CFFCNT                                                                               /* LME 조정 계수                 */
		     , SPEX                                                                                          /* 현물환                        */
		     , SPEX_MDAT_CFFCNT                                                                              /* 현물환 조정 계수              */
		     , GOODS_UNTPC                                                                                   /* 상품 단가                     */
		     , ORDER_PC                                                                                      /* 주문 가격                     */
		     , WT_CHANGEGLD                                                                                  /* 중량 변동금                   */
		     , SPLPC                                                                                         /* 공급가                        */
		     , VAT                                                                                           /* 부가세                        */
		     , SLEPC                                                                                         /* 판매가                        */
		     , ORDER_COMPT_DT                                                                                /* 주문 완료 일시                */
		     , EXCCLC_PROCESS_AT                                                                             /* 정산 처리 여부                */
		     , EXCCLC_PROCESS_DT                                                                             /* 정산 처리 일시                */
		     , OMS_RCEPT_NO                                                                                  /* OMS 접수 번호                 */
		     , ORDER_FAILR_RESN                                                                              /* 주문 실패 사유                */
		     , TOT_DCSN_WT                                                                                   /* 총 확정 중량                  */
		     , TOT_DCSN_ORDER_PC                                                                             /* 총 확정 주문 가격             */
		     , TOT_DCSN_SPLPC                                                                                /* 총 확정 공급가                */
		     , TOT_DCSN_DT                                                                                   /* 총 확정 일시                  */
		     , EXCCLC_SPLPC                                                                                  /* 정산 공급가                   */
		     , EXCCLC_VAT                                                                                    /* 정산 부가세                   */
		     , EXCCLC_AMOUNT                                                                                 /* 정산 금액                     */
		     , DELETE_DT                                                                                     /* 삭제 일시                     */
		     , DELETE_AT                                                                                     /* 삭제 여부                     */
		     , FRST_REGISTER_ID                                                                              /* 최초 등록자 아이디            */
		     , FRST_REGIST_DT                                                                                /* 최초 등록 일시                */
		     , LAST_CHANGER_ID                                                                               /* 최종 변경자 아이디            */
		     , LAST_CHANGE_DT                                                                                /* 최종 변경 일시                */
		     , HGHNETPRC_AVRG_PURCHS_PRMPC                                                                   /* 고정가 평균 구매 원가         */
		     , HGHNETPRC_SLE_AMOUNT                                                                          /* 고정가 판매 금액              */
		     , CSTMR_SLE_PC_RLTM_SN                                                                          /* 고객 판매 가격 실시간 순번    */
		     , CSTMR_LME_PC_RLTM_SN                                                                          /* 고객 LME 가격 실시간 순번     */
		     , CSTMR_PREMIUM_NO                                                                              /* 고객 프리미엄 번호            */
		     , CSTMR_EHGT_PC_RLTM_SN                                                                         /* 고객 환율 가격 실시간 순번    */
		     , WT_CHANGE                                                                                     /* 중량 변동                     */
		     , VHCLE_INFO_REGIST_AT                                                                          /* 차량 정보 등록 여부           */
		     , TODAY_DLVY_AT                                                                                 /* 당일 배송 여부                */
		     , SETLE_MTHD_CODE                                                                               /* 결제 방식 코드                */
		     , SETLE_MTHD_DETAIL_CODE                                                                        /* 결제 방식 상세 코드           */
		     , FRST_SETLE_AMOUNT                                                                             /* 최초 결제 금액                */
		     , UN_SETLE_AMOUNT                                                                               /* 미 결제 금액                  */
		     , WRTM_MUMM_WRTM_RATE                                                                           /* 증거금 최소 증거금 비율       */
		     , WRTM_SETLE_PREARNGE_DE                                                                        /* 증거금 결제 예정 일자         */
		     , ORDER_HOLDING_USE_AT                                                                          /* 주문 홀딩 사용 여부           */
		     , REPY_BUTTON_ACTV_AT                                                                           /* 상환 버튼 활성화 여부         */
		     , LGIST_REHNDL_TRGET                                                                            /* 물류 재처리 대상              */
		     , DLVY_MEMO                                                                                     /* 업체 배송 메모                */
		     , NTFC_AMOUNT                                                                                   /* 고시 금액                     */
		     , LRGETRNSPRTCT_AMOUNT                                                                          /* 대운송비 금액                 */
		     , MARGIN_AMOUNT                                                                                 /* 마진 금액                     */
		     , LIMIT_ORDER_NO                                                                                /* 지정가 주문 번호              */
		     , LIMIT_ORDER_STDR_SLE_PC                                                                       /* 지정가 주문 기준 판매 가격    */
		     , LGIST_REHNDL_TRNSMIS_CO                                                                       /* 물류 재처리 전송 횟수         */
		     , COUPON_APPLC_AT                                                                               /* 쿠폰 적용 여부                */
		     , ORG_GOODS_UNTPC                                                                               /* 원 상품 단가                  */
		     , GRAD_APPLC_AMOUNT                                                                             /* 등급 할인 금액                */
		     , SLE_MTHD_DETAIL_CODE                                                                          /* 판매 방식 상세 코드           */
		     , DLVY_COMPT_DE                                                                                 /* 배송 완료 일자                */
		     , RMNDR_DSCNT                                                                                   /* 자투리 할인                   */
		     , ADIT_AMOUNT                                                                                   /* 추가 금액                     */
		     )
		SELECT
		       OOB.ORDER_NO                                                                                  /* 주문 번호                     */
		     , OOB.ORDER_DE                                                                                  /* 주문 일자                     */
		     , OOB.ORDER_TM                                                                                  /* 주문 시각                     */
		     , OOB.BSKT_NO                                                                                   /* 장바구니 번호                 */
		     , OOB.MBER_NO                                                                                   /* 회원 번호                     */
		     , OOB.ENTRPS_NO                                                                                 /* 업체 번호                     */
		     , OOB.ENTRPS_GRAD_NO                                                                            /* 업체 등급 번호                */
		     , OOB.RCEPT_MEDIA_SE_CODE                                                                       /* 접수 매체 구분 코드           */
		     , OOB.SLE_MTHD_CODE                                                                             /* 판매 방식 코드                */
		     , OOB.ORDRR_NM                                                                                  /* 주문자 명                     */
		     , OOB.ORDRR_MOBLPHON_NO                                                                         /* 주문자 휴대폰 번호            */
		     , OOB.ORDRR_EMAIL                                                                               /* 주문자 이메일                 */
		     , OOB.ORDER_ENTRPS_NM                                                                           /* 주문 업체 명                  */
		     , OOB.ORDER_ENTRPS_TELNO                                                                        /* 주문 업체 전화번호            */
		     , OOB.ORDER_ENTRPS_ZIP                                                                          /* 주문 업체 우편번호            */
		     , OOB.ORDER_ENTRPS_ADRES                                                                        /* 주문 업체 주소                */
		     , OOB.ORDER_ENTRPS_DETAIL_ADRES                                                                 /* 주문 업체 상세 주소           */
		     , OOB.ORDER_ENTRPS_RN_ADRES                                                                     /* 주문 업체 도로명 주소         */
		     , OOB.ORDER_ENTRPS_RN_DETAIL_ADRES                                                              /* 주문 업체 도로명 상세 주소    */
		     , OOB.ORDER_STTUS_CODE                                                                          /* 주문 상태 코드                */
		     , OOB.DLVY_MN_CODE                                                                              /* 배송 수단 코드                */
		     , OOB.DSTRCT_LCLSF_CODE                                                                         /* 권역 대분류 코드              */
		     , OOB.DLIVY_REQUST_DE                                                                           /* 출고 요청 일자                */
		     , OOB.ORDER_DLVRG_NO                                                                            /* 주문 배송지 번호              */
		     , OOB.ORDER_DLVRF_NO                                                                            /* 주문 배송비 번호              */
		     , OOB.METAL_CODE                                                                                /* 금속 코드                     */
		     , OOB.ITM_SN                                                                                    /* 아이템 순번                   */
		     , OOB.ITM_NM                                                                                    /* 아이템 명                     */
		     , OOB.GOODS_NM                                                                                  /* 상품 명                       */
		     , OOB.BRAND_GROUP_CODE                                                                          /* 브랜드 그룹 코드              */
		     , OOB.BRAND_CODE                                                                                /* 브랜드 코드                   */
		     , OOB.SLE_UNIT_CODE                                                                             /* 판매 단위 코드                */
		     , OOB.TOT_CSTMR_ORDER_WT                                                                        /* 총 고객 주문 중량             */
		     , OOB.TOT_REAL_ORDER_WT                                                                         /* 총 실제 주문 중량             */
		     , OOB.TOT_BUNDLE_QY                                                                             /* 총 번들 수량                  */
		     , OOB.SLE_PC_RLTM_SN                                                                            /* 판매 가격 실시간 순번         */
		     , OOB.LME_PC_RLTM_SN                                                                            /* LME 가격 실시간 순번          */
		     , OOB.PREMIUM_NO                                                                                /* 프리미엄 번호                 */
		     , OOB.EHGT_PC_RLTM_SN                                                                           /* 환율 가격 실시간 순번         */
		     , OOB.PREMIUM_STDR_AMOUNT                                                                       /* 프리미엄 기준 금액            */
		     , OOB.DSTRCT_CHANGE_AMOUNT                                                                      /* 권역 변동 금액                */
		     , OOB.HGHNETPRC_DSTRCT_CHANGE_AMOUNT                                                            /* 고정가 권역 변동 금액         */
		     , OOB.BRAND_GROUP_CHANGE_AMOUNT                                                                 /* 브랜드 그룹 변동 금액         */
		     , OOB.HGHNETPRC_BRAND_GROUP_CHANGE_AMOUNT                                                       /* 고정가 브랜드 그룹 변동 금액  */
		     , OOB.BRAND_CHANGE_AMOUNT                                                                       /* 브랜드 변동 금액              */
		     , OOB.HGHNETPRC_BRAND_CHANGE_AMOUNT                                                             /* 고정가 브랜드 변동 금액       */
		     , OOB.HGHNETPRC_TOT_AMT_TARIFF                                                                  /* 고정가 할증 요율              */
		     , OOB.PREMIUM_PC                                                                                /* 프리미엄 가격                 */
		     , OOB.LME_3M                                                                                    /* LME 3M                        */
		     , OOB.LME_CASH                                                                                  /* LME 현금                      */
		     , OOB.LME_MDAT_CFFCNT                                                                           /* LME 조정 계수                 */
		     , OOB.SPEX                                                                                      /* 현물환                        */
		     , OOB.SPEX_MDAT_CFFCNT                                                                          /* 현물환 조정 계수              */
		     , OOB.GOODS_UNTPC                                                                               /* 상품 단가                     */
		     , OOB.ORDER_PC                                                                                  /* 주문 가격                     */
		     , OOB.WT_CHANGEGLD                                                                              /* 중량 변동금                   */
		     , OOB.SPLPC                                                                                     /* 공급가                        */
		     , OOB.VAT                                                                                       /* 부가세                        */
		     , OOB.SLEPC                                                                                     /* 판매가                        */
		     , OOB.ORDER_COMPT_DT                                                                            /* 주문 완료 일시                */
		     , OOB.EXCCLC_PROCESS_AT                                                                         /* 정산 처리 여부                */
		     , OOB.EXCCLC_PROCESS_DT                                                                         /* 정산 처리 일시                */
		     , OOB.OMS_RCEPT_NO                                                                              /* OMS 접수 번호                 */
		     , OOB.ORDER_FAILR_RESN                                                                          /* 주문 실패 사유                */
		     , OOB.TOT_DCSN_WT                                                                               /* 총 확정 중량                  */
		     , OOB.TOT_DCSN_ORDER_PC                                                                         /* 총 확정 주문 가격             */
		     , OOB.TOT_DCSN_SPLPC                                                                            /* 총 확정 공급가                */
		     , OOB.TOT_DCSN_DT                                                                               /* 총 확정 일시                  */
		     , OOB.EXCCLC_SPLPC                                                                              /* 정산 공급가                   */
		     , OOB.EXCCLC_VAT                                                                                /* 정산 부가세                   */
		     , OOB.EXCCLC_AMOUNT                                                                             /* 정산 금액                     */
		     , OOB.DELETE_DT                                                                                 /* 삭제 일시                     */
		     , OOB.DELETE_AT                                                                                 /* 삭제 여부                     */
		     , OOB.FRST_REGISTER_ID                                                                          /* 최초 등록자 아이디            */
		     , OOB.FRST_REGIST_DT                                                                            /* 최초 등록 일시                */
		     , OOB.LAST_CHANGER_ID                                                                           /* 최종 변경자 아이디            */
		     , OOB.LAST_CHANGE_DT                                                                            /* 최종 변경 일시                */
		     , OOB.HGHNETPRC_AVRG_PURCHS_PRMPC                                                               /* 고정가 평균 구매 원가         */
		     , OOB.HGHNETPRC_SLE_AMOUNT                                                                      /* 고정가 판매 금액              */
		     , OOB.CSTMR_SLE_PC_RLTM_SN                                                                      /* 고객 판매 가격 실시간 순번    */
		     , OOB.CSTMR_LME_PC_RLTM_SN                                                                      /* 고객 LME 가격 실시간 순번     */
		     , OOB.CSTMR_PREMIUM_NO                                                                          /* 고객 프리미엄 번호            */
		     , OOB.CSTMR_EHGT_PC_RLTM_SN                                                                     /* 고객 환율 가격 실시간 순번    */
		     , OOB.WT_CHANGE                                                                                 /* 중량 변동                     */
		     , OOB.VHCLE_INFO_REGIST_AT                                                                      /* 차량 정보 등록 여부           */
		     , OOB.TODAY_DLVY_AT                                                                             /* 당일 배송 여부                */
		     , OOB.SETLE_MTHD_CODE                                                                           /* 결제 방식 코드                */
		     , OOB.SETLE_MTHD_DETAIL_CODE                                                                    /* 결제 방식 상세 코드           */
		     , OOB.FRST_SETLE_AMOUNT                                                                         /* 최초 결제 금액                */
		     , OOB.UN_SETLE_AMOUNT                                                                           /* 미 결제 금액                  */
		     , OOB.WRTM_MUMM_WRTM_RATE                                                                       /* 증거금 최소 증거금 비율       */
		     , OOB.WRTM_SETLE_PREARNGE_DE                                                                    /* 증거금 결제 예정 일자         */
		     , OOB.ORDER_HOLDING_USE_AT                                                                      /* 주문 홀딩 사용 여부           */
		     , OOB.REPY_BUTTON_ACTV_AT                                                                       /* 상환 버튼 활성화 여부         */
		     , OOB.LGIST_REHNDL_TRGET                                                                        /* 물류 재처리 대상              */
		     , OOB.DLVY_MEMO                                                                                 /* 업체 배송 메모                */
		     , OOB.NTFC_AMOUNT                                                                               /* 고시 금액                     */
		     , OOB.LRGETRNSPRTCT_AMOUNT                                                                      /* 대운송비 금액                 */
		     , OOB.MARGIN_AMOUNT                                                                             /* 마진 금액                     */
		     , OOB.LIMIT_ORDER_NO                                                                            /* 지정가 주문 번호              */
		     , OOB.LIMIT_ORDER_STDR_SLE_PC                                                                   /* 지정가 주문 기준 판매 가격    */
		     , OOB.LGIST_REHNDL_TRNSMIS_CO                                                                   /* 물류 재처리 전송 횟수         */
		     , OOB.COUPON_APPLC_AT                                                                           /* 쿠폰 적용 여부                */
		     , OOB.ORG_GOODS_UNTPC                                                                           /* 원 상품 단가                  */
		     , OOB.GRAD_APPLC_AMOUNT                                                                         /* 등급 할인 금액                */
		     , OOB.SLE_MTHD_DETAIL_CODE                                                                      /* 판매 방식 상세 코드           */
		     , OOB.DLVY_COMPT_DE                                                                             /* 배송 완료 일자                */
		     , OOB.RMNDR_DSCNT                                                                               /* 자투리 할인                   */
		     , OOB.ADIT_AMOUNT                                                                               /* 추가 금액                     */
		  FROM dbo.OR_ORDER_BAS AS OOB                                                                       /* 주문_주문 기본                */
		 WHERE 1=1
		   AND OOB.ORDER_NO                                     = #{orderNo}                                 /* 주문 번호                     */
		   AND OOB.DELETE_AT                                    = 'N'                                        /* 삭제 여부                     */
	</insert>
	
	<select id="getNewDlivyRequstDe" resultType="String" parameterType="String">
		/* com.sorincorp.api.credt.mapper.WrtmEwalletMapper.getNewDlivyRequstDe */
		SET TRANSACTION ISOLATION LEVEL READ UNCOMMITTED
		SELECT dbo.fn_getNewDlivyRequstDe(#{orderNo})
	</select>
	
	<update id="updateRepyComptOrMrtggMdstrmRepyDtl" parameterType="com.sorincorp.api.credt.model.WrtmEwalletVO">
		/***** com.sorincorp.api.credt.mapper.WrtmEwalletMapper.updateRepyComptOrMrtggMdstrmRepyDtl *****/
		UPDATE OR_MRTGG_MDSTRM_REPY_DTL                                        /* 주문_담보 중도 상환 상세      */
		   SET
			   SETLE_NO = #{setleNo}										   /* 결제 번호                     */
			 , LAST_CHANGER_ID = #{mberId}									   /* 최종 변경자 아이디            */
			 , LAST_CHANGE_DT = GETDATE()                                      /* 최종 변경 일시                */
		 WHERE MRTGG_NO = #{mrtggNo}                                           /* 담보 번호                     */
		   AND ORDER_NO = #{orderNo}                                           /* 주문 번호                     */
		   AND MDSTRM_REPY_SN = #{mdstrmRepySn}                                /* 중도 상환 순번                */
	</update>

</mapper>