<?xml version="1.0" encoding="UTF-8"?>
<!DOCTYPE mapper PUBLIC "-//mybatis.org//DTD Mapper 3.0//EN" "http://mybatis.org/dtd/mybatis-3-mapper.dtd">

<mapper namespace="com.sorincorp.mfo.my.mapper.CouponDtlsMapper">

	<sql id="sqlCouponList">
		SELECT  CCIB.COUPON_NO
			 , CCIB.COUPON_TY_CODE
			 , dbo.fn_getCodeNm('COUPON_TY_CODE', CCID.COUPON_TY_CODE) AS COUPON_TY_CODE_NM
			 , CCID.MT
			 , CCID.ORDER_TY_CODE
			 , CCID.COUPON_DTL_NO
			 , CCID.UNTPC_DSCNT_AMOUNT
			 , CCID.UNTPC_COUPON_TOTAL_AMOUNT
			 , CCID.COUPON_BGNDE
			 , CONVERT(CHAR(10), CCID.COUPON_ENDDE, 23) AS COUPON_END_DE
			 , CCIB2.COUPON_SN
			 , CCIB2.ENTRPS_NO
			 , CCIB2.COUPON_STTUS_CODE
			 , CCIB2.COUPON_APPLC_ORDER_NO
			 , CCID.DPLCT_AT 
			 , IIF(CCID.DPLCT_AT = 'Y', '중복 사용 가능', '중복 사용 불가') AS RE_DPLCT_AT 
			 , ISNULL(dbo.fn_getCodeNm('METAL_CODE',CCID.METAL_CODE),'전체') AS METAL_NM
			 , ISNULL(dbo.fn_getCodeNm('BRAND_CODE',CCID.BRAND_CODE),'전체') AS BRAND_NM
		<if test="@com.sorincorp.comm.util.MybatisUtil@isNotEmpty(openPage)">
			, OOB.ORDER_DE 
		</if>
		  FROM CP_COUPON_INFO_BAS CCIB
		  LEFT OUTER JOIN CP_COUPON_INFO_DTL CCID
			ON CCIB.COUPON_NO = CCID.COUPON_NO
		   AND CCIB.DELETE_AT = 'N'
		  LEFT OUTER JOIN CP_COUPON_ISU_BAS CCIB2
			ON CCID.COUPON_DTL_NO = CCIB2.COUPON_DTL_NO
		   AND CCID.DELETE_AT = 'N'
		<if test="@com.sorincorp.comm.util.MybatisUtil@isNotEmpty(openPage)">
			LEFT OUTER JOIN OR_ORDER_BAS OOB
		    ON OOB.ORDER_NO = CCIB2.COUPON_APPLC_ORDER_NO
		</if>
		 WHERE 1=1
		   AND CCIB2.DELETE_AT = 'N'
		   AND CCID.TMPR_STRE_AT = 'N'
		   AND CCIB2.ENTRPS_NO = #{entrpsNo}
		   AND CONVERT(CHAR(8), GETDATE(), 112) BETWEEN ccid.COUPON_BGNDE AND ccid.COUPON_ENDDE
		<if test="@com.sorincorp.comm.util.MybatisUtil@isNotEmpty(metalCode)">
		   AND (CCID.METAL_CODE IS NULL OR CCID.METAL_CODE = '' OR CCID.METAL_CODE = '0' OR CCID.METAL_CODE = #{metalCode})
		</if>
		<if test="@com.sorincorp.comm.util.MybatisUtil@isEmpty(openPage)">
			<if test="@com.sorincorp.comm.util.MybatisUtil@isNotEmpty(couponApplcOrderNo)">
			   AND CCIB2.COUPON_STTUS_CODE IN ('01', '05')						/* 01 : 미사용, 05 : 사용중*/
			   AND (CCIB2.COUPON_APPLC_ORDER_NO IS NULL OR CCIB2.COUPON_APPLC_ORDER_NO  = '' OR CCIB2.COUPON_APPLC_ORDER_NO = #{couponApplcOrderNo})
			</if>
			<if test="@com.sorincorp.comm.util.MybatisUtil@isEmpty(couponApplcOrderNo)">
			   AND CCIB2.COUPON_STTUS_CODE IN ('01')
			   AND (CCIB2.COUPON_APPLC_ORDER_NO IS NULL OR CCIB2.COUPON_APPLC_ORDER_NO  = '')
			</if>
		</if>
		<if test="@com.sorincorp.comm.util.MybatisUtil@isNotEmpty(couponTyCode)">
		   AND CCIB.COUPON_TY_CODE = #{couponTyCode}
		</if>
		<if test="@com.sorincorp.comm.util.MybatisUtil@isNotEmpty(openPage)">
		   AND CCIB2.COUPON_STTUS_CODE NOT IN ('03')
		</if>
	</sql>
	
    
	<select id="selectCouponDtlsList" parameterType="com.sorincorp.mfo.my.model.CouponDtlVO" resultType="com.sorincorp.mfo.my.model.CouponDtlVO" >
		/* CouponDtls.selectCouponDtlsList */
		SET TRANSACTION ISOLATION LEVEL READ UNCOMMITTED
		SELECT CCIB2.COUPON_NM
			, CCID.ORDER_TY_CODE
			, CCID.COUPON_TY_CODE
			, IIF(
					ISNULL(dbo.fn_getCodeNm('SLE_MTHD_CODE', CCID.ORDER_TY_CODE), ORDER_TY_CODE) = '00'
					, '전체 주문'
					, dbo.fn_getCodeNm('SLE_MTHD_CODE', CCID.ORDER_TY_CODE) + ' 주문'
			) AS ORDER_TY_CODE_NM
			, CASE WHEN CCID.COUPON_TY_CODE = '01'
					THEN IIF(CAST(CCID.MT AS VARCHAR(10))!= '0', CAST(CCID.MT AS VARCHAR(10)), '전체') + ' MT ' + CAST(CCID.UNTPC_DSCNT_AMOUNT AS VARCHAR(20)) + '원 할인'
					WHEN CCID.COUPON_TY_CODE = '03'
					THEN '지정구간 1차량 무료'
					END AS USE_TYPE
			, CCID.MT 
			, CCID.UNTPC_DSCNT_AMOUNT
			, CCID.COUPON_BGNDE 
			, CCID.COUPON_ENDDE
			, CCIB.COUPON_APPLC_ORDER_NO
			, CCIB.COUPON_STTUS_CODE
			, CONVERT(CHAR(8), CCID.COUPON_BGNDE, 2) + ' ~ ' + CONVERT(CHAR(8), CCID.COUPON_ENDDE, 2) AS 'COUPON_USE_DATE'
		FROM CP_COUPON_ISU_BAS CCIB
		JOIN CP_COUPON_INFO_DTL CCID ON CCIB.COUPON_DTL_NO = CCID.COUPON_DTL_NO 
		JOIN CP_COUPON_INFO_BAS CCIB2 ON CCID.COUPON_NO = CCIB2.COUPON_NO
		WHERE 1=1
		AND CCIB.ENTRPS_NO = #{entrpsNo}
		AND CCIB.DELETE_AT = 'N'
		AND CCID.DELETE_AT = 'N'
		AND CCID.TMPR_STRE_AT = 'N'
		AND	CONVERT(CHAR(8), GETDATE(), 112) BETWEEN CCID.COUPON_BGNDE AND CCID.COUPON_ENDDE
	</select>

	<select id="getUntcouponList" parameterType="com.sorincorp.comm.order.model.CouponVO" resultType="com.sorincorp.comm.order.model.CouponVO" >
		/* CouponDtls.getUntcouponList */
		SET TRANSACTION ISOLATION LEVEL READ UNCOMMITTED
		SELECT  CCIB.COUPON_NO
			 , CCIB.COUPON_TY_CODE
			 , CCID.ORDER_TY_CODE
			 , CCID.MT
			 , CCID.COUPON_DTL_NO
			 , CCID.UNTPC_DSCNT_AMOUNT
			 , CCID.UNTPC_COUPON_TOTAL_AMOUNT
			 , CCID.COUPON_BGNDE
			 , CONVERT(CHAR(10), CCID.COUPON_ENDDE, 23) AS COUPON_END_DE
			 , CCIB2.COUPON_SN
			 , CCIB2.ENTRPS_NO
			 , dbo.fn_getCodeNm('COUPON_STTUS_CODE', CCIB2.COUPON_STTUS_CODE) AS COUPON_STTUS_CODE
			 , CCIB2.COUPON_APPLC_ORDER_NO
			 , CCID.DPLCT_AT 
			 , IIF(CCID.DPLCT_AT = 'Y', '중복 사용 가능', '중복 사용 불가') AS RE_DPLCT_AT 
		  FROM CP_COUPON_INFO_BAS CCIB
		  LEFT OUTER JOIN CP_COUPON_INFO_DTL CCID
			ON CCIB.COUPON_NO = CCID.COUPON_NO
		   AND CCIB.DELETE_AT != 'Y'
		  LEFT OUTER JOIN CP_COUPON_ISU_BAS CCIB2
			ON CCID.COUPON_DTL_NO = CCIB2.COUPON_DTL_NO
		   AND CCID.DELETE_AT != 'Y'
		 WHERE 1=1
		   AND CCIB2.DELETE_AT != 'Y'
		   AND CCID.TMPR_STRE_AT = 'N'
		   AND CCIB2.ENTRPS_NO = #{entrpsNo}
		   AND CONVERT(CHAR(8), GETDATE(), 112) BETWEEN ccid.COUPON_BGNDE AND ccid.COUPON_ENDDE
		<if test="@com.sorincorp.comm.util.MybatisUtil@isNotEmpty(metalCode)">
		   AND (CCID.METAL_CODE IS NULL OR CCID.METAL_CODE = '' OR CCID.METAL_CODE = '0' OR CCID.METAL_CODE = #{metalCode})
		</if>
		<if test="@com.sorincorp.comm.util.MybatisUtil@isNotEmpty(couponApplcOrderNo)">
		   AND CCIB2.COUPON_STTUS_CODE IN ('01', '05')						/* 01 : 미사용, 05 : 사용중*/
		   AND (CCIB2.COUPON_APPLC_ORDER_NO IS NULL OR CCIB2.COUPON_APPLC_ORDER_NO  = '' OR CCIB2.COUPON_APPLC_ORDER_NO = #{couponApplcOrderNo})
		</if>
		<if test="@com.sorincorp.comm.util.MybatisUtil@isEmpty(couponApplcOrderNo)">
		   AND CCIB2.COUPON_STTUS_CODE IN ('01')
		   AND (CCIB2.COUPON_APPLC_ORDER_NO IS NULL OR CCIB2.COUPON_APPLC_ORDER_NO  = '')
		</if>
		 ORDER BY CCID.DPLCT_AT DESC, CCID.COUPON_ENDDE ASC
	</select>

	<select id="getDlvycouponList" parameterType="com.sorincorp.comm.order.model.CouponVO" resultType="com.sorincorp.comm.order.model.CouponVO" >
		/* CouponDtls.getDlvycouponList */
		SET TRANSACTION ISOLATION LEVEL READ UNCOMMITTED
		SELECT DISTINCT CONVERT(CHAR(15), ECI.COUPON_SEQ_NO) AS COUPON_SN
			 , ECI.COUPON_USE_AT
			 , ECI.COUPON_APPLC_ORDER_NO 
			 ,'03' AS COUPON_TY_CODE
			 , CASE WHEN EPCIB.COUPON_END_DE LIKE '%99%'
			 		THEN '없음'
					ELSE CONVERT(CHAR(10), CONVERT(DATE, EPCIB.COUPON_END_DE), 23)
			 		END
			 		AS COUPON_END_DE
			 ,EPCIB.PROMTN_COUPON_USE_AT
			 , CASE WHEN ECI.COUPON_APPLC_ORDER_NO LIKE '%L%' THEN '사용중'
					ELSE '미사용'
					END
					AS COUPON_STTUS_CODE
			 , EPCIB.COUPON_END_DE
		 FROM EV_PROMTN_COUPON_INFO_BAS EPCIB
		 JOIN EV_COUPON_ISU ECI
		   ON EPCIB.COUPON_EVENT_NO = ECI.COUPON_EVENT_NO
		  AND EPCIB.PROMTN_COUPON_USE_AT != 'N'
		 JOIN EV_PROMTN_INFO_BAS PIB
		   ON EPCIB.PROMTN_NO = PIB.PROMTN_NO
		  AND PIB.DELETE_AT != 'Y'
		 JOIN dbo.CO_CMMN_CD AS CCC
		   ON CCC.USE_AT = 'Y'
		  AND CCC.DELETE_AT = 'N'
		  AND CCC.MAIN_CODE = 'COUPON_SE_CODE'
		  AND CCC.SUB_CODE = EPCIB.COUPON_SE_CODE
		 LEFT OUTER JOIN EV_COUPON_ENTRPS_APPN_BAS CEAB
		   ON EPCIB.COUPON_EVENT_NO = CEAB.COUPON_EVENT_NO
		 LEFT OUTER JOIN OR_ORDER_BAS OOB
		   ON OOB.ORDER_NO  = ECI.COUPON_APPLC_ORDER_NO
		  AND CEAB.REGIST_AT = 'Y'
		  AND ECI.ENTRPS_NO = CEAB.ENTRPS_NO
		WHERE 1=1
		  AND ECI.ENTRPS_NO = #{entrpsNo}
		  AND CONVERT(CHAR(8), GETDATE(), 112) BETWEEN EPCIB.COUPON_BEGIN_DE AND EPCIB.COUPON_END_DE
		<if test="@com.sorincorp.comm.util.MybatisUtil@isNotEmpty(couponApplcOrderNo)">
		  AND (ECI.COUPON_APPLC_ORDER_NO IS NULL OR ECI.COUPON_APPLC_ORDER_NO  = '' OR ECI.COUPON_APPLC_ORDER_NO  = #{couponApplcOrderNo})
		</if>
		<if test="@com.sorincorp.comm.util.MybatisUtil@isEmpty(couponApplcOrderNo)">
		  AND ECI.COUPON_USE_AT  != 'Y'
		  AND (ECI.COUPON_APPLC_ORDER_NO IS NULL OR ECI.COUPON_APPLC_ORDER_NO  = '')
		</if>
		ORDER BY EPCIB.COUPON_END_DE
	</select>
	
	<select id="getCouponList" parameterType="com.sorincorp.comm.order.model.CouponVO" resultType="com.sorincorp.comm.order.model.CouponVO" >
		/* CouponDtls.getUntcouponList */
		SET TRANSACTION ISOLATION LEVEL READ UNCOMMITTED
		SELECT T.*
		FROM (
				<include refid="sqlCouponList" />
			) T
		ORDER BY T.DPLCT_AT DESC, T.COUPON_END_DE ASC
	</select>
	
	<select id="getCouponListForMypage" parameterType="com.sorincorp.comm.order.model.CouponVO" resultType="com.sorincorp.comm.order.model.CouponVO" >
		/* CouponDtls.getCouponListForMypage */
		SET TRANSACTION ISOLATION LEVEL READ UNCOMMITTED
		SELECT
            ROW_NUMBER() OVER(ORDER BY
            CASE T.COUPON_STTUS_CODE
                WHEN '01' THEN 1	/* 단가할인 미사용 */
                WHEN 'N' THEN 2		/* 배송비할인 미사용 */
                ELSE 3
            END,
            T.COUPON_END_DE ASC, T.MT DESC, T.UNTPC_DSCNT_AMOUNT DESC) AS ROWNUM
            , T.*
        FROM (
			<include refid="sqlCouponList" />
			) T
		ORDER BY ROWNUM ASC
	</select>

    <insert id="insertCouponIsu" parameterType="com.sorincorp.mfo.my.model.CouponDtlVO" >
        /* CouponDtls.insertCouponIsu */
        INSERT INTO EV_COUPON_ISU
        (
            COUPON_EVENT_NO                                               /* 쿠폰 이벤트 번호                    */
        , COUPON_USE_AT                                                /* 쿠폰 사용 여부                      */
        , ENTRPS_NO                                                    /* 업체 번호                           */
        , MBER_NO                                                      /* 회원 번호                           */
        , FRST_REGISTER_ID                                             /* 최초 등록자 아이디                  */
        , FRST_REGIST_DT                                               /* 최초 등록 일시                      */
        )
        VALUES
            (
                #{couponEventNo}
            , 'N'
            , #{entrpsNo}
            , #{mberNo}
            , #{mberId}
            , getDate()
            )
    </insert>

    <!-- <update id="updateCouponDtlsList" parameterType="com.sorincorp.comm.order.model.CouponVO" >
    /* CouponDtls.updateCouponDtlsList */
    UPDATE COUPON_ENTRPS_APPN_BAS
        SET
            REGIST_AT = 'Y'                                           /* 쿠폰 등록여부                       */
            , REGIST_DT = format(getDate(),'yyyyMMdd')                /* 쿠폰 등록일시                       */
        WHERE ENTRPS_NO = #{entrpsNo}
        AND COUPON_EVENT_NO = (
                SELECT COUPON_EVENT_NO
                FROM PROMTN_COUPON_INFO_BAS
                WHERE COUPON_ISU_RNNO = #{inputCouponIsuRnno} )
    </update> -->

    <update id="updateCouponRegisAt" parameterType="com.sorincorp.mfo.my.model.CouponDtlVO" >
        /* CouponDtls.updateCouponRegisAt */
        UPDATE EV_COUPON_ENTRPS_APPN_BAS
        SET
            REGIST_AT = 'Y'											/* 쿠폰 등록여부                       */
        WHERE  COUPON_EVENT_NO = #{couponEventNo}
            AND  ENTRPS_NO = #{entrpsNo}
    </update>

    <!--
    해당 쿠폰 난수() 가 프로모션 쿠폰 정보 기본(PROMTN_COUPON_INFO_BAS)
    1. 난수가 NULL 이 아닌것
    2. 사용여부(PROMTN_COUPON_USE_AT) 가 사용중(Y)
    3. 입력하는 당시(GETDATE) 가 시작날(COUPON_BEGIN_DE) 종료날(COUPON_BEGIN_DE) 사이인것
     -->
    <select id="selectCouponRnnoList" parameterType="com.sorincorp.mfo.my.model.CouponDtlVO" resultType="com.sorincorp.mfo.my.model.CouponDtlVO" >
        /* CouponDtls.selectCouponRnnoList */
        SET TRANSACTION ISOLATION LEVEL READ UNCOMMITTED
        SELECT *
        FROM EV_PROMTN_COUPON_INFO_BAS pcib
        WHERE 1=1
            AND COUPON_ISU_RNNO IS NOT NULL
            AND COUPON_ISU_RNNO != ''
	AND COUPON_ISU_RNNO = #{inputCouponIsuRnno}
            AND PROMTN_COUPON_USE_AT = 'Y'
            AND CONVERT(CHAR(8), GETDATE(), 112) BETWEEN COUPON_BEGIN_DE AND COUPON_END_DE
    </select>

    <select id="findCouponType" parameterType="com.sorincorp.mfo.my.model.CouponDtlVO" resultType="String" >
        /* CouponDtls.findCouponType */
        SET TRANSACTION ISOLATION LEVEL READ UNCOMMITTED
        SELECT COUPON_TYPE
        FROM EV_PROMTN_COUPON_INFO_BAS PCIB
        WHERE COUPON_ISU_RNNO = #{inputCouponIsuRnno}
    </select>

    <!--
   	쿠폰이벤트번호(), 업체번호 가 업체지정쿠폰(PROMTN_COUPON_INFO_BAS)에 있는지 확인
   	1. 난수가 NULL 이 아닌것
   	2. 사용여부(PROMTN_COUPON_USE_AT) 가 사용중(Y)
   	3. 입력하는 당시(GETDATE) 가 시작날(COUPON_BEGIN_DE) 종료날(COUPON_BEGIN_DE) 사이인것
   	 -->
    <select id="selectCouponEntrpsAppn" parameterType="com.sorincorp.mfo.my.model.CouponDtlVO" resultType="int" >
        /* selectCouponEntrpsAppn */
        SET TRANSACTION ISOLATION LEVEL READ UNCOMMITTED
        SELECT COUNT(1)
        FROM EV_COUPON_ENTRPS_APPN_BAS
        WHERE COUPON_EVENT_NO = #{couponEventNo}
            AND ENTRPS_NO = #{entrpsNo}
            AND REGIST_AT = 'Y'
    </select>

    <select id="selectCouponList" parameterType="com.sorincorp.mfo.my.model.CouponDtlVO" resultType="com.sorincorp.mfo.my.model.CouponDtlVO" >
        /* CouponDtls.selectCouponDtlsList */
        SET TRANSACTION ISOLATION LEVEL READ UNCOMMITTED
        DECLARE @TODAY DATETIME = FORMAT(CAST(GETDATE() AS DATE),'yyyyMMdd')
        SELECT
            ROW_NUMBER() OVER(ORDER BY
            CASE T.COUPON_STTUS_CODE
                WHEN '01' THEN 1	/* 단가할인 미사용 */
                WHEN 'N' THEN 2		/* 배송비할인 미사용 */
                ELSE 3
            END,
            T.COUPON_ENDDE ASC, T.MT DESC, T.UNTPC_DSCNT_AMOUNT DESC) AS ROWNUM
            , T.*
        FROM (
            SELECT
                PCIB.COUPON_EVENT_NO                                                                    /* 쿠폰 이벤트 번호 */
                ,PCIB.PROMTN_NO                                                                         /* 프로모션 번호 */
                ,PCIB.COUPON_NM                                                                         /* 쿠폰 명 */
                ,PCIB.COUPON_ISU_RNNO AS COUPON_SN                                                      /* 쿠폰난수 */
                ,PCIB.COUPON_TYPE                                                                       /* 쿠폰 타입 */
                ,PCIB.COUPON_SE_CODE                                                                    /* 쿠폰 구분 코드 */
                ,dbo.fn_getcodenm('COUPON_TY_CODE','03') AS COUPON_SE_CODE_NM                           /* 쿠폰 구분 코드 명 */
                ,ISNULL(dbo.fn_getCodeNm('BRAND_CODE',PCIB.COUPON_APPLC_BRAND_CODE),'전체') AS BRAND_NM /* 쿠폰 적용 브랜드 이름 */
                ,PCIB.COUPON_DSCNT_AMOUNT AS UNTPC_DSCNT_AMOUNT                                         /* 쿠폰 할인 금액 */
                ,PCIB.COUPON_DSCNT_RT                                                                   /* 쿠폰 할인 율 */
                ,PCIB.COUPON_ISSU_LMTT_QY_AT                                                            /* 쿠폰 발급 제한 수량 여부 */
                ,PCIB.COUPON_ISSU_LMTT_QY                                                               /* 쿠폰 발급 제한 수량 */
                ,PCIB.COUPON_DPLCT_USE_LMTT_QY                                                          /* 쿠폰 중복 사용 제한 수량 */
                ,ISNULL(dbo.fn_getCodeNm('METAL_CODE',PCIB.COUPON_APPLC_METAL_CODE),'전체') AS METAL_NM /* 쿠폰 적용 메탈 이름 */
                ,PCIB.DSCNT_MXMM_AMOUNT_LMTT                                                            /* 할인 최대 금액 제한 */
                ,PCIB.DLVRF_COUPON_APPLC_ODR                                                            /* 배송비 쿠폰일 경우 적용차수 */
                ,PCIB.COUPON_DPLCT_USE_LMTT_QY_AT                                                       /* 쿠폰의 중복가능 여부(배송비+상품) */
                ,SUBSTRING(PCIB.COUPON_BEGIN_DE,0,5)+ '-' +
                SUBSTRING(PCIB.COUPON_BEGIN_DE,5,2) + '-' +
                SUBSTRING(PCIB.COUPON_BEGIN_DE,7,2) AS COUPON_BGNDE                                     /* 쿠폰 시작 날짜 */
                ,SUBSTRING(
                PCIB.COUPON_END_DE,0,5)+ '-' +
                SUBSTRING(PCIB.COUPON_END_DE,5,2) + '-' +
                SUBSTRING(PCIB.COUPON_END_DE,7,2) AS COUPON_ENDDE                                       /* 쿠폰 종료 날짜 */
                ,PCIB.FRST_REGISTER_ID                                                                  /* 최초 등록자 아이디 */
                ,PCIB.FRST_REGIST_DT                                                                    /* 최초 등록 일시 */
                ,PCIB.LAST_CHANGER_ID                                                                   /* 최종 변경자 아이디 */
                ,PCIB.LAST_CHANGE_DT                                                                    /* 최종 변경 일시 */
                ,PCIB.PROMTN_COUPON_USE_AT                                                              /* 사용여부 */
                ,PIB.PROMTN_NM                                                                          /* 프로모션명 */
                ,PIB.PROMTN_SE_CODE                                                                     /* 프로모션코드 01:쿠폰 02:적립 03:마일리지 */
                ,CI.COUPON_USE_AT AS COUPON_STTUS_CODE                                                  /* 쿠폰 사용여부 */
                ,CEAB.REGIST_AT                                                                         /* 쿠폰 등록여부 */
                ,CONVERT(CHAR(15), CI.COUPON_SEQ_NO) AS COUPON_SEQ_NO                                   /* 쿠폰 일련 번호 */
                ,'03' AS COUPON_TY_CODE                                                                 /* 쿠폰 타입 코드 */
                ,OOB.ORDER_NO                                                                           /* 주문 번호 */
                ,OOB.ORDER_DE                                                                           /* 주문 일자 */
                ,NULL AS MT                                                                             /* 톤수       */
            FROM EV_PROMTN_COUPON_INFO_BAS PCIB
            JOIN EV_COUPON_ISU CI
                ON PCIB.COUPON_EVENT_NO = CI.COUPON_EVENT_NO
            JOIN EV_PROMTN_INFO_BAS PIB
                ON PCIB.PROMTN_NO = PIB.PROMTN_NO
            JOIN dbo.CO_CMMN_CD AS CCC /* 공통_공통 코드 */
                ON CCC.USE_AT = 'Y'
                AND CCC.DELETE_AT = 'N'
                AND CCC.MAIN_CODE = 'COUPON_SE_CODE'
                AND CCC.SUB_CODE = PCIB.COUPON_SE_CODE
            LEFT OUTER JOIN EV_COUPON_ENTRPS_APPN_BAS CEAB
                ON PCIB.COUPON_EVENT_NO = CEAB.COUPON_EVENT_NO
                AND CI.ENTRPS_NO = CEAB.ENTRPS_NO
            LEFT OUTER JOIN OR_ORDER_BAS oob
                ON OOB.ORDER_NO = CI.COUPON_APPLC_ORDER_NO
            WHERE 1=1
                AND CI.ENTRPS_NO = #{entrpsNo}
                AND (PCIB.COUPON_BEGIN_DE <![CDATA[<=]]> CONVERT(NVARCHAR(10), @TODAY, 23) AND PCIB.COUPON_END_DE <![CDATA[>=]]> CONVERT(NVARCHAR(10), @TODAY, 23))
            <if test="@com.sorincorp.comm.util.MybatisUtil@isNotEmpty(inputCouponIsuRnno)">AND PCIB.COUPON_ISU_RNNO =
                #{inputCouponIsuRnno}
            </if>
            <if test="
            @com.sorincorp.comm.util.MybatisUtil@isNotEmpty(searchPmgId) and 'PD'.equals(searchPmgId)">AND CONVERT(CHAR(8),
                GETDATE(), 112) BETWEEN PCIB.COUPON_BEGIN_DE AND PCIB.COUPON_END_DE
            </if>
            <if test="@com.sorincorp.comm.util.MybatisUtil@isNotEmpty(searchPmgId) and 'PD'.equals(searchPmgId)
                and @com.sorincorp.comm.util.MybatisUtil@isNotEmpty(dlvyMnCode) and '02'.equals(dlvyMnCode)">
                AND PCIB.COUPON_SE_CODE NOT IN ('01','02') -- 01:배송비쿠폰 전액 , 02:배송비쿠폰 할인
            </if>
            AND CONVERT(CHAR(8), GETDATE(), 112) BETWEEN PCIB.COUPON_BEGIN_DE AND PCIB.COUPON_END_DE
            UNION ALL
            SELECT
                NULL,
                NULL,
                CCIB2.COUPON_NM +' ' + CONVERT(CHAR(3), CCID.MT) +'톤 ' + CONVERT(CHAR(5), CCID.UNTPC_DSCNT_AMOUNT) +'원' ,  /* 쿠폰 명                  */
                CCIB.COUPON_SN,                                                                                             /* 쿠폰 일련 번호        */
                NULL,
                NULL,
                dbo.fn_getcodenm('COUPON_TY_CODE',CCID.COUPON_TY_CODE) AS COUPON_SE_CODE_NM,                                /* 쿠폰 타입 코드(타입 명)        */
                (CASE WHEN CCID.BRAND_CODE lIKE '%0%' THEN '전체'
                    ELSE dbo.fn_getCodeNm('BRAND_CODE', CCID.BRAND_CODE) END ) AS BRAND_CODE,                               /* 브랜드 코드(브랜드 명)        */
                CCID.UNTPC_DSCNT_AMOUNT,                                                                                    /* 단가 할인 금액            */
                0,
                'N',
                0,
                0,
                (CASE WHEN CCID.METAL_CODE IS NULL OR CCID.METAL_CODE = '' OR CCID.METAL_CODE = '0' THEN '전체'
                    ELSE dbo.fn_getcodenm('METAL_CODE', CCID.METAL_CODE)
                    END) AS MEATL_NM,                                                                                       /* 메탈 코드(메탈 명)            */
                0,
                0,
                'N',
                CONVERT(CHAR(10), CCID.COUPON_BGNDE, 23),                                                                   /* 쿠폰 시작 일시             */
                CONVERT(CHAR(10), CCID.COUPON_ENDDE, 23),                                                                   /* 쿠폰 종료 일시             */
                CCID.FRST_REGISTER_ID,                                                                                      /* 최초 등록자 아이디             */
                CCID.FRST_REGIST_DT ,                                                                                       /* 최초 등록 일시             */
                CCID.LAST_CHANGER_ID ,                                                                                      /* 최종 변경자 아이디             */
                CCID.LAST_CHANGE_DT ,                                                                                       /* 최종 변경 일시                */
                'Y',
                NULL,
                '01',
                CCIB.COUPON_STTUS_CODE,                                                                                     /* 쿠폰 상태 코드                 */
                NULL,
                CCIB.COUPON_SN,                                                                                             /* 쿠폰 일련 번호                 */
                CCID.COUPON_TY_CODE,                                                                                        /* 쿠폰 타입 코드                */
                CCIB.COUPON_APPLC_ORDER_NO ,                                                                                /* 쿠폰 적용 주문 번호                */
                OOB.ORDER_DE,                                                                                               /* 주문 일자                */
                CCID.MT AS MT                                                                                               /* 톤수                */
            FROM CP_COUPON_ISU_BAS CCIB
            JOIN CP_COUPON_INFO_DTL CCID ON CCID.COUPON_DTL_NO = CCIB.COUPON_DTL_NO
            JOIN CP_COUPON_INFO_BAS CCIB2 ON CCIB2.COUPON_NO = CCID.COUPON_NO
            LEFT OUTER JOIN OR_ORDER_BAS OOB ON CCIB.COUPON_APPLC_ORDER_NO = OOB.ORDER_NO
            WHERE CCIB.ENTRPS_NO = #{entrpsNo}
                AND CCIB.DELETE_AT = 'N'
                AND CCID.DELETE_AT = 'N'
                AND CCID.TMPR_STRE_AT = 'N'
                AND	CONVERT(CHAR(8), GETDATE(), 112) BETWEEN CCID.COUPON_BGNDE AND CCID.COUPON_ENDDE
        ) T
        ORDER BY ROWNUM ASC
    </select>
    
    <insert id="insertCouponIsuNew" parameterType="com.sorincorp.mfo.my.model.CouponDtlVO" >
        INSERT INTO dbo.CP_COUPON_ISU_BAS                                                                   /* 쿠폰 발행 기본                */
            (
             COUPON_SN                                                                                      /* 쿠폰 알련 번호                */
            ,COUPON_DTL_NO                                                                                  /* 쿠폰 상세 번호                */
            , ENTRPS_NO                                                                                     /* 업체 번호                     */
            , COUPON_STTUS_CODE                                                                             /* 쿠폰 상태 코드                */
            , COUPON_DSCNT_APPLC_AMOUNT                                                                     /* 쿠폰 할인 적용 금액           */
            , COUPON_ISSU_CODE                                                                              /* 쿠폰 발급 코드                */   
            , FRST_REGISTER_ID                                                                              /* 최초 등록자 아이디            */
            , FRST_REGIST_DT                                                                                /* 최초 등록 일시                */
            , LAST_CHANGER_ID                                                                               /* 최종 변경자 아이디            */
            , LAST_CHANGE_DT                                                                                /* 최종 변경 일시                */
            )
        VALUES
            (
              #{couponSn}                                                                                   /* 쿠폰 알련 번호                */   
            , #{couponDtlNo}                                                                                /* 쿠폰 상세 번호                */
            , #{entrpsNo}                                                                                   /* 업체 번호                     */
            , #{couponSttusCode}                                                                            /* 쿠폰 상태 코드                */
            , #{couponDscntApplcAmount}                                                                     /* 쿠폰 할인 적용 금액           */
            , #{couponIssuCode}                                                                             /* 쿠폰 발급 코드                */ 
            , #{frstRegisterId}                                                                             /* 최초 등록자 아이디            */
            , GETDATE()                                                                                     /* 최초 등록 일시                */
            , #{lastChangerId}                                                                              /* 최종 변경자 아이디            */
            , GETDATE()                                                                                     /* 최종 변경 일시                */
            )   
    </insert>
    
    <update id="updateCouponPolicyInfo" parameterType="com.sorincorp.mfo.my.model.CouponDtlVO">
        /* CouponDtls.updateCouponPolicy */
        SET TRANSACTION ISOLATION LEVEL READ UNCOMMITTED
        UPDATE dbo.CP_COUPON_INFO_BAS
           SET
              TOTAL_AMOUNT                                   = TOTAL_AMOUNT + #{issuAmount}
            , TOTAL_QUANTITY                                 = TOTAL_QUANTITY + #{issuQy}
            , LAST_CHANGER_ID                                = #{lastChangerId}
            , LAST_CHANGE_DT                                 = GETDATE()
        WHERE 1=1
          AND COUPON_NO                                      = #{couponNo}
    </update>

	<select id="getCouponInfo" parameterType="com.sorincorp.mfo.my.model.CouponDtlVO" resultType="com.sorincorp.mfo.mb.model.EntrpsEtrVO">
		/*  entrpsEtr.getCouponInfo  */
		SET TRANSACTION ISOLATION LEVEL READ UNCOMMITTED
				SELECT CCIB.COUPON_NM 
				, ISNULL(dbo.fn_getCodeNm('METAL_CODE', CCID.METAL_CODE), '전체') AS METAL_CODE
				, IIF(CCID.MT = 0, '전체', CAST(CCID.MT AS NVARCHAR(20))) AS MT
				, ISNULL(dbo.fn_getCodeNm('COUPON_TY_CODE', CCID.COUPON_TY_CODE), '전체') AS COUPON_TY_CODE
				, ISNULL(dbo.fn_getCodeNm('SLE_MTHD_CODE', CCID.ORDER_TY_CODE), '전체') AS ORDER_TY_CODE
				, CONVERT(VARCHAR, CCID.COUPON_BGNDE, 120)  AS COUPON_BGNDE
				, CONVERT(VARCHAR, CCID.COUPON_ENDDE, 120)  AS COUPON_ENDDE
		FROM CP_COUPON_INFO_BAS CCIB
		LEFT OUTER JOIN CP_COUPON_INFO_DTL CCID
		ON CCIB.COUPON_NO = CCID.COUPON_NO 
		WHERE 1=1
		AND CCIB.COUPON_NO = #{couponNo}
		AND CCID.COUPON_DTL_NO = #{couponDtlNo}
	</select>

</mapper>