<?xml version="1.0" encoding="UTF-8"?>
<!DOCTYPE mapper PUBLIC "-//mybatis.org//DTD Mapper 3.0//EN" "http://mybatis.org/dtd/mybatis-3-mapper.dtd">
<mapper namespace="com.sorincorp.mfo.my.mapper.MyAlarmMapper">
	<select id="selectHopePcAlarm" resultType="com.sorincorp.mfo.my.model.MyHopePcAlarmVO">
		/* com.sorincorp.fo.my.mapper.MyAlarmMapper.selectHopePcAlarm  */
		SET TRANSACTION ISOLATION LEVEL READ UNCOMMITTED
		SELECT 
			 ITM_INFO.GOODS_NM AS GOODS_NM
			,ITM_INFO.ITM_SN AS ITM_SN
			,HOPE_PC.ENTRPS_NO AS ENTRPS_NO
			,HOPE_PC.USE_AT AS USE_AT
			,HOPE_PC.METAL_CODE AS METAL_CODE
			,HOPE_PC.DSTRCT_LCLSF_CODE AS DSTRCT_LCLSF_CODE
			,HOPE_PC.BRAND_GROUP_CODE AS BRAND_GROUP_CODE
			,HOPE_PC.BRAND_CODE AS BRAND_CODE
			,HOPE_PC.HOPEPC AS HOPEPC
			,HOPE_PC.MBER_NO AS MBER_NO
			,HOPE_PC.FRST_REGIST_DT AS FRST_REGIST_DT
			,HOPE_PC.LAST_CHANGE_DT AS LAST_CHANGE_DT
		FROM
		(
			(
				SELECT 
					 METAL_CODE
					,GOODS_NM
					,ITM_SN 
				FROM 
				IT_ITM_INFO_BAS
			) 
			AS ITM_INFO
			
			JOIN
			
			(
				SELECT
					 MBER_NO 
					,ENTRPS_NO 
					,METAL_CODE
					,ITM_SN 
					,DSTRCT_LCLSF_CODE 
					,BRAND_GROUP_CODE
					,BRAND_CODE 
					,USE_AT
					,FORMAT(HOPEPC,'#,##0') AS HOPEPC  
					,FRST_REGIST_DT
					,LAST_CHANGE_DT
				FROM OP_HOPE_PC_NTCN_SETUP_BAS
				<if test="value != null and value !=''"> 
				WHERE ENTRPS_NO = #{value}
				</if>
				AND DELETE_AT ='N'
			) 
			AS HOPE_PC 
			
			ON ITM_INFO.METAL_CODE  = HOPE_PC.METAL_CODE AND ITM_INFO.ITM_SN  = HOPE_PC.ITM_SN
		)
		ORDER BY FRST_REGIST_DT,LAST_CHANGE_DT DESC; 
	</select>
	
	<select id="selectHopePcAlarmList" resultType="com.sorincorp.mfo.my.model.MyHopePcAlarmVO">
		/* com.sorincorp.fo.my.mapper.MyAlarmMapper.selectHopePcAlarmList  */
		SET TRANSACTION ISOLATION LEVEL READ UNCOMMITTED
		SELECT 
			 ITM_INFO.GOODS_NM AS GOODS_NM
			,ITM_INFO.ITM_SN AS ITM_SN
			,ITM_INFO.FTRS_PROCESS_AT AS FTRS_PROCESS_AT
			,HOPE_PC.ENTRPS_NO AS ENTRPS_NO
			,HOPE_PC.USE_AT AS USE_AT
			,HOPE_PC.METAL_CODE AS METAL_CODE
			,HOPE_PC.DSTRCT_LCLSF_CODE AS DSTRCT_LCLSF_CODE
			,HOPE_PC.BRAND_GROUP_CODE AS BRAND_GROUP_CODE
			,HOPE_PC.BRAND_CODE AS BRAND_CODE
			,HOPE_PC.HOPEPC AS HOPEPC
			,HOPE_PC.MBER_NO AS MBER_NO
			,HOPE_PC.FRST_REGIST_DT AS FRST_REGIST_DT
			,HOPE_PC.LAST_CHANGE_DT AS LAST_CHANGE_DT
			,HOPE_PC.NTCN_SNDNG_COMPTDE AS NTCN_SNDNG_COMPTDE
			,HOPE_PC.NTCN_SNDNG_RGSDE AS NTCN_SNDNG_RGSDE
		FROM
		(
			(
				SELECT 
					 METAL_CODE
					,GOODS_NM
					,ITM_SN
					,FTRS_PROCESS_AT 
				FROM 
				IT_ITM_INFO_BAS
			) 
			AS ITM_INFO
			
			JOIN
			
			(
				SELECT
					 A.MBER_NO 
					,A.ENTRPS_NO 
					,A.METAL_CODE
					,A.ITM_SN 
					,A.DSTRCT_LCLSF_CODE 
					,A.BRAND_GROUP_CODE
					,A.BRAND_CODE 
					,A.USE_AT
					,FORMAT(A.HOPEPC,'#,##0') AS HOPEPC  
					,A.FRST_REGIST_DT
					,A.LAST_CHANGE_DT
					,B.NTCN_SNDNG_COMPTDE AS NTCN_SNDNG_COMPTDE
					,B.NTCN_SNDNG_RGSDE AS NTCN_SNDNG_RGSDE
				FROM OP_HOPE_PC_NTCN_SETUP_BAS A
				JOIN OP_HOPE_PC_NTCN_SNDNG_BAS B 
				ON  A.ENTRPS_NO = B.ENTRPS_NO 
				AND A.METAL_CODE = B.METAL_CODE 
				AND A.ITM_SN = B.ITM_SN 
				AND A.DSTRCT_LCLSF_CODE = B.DSTRCT_LCLSF_CODE 
				AND A.BRAND_GROUP_CODE = B.BRAND_GROUP_CODE 
				AND A.HOPEPC = B.HOPEPC 
				
				WHERE 
				DATEDIFF(HOUR,B.NTCN_SNDNG_RGSDE,GETDATE()) <![CDATA[<]]> 24 
				<if test="value != null and value !=''"> 
					AND A.ENTRPS_NO = #{value}
				</if>
				A.ENTRPS_NO = #{value}
				AND A.DELETE_AT ='N'
				AND A.USE_AT = 'Y'
			) 
			AS HOPE_PC 
			
			ON ITM_INFO.METAL_CODE  = HOPE_PC.METAL_CODE AND ITM_INFO.ITM_SN  = HOPE_PC.ITM_SN
		)
		ORDER BY NTCN_SNDNG_RGSDE DESC; 
	</select>
	
	<select id="selectHeaderAlarm" parameterType="String" resultType="com.sorincorp.mfo.my.model.MyHopePcAlarmVO">
		/******  SELECT : selectHeaderAlarm(헤더 알림 목록) ******/
		SET TRANSACTION ISOLATION LEVEL READ UNCOMMITTED
		SELECT TOP 3
			* 
		FROM(
		/* 재고 알림 */
		SELECT
			 OR_PRICING.GOODS_NM AS GOODS_NM /* 재고 알림 상품명 */
			,CONVERT(NVARCHAR,INVNTRY_ALARM.INVNTRYQY) AS HOPEPC /* 재고 수량 */
			,DATEDIFF(MI,INVNTRY_ALARM.NTCN_SNDNG_COMPTDE,GETDATE()) AS NTCN_SNDNG_COMPTDE /* 재고 알림 발송 완료일 */
		FROM 
		(
			(
				SELECT 
						 OPB.PRICING_NO
						,OPB.GOODS_NM
				FROM OR_PRICING_BAS OPB
			) AS OR_PRICING
			
			JOIN 
			
			(
				SELECT 
						 SETUP.PRICING_NO 
						,SETUP.INVNTRYQY 
						,SNDNG.NTCN_SNDNG_COMPTDE
				FROM OP_INVNTRY_NTCN_SETUP_BAS SETUP  /* 재고 알림 설정 */
				JOIN OP_INVNTRY_NTCN_SNDNG_BAS SNDNG  /* 재고 알림 발송 */
				ON  SETUP.ENTRPS_NO = SNDNG.ENTRPS_NO 
				AND SETUP.METAL_CODE = SNDNG.METAL_CODE 
				AND SETUP.ITM_SN = SNDNG.ITM_SN 
				AND SETUP.DSTRCT_LCLSF_CODE = SNDNG.DSTRCT_LCLSF_CODE 
				AND SETUP.BRAND_GROUP_CODE = SNDNG.BRAND_GROUP_CODE 
				AND SETUP.BRAND_CODE = SNDNG.BRAND_CODE 
				AND SETUP.INVNTRYQY = SNDNG.INVNTRYQY 
				WHERE SETUP.DELETE_AT ='N' 
				AND SETUP.USE_AT ='Y' 
				AND SNDNG.NTCN_SNDNG_COMPTDE IS NOT NULL
				AND SETUP.ENTRPS_NO = #{value}
				AND DATEDIFF(HOUR,SNDNG.NTCN_SNDNG_COMPTDE,GETDATE()) <![CDATA[<]]>  24 
			) AS INVNTRY_ALARM
			
			ON OR_PRICING.PRICING_NO = INVNTRY_ALARM.PRICING_NO
		)
		
		UNION 

		/* 희망가 알림 */
		SELECT 
			 ITM_INFO.GOODS_NM AS GOODS_NM /* 희망가 알림 상품명 */
			,CONVERT(NVARCHAR,HOPE_PC.HOPEPC) AS HOPEPC	   /* 희망가 */	
			,DATEDIFF(MI,HOPE_PC.NTCN_SNDNG_COMPTDE,GETDATE()) AS NTCN_SNDNG_COMPTDE
		FROM
		(
				(
					SELECT 
						 GOODS_NM
						,METAL_CODE 
						,ITM_SN 
					FROM 
					IT_ITM_INFO_BAS
				) 
				AS ITM_INFO
				
				JOIN
				
				(
					SELECT
						 FORMAT(SETUP.HOPEPC,'#,##0') AS HOPEPC
						,SETUP.METAL_CODE 
						,SETUP.ITM_SN 
						,SETUP.DSTRCT_LCLSF_CODE 
						,SETUP.BRAND_GROUP_CODE 
						,SETUP.BRAND_CODE 
						,SNDNG.NTCN_SNDNG_COMPTDE AS NTCN_SNDNG_COMPTDE
					FROM OP_HOPE_PC_NTCN_SETUP_BAS SETUP /* 희망가 알림 설정 */
					JOIN OP_HOPE_PC_NTCN_SNDNG_BAS SNDNG /* 희망가 알림 발송 */
					ON  SETUP.ENTRPS_NO = SNDNG.ENTRPS_NO 
					AND SETUP.METAL_CODE = SNDNG.METAL_CODE 
					AND SETUP.ITM_SN = SNDNG.ITM_SN 
					AND SETUP.DSTRCT_LCLSF_CODE = SNDNG.DSTRCT_LCLSF_CODE 
					AND SETUP.BRAND_GROUP_CODE = SNDNG.BRAND_GROUP_CODE 
					AND SETUP.BRAND_CODE = SNDNG.BRAND_CODE 
					AND SETUP.HOPEPC = SNDNG.HOPEPC 
					WHERE SETUP.DELETE_AT ='N' 
					AND SETUP.USE_AT ='Y' 
					AND SNDNG.NTCN_SNDNG_COMPTDE IS NOT NULL
					AND SETUP.ENTRPS_NO = #{value}
					AND DATEDIFF(HOUR,SNDNG.NTCN_SNDNG_COMPTDE,GETDATE())  <![CDATA[<]]>  24 
				) AS HOPE_PC 
				
				ON  ITM_INFO.METAL_CODE  = HOPE_PC.METAL_CODE 
				AND ITM_INFO.ITM_SN  = HOPE_PC.ITM_SN
			)
		
	
		UNION 
		
		SELECT 
		   OMSH.MSSAGE_SJ  AS GOODS_NM			/* 메시지 제목 */
		 , OMSH.COMMERCE_NTCN_CN AS HOPEPC	/* 커머스 알림 내용 */ 
		 , DATEDIFF(MI,OMSH.FRST_REGIST_DT,GETDATE()) AS NTCN_SNDNG_COMPTDE	
		 FROM OP_MESSAGE_SNDNG_HST OMSH
		 INNER JOIN(
		 			SELECT 
		 				 MBER_NO
		 				,ENTRPS_NO 
		 			FROM MB_MBER_INFO_BAS 
		 			WHERE ENTRPS_NO = #{value}
		 ) AS MMIB
		 ON OMSH.MBER_NO = MMIB.MBER_NO
		  WHERE COMMERCE_NTCN_AT = 'Y'
		  AND ISNULL(DELETE_AT, 'N') = 'N'
		  AND DATEDIFF(HOUR,FRST_REGIST_DT,GETDATE()) <![CDATA[<]]> 24
		

	) AS HEADERALARM
	
	ORDER BY NTCN_SNDNG_COMPTDE ASC;
	</select>

 	<select id="selectInvntryAlarm" resultType="com.sorincorp.mfo.my.model.MyInvntryAlarmVO">
 		/* com.sorincorp.fo.my.mapper.MyAlarmMapper.selectInvntryAlarm  */
		SET TRANSACTION ISOLATION LEVEL READ UNCOMMITTED
		SELECT
			 OR_PRICING.PRICING_NO AS PRICING_NO
			,OR_PRICING.GOODS_NM AS GOODS_NM
			,OR_PRICING.METAL_CODE AS METAL_CODE
			,OR_PRICING.ITM_SN AS ITM_SN
			,OR_PRICING.SLE_MTHD_CODE AS SLE_MTHD_CODE
			,INVNTRY_ALARM.MBER_NO AS MBER_NO
			,INVNTRY_ALARM.ENTRPS_NO AS ENTRPS_NO
			,INVNTRY_ALARM.METAL_CODE AS METAL_CODE
			,INVNTRY_ALARM.ITM_SN AS ITM_SN
			,INVNTRY_ALARM.DSTRCT_LCLSF_NM AS DSTRCT_LCLSF_NM
			,INVNTRY_ALARM.DSTRCT_LCLSF_CODE AS DSTRCT_LCLSF_CODE
			,INVNTRY_ALARM.BRAND_GROUP_NM AS BRAND_GROUP_NM
			,INVNTRY_ALARM.BRAND_GROUP_CODE AS BRAND_GROUP_CODE
			,INVNTRY_ALARM.BRAND_CODE AS BRAND_CODE
			,INVNTRY_ALARM.INVNTRYQY AS INVNTRYQY
			,INVNTRY_ALARM.USE_AT AS USE_AT
			,INVNTRY_ALARM.FRST_REGISTER_ID AS FRST_REGISTER_ID
			,INVNTRY_ALARM.FRST_REGIST_DT AS FRST_REGIST_DT
			,INVNTRY_ALARM.LAST_CHANGE_DT AS LAST_CHANGE_DT
			,INVNTRY_ALARM.DELETE_AT AS DELETE_AT
		FROM 
		(
			(
				SELECT 
						 OPB.PRICING_NO
						,OPB.GOODS_NM
						,OPB.METAL_CODE 
						,OPB.SLE_MTHD_CODE 
						,OPB.ITM_SN 
						,OPB.DLVY_MN_CODE 
				FROM OR_PRICING_BAS OPB
			) AS OR_PRICING
			
			JOIN 
			
			(
				SELECT 
						 PINSB.MBER_NO
						,PINSB.ENTRPS_NO
						,PINSB.METAL_CODE 
						,PINSB.ITM_SN
						,PINSB.DSTRCT_LCLSF_CODE 
						,PINSB.BRAND_GROUP_CODE 
						,DLC.CODE_NM AS DSTRCT_LCLSF_NM
						,BGC.CODE_NM AS BRAND_GROUP_NM
						,PINSB.BRAND_CODE 
						,PINSB.INVNTRYQY 
						,PINSB.USE_AT
						,PINSB.PRICING_NO
						,PINSB.FRST_REGISTER_ID 
						,PINSB.LAST_CHANGE_DT 
						,PINSB.FRST_REGIST_DT 
						,PINSB.DELETE_AT 
				FROM OP_INVNTRY_NTCN_SETUP_BAS PINSB 
				INNER JOIN (SELECT * FROM CO_CMMN_CD WHERE MAIN_CODE = 'DSTRCT_LCLSF_CODE' AND SUB_CODE != '@' AND USE_AT = 'Y' AND ISNULL(DELETE_AT, 'N') = 'N') AS DLC
				ON PINSB.DSTRCT_LCLSF_CODE = DLC.SUB_CODE
				INNER JOIN (SELECT * FROM CO_CMMN_CD WHERE MAIN_CODE = 'BRAND_GROUP_CODE' AND SUB_CODE != '@' AND USE_AT = 'Y' AND ISNULL(DELETE_AT, 'N') = 'N') AS BGC
				ON PINSB.BRAND_GROUP_CODE = BGC.SUB_CODE
				
				<if test="value != null and value !=''"> 
					WHERE ENTRPS_NO = #{value}
				</if>

				
				AND PINSB.DELETE_AT ='N'
			) AS INVNTRY_ALARM
			
			ON OR_PRICING.PRICING_NO = INVNTRY_ALARM.PRICING_NO
		)
		WHERE DELETE_AT='N'
		ORDER BY FRST_REGIST_DT, LAST_CHANGE_DT DESC;
	</select>
	
	<select id="selectCmmrcAlarm" resultType="com.sorincorp.mfo.my.model.MyCmmrcAlarmVO">
		/* com.sorincorp.fo.my.mapper.MyAlarmMapper.selectCmmrcAlarm  */
		SET TRANSACTION ISOLATION LEVEL READ UNCOMMITTED
		SELECT 
		   OMSH.MSSAGE_SJ 			/* 메시지 제목 */
		 , OMSH.COMMERCE_NTCN_CN 	/* 커머스 알림 내용 */
		 , OMSH.FRST_REGIST_DT 		/* 최초 등록 일시 */
		 FROM OP_MESSAGE_SNDNG_HST OMSH
		  WHERE 1=1
		  AND MBER_NO = #{mberNo}
		  AND COMMERCE_NTCN_AT = 'Y'
		  AND ISNULL(DELETE_AT, 'N') = 'N'
		  AND CONVERT(date, FRST_REGIST_DT) BETWEEN DATEADD(d, -30, CONVERT(date,GETDATE())) AND CONVERT(date,GETDATE()) 
		ORDER BY FRST_REGIST_DT DESC;
	</select>
	
	<update id="updateHopePcUseAt" parameterType="com.sorincorp.mfo.my.model.MyHopePcAlarmVO">
		/* com.sorincorp.fo.my.mapper.MyAlarmMapper.updateHopePcUseAt  */
		UPDATE OP_HOPE_PC_NTCN_SETUP_BAS
		SET    USE_AT = #{useAt}
			  ,LAST_CHANGER_ID = #{lastChangerId}
			  ,LAST_CHANGE_DT = GETDATE()
		WHERE 1=1
		<if test="entrpsNo != null and entrpsNo !=''">
		AND	   ENTRPS_NO = #{entrpsNo}
		</if>
		<if test="metalCode != null and metalCode !=''">
		AND	   METAL_CODE = #{metalCode}
		</if>
		<if test="itmSn != null and itmSn !=''">
		AND	   ITM_SN = #{itmSn}
		</if>
		<if test="dstrctLclsfCode != null and dstrctLclsfCode !=''">
		AND	   DSTRCT_LCLSF_CODE = #{dstrctLclsfCode} 
		</if>
		<if test="brandGroupCode != null and brandGroupCode !=''">
		AND	   BRAND_GROUP_CODE = #{brandGroupCode}
		</if>
		<if test="brandCode != null and brandCode !=''">
		AND	   BRAND_CODE = #{brandCode}
		</if>
		<if test= "hopepc != null and hopepc !=''">
		AND    HOPEPC = #{hopepc}
		</if>
	</update> 
	
	<update id="updateHopePcAlarm" parameterType="com.sorincorp.mfo.my.model.MyHopePcAlarmVO">
		/* com.sorincorp.fo.my.mapper.MyAlarmMapper.updateHopePcUseAlarm  */
		UPDATE OP_HOPE_PC_NTCN_SETUP_BAS
		SET    HOPEPC = #{hopepc}
			  ,LAST_CHANGER_ID = #{lastChangerId}
			  ,LAST_CHANGE_DT = GETDATE()
		WHERE 1=1
		<if test="entrpsNo != null and entrpsNo !=''">
		AND	   ENTRPS_NO = #{entrpsNo}
		</if>
		<if test="metalCode != null and metalCode !=''">
		AND	   METAL_CODE = #{metalCode}
		</if>
		<if test="itmSn != null and itmSn !=''">
		AND	   ITM_SN = #{itmSn}
		</if>
		<if test="dstrctLclsfCode != null and dstrctLclsfCode !=''">
		AND	   DSTRCT_LCLSF_CODE = #{dstrctLclsfCode} 
		</if>
		<if test="brandGroupCode != null and brandGroupCode !=''">
		AND	   BRAND_GROUP_CODE = #{brandGroupCode}
		</if>
		<if test="brandCode != null and brandCode !=''">
		AND	   BRAND_CODE = #{brandCode}
		</if>
		<if test= "hopepc != null and hopepc !=''">
		AND    HOPEPC = #{oldHopepc}
		</if>
	</update>
	
	<update id="deleteHopePcAlarm" parameterType="com.sorincorp.mfo.op.model.HopePcNtcnSetupVO">
		/* com.sorincorp.fo.my.mapper.MyAlarmMapper.deleteHopePcAlarm  */
		UPDATE OP_HOPE_PC_NTCN_SETUP_BAS
		SET  USE_AT = 'N'
			,DELETE_AT = 'Y'
			,DELETE_DT = GETDATE()
			,LAST_CHANGER_ID = #{lastChangerId}
			,LAST_CHANGE_DT = GETDATE()
		WHERE 1=1
		<if test="entrpsNo != null and entrpsNo !=''">
		    AND ENTRPS_NO = #{entrpsNo}
		</if>
		<if test="hopepc != null and hopepc != ''">
			AND	   HOPEPC = PARSE(#{hopepc} AS DECIMAL) 
		</if>
		<if test="metalCode != null and metalCode != ''">
			AND	   METAL_CODE = #{metalCode}
		</if>
		<if test="itmSn != null and itmSn != ''">
			AND	   ITM_SN = #{itmSn}
		</if>
		<if test="dstrctLclsfCode != null and dstrctLclsfCode !=''">
			AND	   DSTRCT_LCLSF_CODE = #{dstrctLclsfCode} 
		</if>
		<if test="brandGroupCode != null and brandGroupCode !=''">
			AND	   BRAND_GROUP_CODE = #{brandGroupCode}
		</if>
		<if test="brandCode != null and brandCode !=''">
			AND	   BRAND_CODE = #{brandCode}
		</if>
	</update>
</mapper>