<?xml version="1.0" encoding="UTF-8"?>
<!DOCTYPE mapper PUBLIC "-//mybatis.org//DTD Mapper 3.0//EN" "http://mybatis.org/dtd/mybatis-3-mapper.dtd">
<mapper namespace="com.sorincorp.mfo.my.mapper.VhcleInfoRegistMapper_old">
	<sql id="vhcleInfoRegistBaseQuery">
		SELECT
			  ROW_NUMBER() OVER(ORDER BY OOB.ORDER_NO DESC) AS NO
		    , OOB.ORDER_NO                                                                                  /* 주문 번호                     */
		    , FORMAT(CONVERT(DATE,OOB.ORDER_DE), 'yyyy.MM.dd') AS ORDER_DE 									/* 주문 일자                     */
		    , CCC.CODE_NM AS METAL_NM                                    									/* 금속 이름                     */
		    , OOB.TOT_REAL_ORDER_WT                                                                         /* 총 실제 주문 중량             */
		    , CASE WHEN OVIB.REGISTED_VHCLE_INFO_CNT
		    			>= (CASE WHEN OOB.SLE_MTHD_CODE IN ('01','03') THEN (OOB.TOT_REAL_ORDER_WT / IIF(CCC.CODE_NUMBER_REFRNONE = 0, NULL, CCC.CODE_NUMBER_REFRNONE))
		    					ELSE 1																		/* 그 이외의 판매 방식은 하나라도 등록 되어있으면 전부 등록된 것으로 간주 */
		    					END)
		    			AND OVIB.BUNDLE_QY_SUM = OOB.TOT_REAL_ORDER_WT
		    		THEN 1
		    		ELSE 0
		    		END AS IS_FULLY_REGISTERED																/* 모든 차량정보 등록 여부 */
		    , IIF(OOD.BL_CNT > 1, 1, 0) AS IS_MULTI_BL														/* 다중 BL 여부 */
		 FROM dbo.OR_ORDER_BAS AS OOB                                                                       /* 주문_주문 기본                */
		 LEFT
		 JOIN (SELECT
		 			  OOD.ORDER_NO
		 			, COUNT(OOD.ORDER_SN) AS BL_CNT
		 		 FROM dbo.OR_ORDER_DTL OOD																	/* 주문_주문 상세 */
		 		WHERE OOD.DELETE_AT = 'N'
		 		GROUP BY OOD.ORDER_NO) AS OOD
		   ON OOD.ORDER_NO = OOB.ORDER_NO
		 LEFT
		 JOIN (SELECT
		 			 OVIB.ORDER_NO
		    	   , COUNT(CASE WHEN ODOB.DLVY_PROGRS_STTUS_CODE >= 40 THEN 1								/* 출고 완료 여부 - 40 : 출고완료 (차량 등록으로 간주) */
			    		WHEN ISNULL(OVIB.VHCLE_WRHOUSNG_DE, '') != ''
			    		AND ISNULL(OVIB.DRVER_NM, '') != ''
			    		AND ISNULL(OVIB.VHCLE_NO, '') != ''
			    		AND ISNULL(OVIB.DRVER_TLPHON_NO, '') != ''
			    		THEN 1
			    		ELSE NULL END) AS REGISTED_VHCLE_INFO_CNT				 									/* 등록된 차량 정보 갯수 */
			       , SUM(ISNULL(OVIB.ODR_BUNDLE_QY, 0)) AS BUNDLE_QY_SUM
		 		FROM dbo.OR_VHCLE_INFO_BAS OVIB
		 		LEFT
				JOIN dbo.OR_DLVY_ODR_BAS AS ODOB															/* 주문_배송 차수 기본 */
				  ON OVIB.ORDER_NO = ODOB.ORDER_NO
				 AND ODOB.CANCL_EXCHNG_RTNGUD_NO = '00000000-000000'
				 AND OVIB.DLVY_ODR = ODOB.DLVY_ODR
				 AND ODOB.DELETE_AT = 'N'
			   WHERE OVIB.DELETE_AT = 'N'
			   GROUP BY OVIB.ORDER_NO) AS OVIB															/* 주문_차량 정보 기본 */
		   ON OOB.ORDER_NO = OVIB.ORDER_NO
		 LEFT
		 JOIN dbo.CO_CMMN_CD AS CCC																			/* 상품_아이템 기본 */
		   ON CCC.MAIN_CODE = 'METAL_CODE'
		  AND CCC.SUB_CODE = OOB.METAL_CODE
		  AND CCC.DELETE_AT = 'N'
		WHERE OOB.DELETE_AT = 'N'
		  AND OOB.DLVY_MN_CODE = '02'
		  AND OOB.ENTRPS_NO = #{entrpsNo}
		  AND OOB.ORDER_STTUS_CODE >= 13
		  AND OOB.ORDER_STTUS_CODE <![CDATA[<]]> 30
          <if test='secode != null and "03" eq secode'>
          AND OOB.MBER_NO = #{mberNo}
          </if>
          <if test='orderNo != null and orderNo != ""'>
          AND OOB.ORDER_NO = #{orderNo}
          </if>
	</sql>
	<select id="selectVhcleInfoRegistList" parameterType="com.sorincorp.mfo.my.model.VhcleInfoRegistVO" resultType="com.sorincorp.mfo.my.model.VhcleInfoRegistVO">
		/* com.sorincorp.mfo.my.mapper.VhcleInfoRegistMapper.selectVhcleInfoRegistList */
        SET TRANSACTION ISOLATION LEVEL READ UNCOMMITTED
        SELECT * FROM
		(<include refid="vhcleInfoRegistBaseQuery"></include>) O
		WHERE O.NO BETWEEN #{firstIndex} AND #{lastIndex}
	</select>

	<select id="selectOrOrderBas" parameterType="String" resultType="com.sorincorp.mfo.my.model.VhcleInfoRegistVO">
		/* com.sorincorp.mfo.my.mapper.VhcleInfoRegistMapper.selectOrOrderBas */
        SET TRANSACTION ISOLATION LEVEL READ UNCOMMITTED
        SELECT
			   OOB.ORDER_NO																					 /* 주문 번호                     */
			 , FORMAT(CONVERT(DATE,OOB.ORDER_DE), 'yyyy.MM.dd') AS ORDER_DE 								 /* 주문 일자                     */
			 , OOB.METAL_CODE																				 /* 금속 코드					  */
			 , OOB.SLE_MTHD_CODE 																			 /* 판매 방식 코드                */
			 , FORMAT(CONVERT(DATE,OOB.DLIVY_REQUST_DE), 'yyyy-MM-dd') AS DLIVY_REQUST_DE					 /* 출고 요청 일자                */
	         , OOB.SETLE_MTHD_CODE                                                                           /* 결제 방식 코드                */
    		 , CONVERT(DATE, CASE WHEN OOB.SETLE_MTHD_CODE IN ('20','40') THEN OMB.SETLE_PREARNGE_DE
		  	    WHEN OOB.SETLE_MTHD_CODE = '90' THEN OOB.WRTM_SETLE_PREARNGE_DE
				END) AS SETLE_PREARNGE_DE											   					 	 /* 결제 예정 일자  	          */
			 , ISNULL(OOB.VHCLE_INFO_REGIST_AT, 'N') AS VHCLE_INFO_REGIST_AT								 /* 차량 등록 제한 여부           */
			 , OOD.BUNDLE_QY																				 /* BL별 번들 수량 */
			 , OOD.REAL_ORDER_WT / IIF(CCC.CODE_NUMBER_REFRNONE = 0, NULL, CCC.CODE_NUMBER_REFRNONE) AS DLVY_ODR_LIMIT /* 등록 가능 최대 차수 */
			 , IIF(CCC.CODE_NUMBER_REFRNONE = 0, NULL, CCC.CODE_NUMBER_REFRNONE) AS SLE_UNIT_WT				 /* 판매 단위 중량                */
			 , (SELECT STRING_AGG(DLVY_ODR, ',') WITHIN GROUP(ORDER BY ORDER_SN, DLVY_ODR) 
			 	  FROM OR_VHCLE_INFO_BAS OVIB
			 	 WHERE DELETE_AT = 'N'
			 	   AND ORDER_NO = #{orderNo}
			 	 GROUP BY ORDER_NO) AS DLV_ODRS												 								 /* 등록된 모든 차수 정보 		  */
			 , OOD.BUNDLE_QY - OVIB.TOT_ODR_BUNDLE_QY AS REMAIN_ODR_BUNDLE_QY								 /* 남은 번들 수량 		 		  */
			 , OOB.UN_SETLE_AMOUNT
			 , OOB.ENTRPS_NO
			 , CCOB.CNTRCT_YM
		  FROM OR_ORDER_BAS OOB																				 /* 주문_주문 기본                */
		  JOIN OR_ORDER_DTL OOD
		    ON OOB.ORDER_NO = OOD.ORDER_NO
		   AND OOD.DELETE_AT = 'N'
		  LEFT
		  JOIN OR_MRTGG_BAS OMB
		    ON OMB.ORDER_NO = OOB.ORDER_NO
		   AND OMB.DELETE_AT = 'N'
		  LEFT
		  JOIN dbo.CO_CMMN_CD AS CCC																			/* 상품_아이템 기본 */
		    ON CCC.MAIN_CODE = 'METAL_CODE'
		   AND CCC.SUB_CODE = OOB.METAL_CODE
		   AND CCC.DELETE_AT = 'N'
		  LEFT
		  JOIN (SELECT OVIB.ORDER_NO
		  			 , OVIB.ORDER_SN
		  			 , SUM(OVIB.ODR_BUNDLE_QY) AS TOT_ODR_BUNDLE_QY
			 	  FROM OR_VHCLE_INFO_BAS OVIB
			 	 WHERE OVIB.DELETE_AT = 'N'
			 	 GROUP BY OVIB.ORDER_NO, OVIB.ORDER_SN) AS OVIB
			ON OOD.ORDER_NO = OVIB.ORDER_NO
		   AND OOD.ORDER_SN = OVIB.ORDER_SN
		  LEFT
		  JOIN CN_CNTRCT_ORDER_BAS CCOB
		    ON CCOB.DELETE_AT = 'N'
		   AND CCOB.ORDER_NO = OOB.ORDER_NO
		 WHERE OOB.DELETE_AT = 'N'
		   AND OOB.ORDER_NO = #{orderNo}
		   AND OOD.ORDER_SN = #{orderSn}
		   AND OOB.DLVY_MN_CODE = '02'
		   AND OOB.ORDER_STTUS_CODE >= 13
		   AND OOB.ORDER_STTUS_CODE <![CDATA[<]]> 30
	</select>

	<select id="selectOrVhcleInfoBas" resultType="com.sorincorp.mfo.my.model.VhcleInfoVO">
		/* com.sorincorp.mfo.my.mapper.VhcleInfoRegistMapper.selectOrVhcleInfoBas */
        SET TRANSACTION ISOLATION LEVEL READ UNCOMMITTED
        SELECT
		       OVIB.ORDER_NO                                                                                 /* 주문 번호                     */
		     , OVIB.ORDER_SN                                                                                 /* 주문 순번                     */
		     , OVIB.DLVY_ODR                                                                                 /* 배송 차수                     */
		     , OVIB.VHCLE_GROUP_CODE                                                                         /* 차량 그룹 코드                */
		     , dbo.fn_getCodeNm('VHCLE_GROUP_CODE', OVIB.VHCLE_GROUP_CODE)  AS VHCLE_GROUP_NM                /* 차량 그룹명                   */
		     , CONVERT(VARCHAR, OVIB.VHCLE_WRHOUSNG_DE, 23) AS VHCLE_WRHOUSNG_DE                             /* 차량 입고 일자                */
		     , OVIB.VHCLE_NO                                                                                 /* 차량 번호                     */
		     , OVIB.DRVER_NM                                                                                 /* 운전자 명                     */
		     , OVIB.DRVER_TLPHON_NO                                       									 /* 운전자 전화 번호              */
		     , OVIB.DELETE_AT																				 /* 삭제 여부					  */
		     , CONVERT(VARCHAR, OVIB.LAST_CHANGE_DT, 20) AS LAST_CHANGE_DT                                   /* 최종 변경 일시                */
		     , OVIB.ODR_BUNDLE_QY																			 /* 차수 번들 수량				  */
		  FROM dbo.OR_VHCLE_INFO_BAS AS OVIB           														 /* 주문_차량 정보 기본           */
		WHERE 1=1
		   AND OVIB.ORDER_NO  = #{orderNo}
		   AND OVIB.ORDER_SN  = #{orderSn}
		   AND OVIB.DELETE_AT = 'N'
		 ORDER BY OVIB.DLVY_ODR                                                                              /* 배송 차수                     */
	</select>

	<select id="selectVhcleGroupCodeList" parameterType="com.sorincorp.mfo.my.model.VhcleInfoRegistVO" resultType="com.sorincorp.comm.commoncode.model.CommonCodeVO">
		/* com.sorincorp.mfo.my.mapper.VhcleInfoRegistMapper.selectVhcleGroupCodeList */
		SET TRANSACTION ISOLATION LEVEL READ UNCOMMITTED
		SELECT
		       CCC.SUB_CODE                                                                              /* 서브 코드                     */
		     , CCC.CODE_NM                                                                               /* 코드 명                       */
		  FROM dbo.CO_CMMN_CD AS CCC
		 WHERE 1=1
		   AND MAIN_CODE    = 'VHCLE_GROUP_CODE'                                                         /* MAIN_CODE                     */
		   AND SUB_CODE		!= '@'
		   AND USE_AT       = 'Y'                                                                        /* USE_AT                        */
		   AND DELETE_AT    = 'N'                                                                        /* DELETE_DT                     */
		   <choose>
		   	<when test='sleMthdCode == "01" or sleMthdCode == "03" '>	<!-- 라이브, 지정가 일때 차량 그룹 -->
		   		<choose>
		   			<when test='metalCode == "8" or metalCode == "9"'>	<!-- 니켈, 주석일 경우 별도의 차량 그룹 조회 -->
			           AND ISNULL(CODE_CHRCTR_REFRNTHREE,'') = '03'
		   			</when>
		   			<otherwise>
			           AND ISNULL(CODE_CHRCTR_REFRNONE,'') IN ('01', '03')
		   			</otherwise>
		   		</choose>
		   	</when>
		   	<otherwise>
		   	   AND ISNULL(CODE_CHRCTR_REFRNTWO,'') IN ('02') <!-- 고정가 일때 차량 그룹 -->
		   	</otherwise>
		   </choose>
		ORDER BY SUB_CODE
	</select>

	<insert id="insertVhcleInfo" parameterType="com.sorincorp.mfo.my.model.VhcleInfoVO">
		/* com.sorincorp.mfo.my.mapper.VhcleInfoRegistMapper.insertVhcleInfo */
		MERGE dbo.OR_VHCLE_INFO_BAS OVIB
		USING (
			SELECT
				  #{orderNo} AS ORDER_NO
				, #{orderSn} AS ORDER_SN
				, #{dlvyOdr} AS DLVY_ODR
		) TEMP ON (OVIB.ORDER_NO = TEMP.ORDER_NO AND OVIB.ORDER_SN = TEMP.ORDER_SN AND OVIB.DLVY_ODR = TEMP.DLVY_ODR)
		WHEN MATCHED THEN
		UPDATE SET
			 <choose>
			 	<when test='!"Y".equals(deleteAt)'>
			       VHCLE_GROUP_CODE                                 = #{vhcleGroupCode}                      /* 차량 그룹 코드                */
			     , VHCLE_WRHOUSNG_DE                                = #{vhcleWrhousngDe}                     /* 차량 입고 일자                */
			     , DRVER_NM                                         = #{drverNm}                             /* 운전자 명                     */
			     , VHCLE_NO                                         = #{vhcleNo}                             /* 차량 번호                     */
			     , DRVER_TLPHON_NO                                  = #{drverTlphonNo}                       /* 운전자 전화 번호              */
			     , DELETE_AT                      					= 'N'                            		 /* 삭제 여부                     */
			     , DELETE_DT                      					= NULL                              	 /* 삭제 일시                     */
			     , INTRFC_SE                      					= CASE INTRFC_SE
			     														WHEN 'D' THEN 'I'
			     														ELSE 'U' END						 /* 인터페이스 구분 			  */
			     , ODR_BUNDLE_QY									= #{odrBundleQy}						 /* 차수 번들 수량				  */
			 	</when>
			 	<otherwise>
			       DELETE_AT                      					= 'Y'                            		 /* 삭제 여부                     */
			     , DELETE_DT                      					= GETDATE()                              /* 삭제 일시                     */
			     , INTRFC_SE                      					= 'D'									 /* 인터페이스 구분 			  */
			 	</otherwise>
			 </choose>
		     , LAST_CHANGER_ID                                  = #{mberId}                           		 /* 최종 변경자 아이디            */
		     , LAST_CHANGE_DT                                   = GETDATE()                            		 /* 최종 변경 일시                */
		WHEN NOT MATCHED THEN
		INSERT                                                                   							 /* 주문_차량 정보 기본           */
		     (
		       ORDER_NO                                                                                      /* 주문 번호                     */
		     , ORDER_SN                                                                                      /* 주문 순번                     */
		     , DLVY_ODR                                                                                      /* 배송 차수                     */
		     , VHCLE_GROUP_CODE                                                                              /* 차량 그룹 코드                */
		     , VHCLE_WRHOUSNG_DE                                                                             /* 차량 입고 일자                */
		     , DRVER_NM                                                                                      /* 운전자 명                     */
		     , VHCLE_NO                                                                                      /* 차량 번호                     */
		     , DRVER_TLPHON_NO                                                                               /* 운전자 전화 번호              */
		     , DELETE_AT                                                                                     /* 삭제 여부                     */
		     , FRST_REGISTER_ID                                                                              /* 최초 등록자 아이디            */
		     , FRST_REGIST_DT                                                                                /* 최초 등록 일시                */
		     , LAST_CHANGER_ID                                                                               /* 최종 변경자 아이디            */
		     , LAST_CHANGE_DT                                                                                /* 최종 변경 일시                */
		     , INTRFC_SE                                                                                     /* 인터페이스 구분               */
     		 , ODR_BUNDLE_QY                                                                                 /* 차수 번들 수량                */
		     )
		VALUES
		     (
		       #{orderNo}                                                                                    /* 주문 번호                     */
		     , #{orderSn}                                                                                    /* 주문 순번                     */
		     , #{dlvyOdr}                                                                                    /* 배송 차수                     */
		     , #{vhcleGroupCode}                                                                             /* 차량 그룹 코드                */
		     , #{vhcleWrhousngDe}                                                                            /* 차량 입고 일자                */
		     , #{drverNm}                                                                                    /* 운전자 명                     */
		     , #{vhcleNo}                                                                                    /* 차량 번호                     */
		     , #{drverTlphonNo}                                                                              /* 운전자 전화 번호              */
		     , 'N'                                                                                   		 /* 삭제 여부                     */
		     , #{mberId}                                                                             		 /* 최초 등록자 아이디            */
		     , GETDATE()                                                                               		 /* 최초 등록 일시                */
		     , #{mberId}                                                                              		 /* 최종 변경자 아이디            */
		     , GETDATE()                                                                               		 /* 최종 변경 일시                */
		     , 'I'                                                                                           /* 인터페이스 구분               */
     		 , #{odrBundleQy}                                                                                /* 차수 번들 수량                */
		     );
		<selectKey order="AFTER" keyProperty="intrfcSe" resultType="String">
			/* com.sorincorp.mfo.my.mapper.VhcleInfoRegistMapper.insertVhcleInfo */
			SET TRANSACTION ISOLATION LEVEL READ UNCOMMITTED
			SELECT OVIB.INTRFC_SE
			  FROM dbo.OR_VHCLE_INFO_BAS OVIB
			 WHERE 1=1
			   AND OVIB.ORDER_NO = #{orderNo}
			   AND OVIB.ORDER_SN = #{orderSn}
			   AND OVIB.DLVY_ODR = #{dlvyOdr}
		</selectKey>
	</insert>

	<insert id="insertVhcleInfoHst"  parameterType="com.sorincorp.mfo.my.model.VhcleInfoVO">
		/* com.sorincorp.mfo.my.mapper.VhcleInfoRegistMapper.insertVhcleInfoHst */
		INSERT INTO dbo.OR_VHCLE_INFO_HST                                                                    /* 주문_차량 정보 기본 이력      */
		     (
		       ORDER_NO                                                                                      /* 주문 번호                     */
		     , ORDER_SN                                                                                      /* 주문 순번                     */
		     , DLVY_ODR                                                                                      /* 배송 차수                     */
		     , VHCLE_GROUP_CODE                                                                              /* 차량 그룹 코드                */
		     , VHCLE_WRHOUSNG_DE                                                                             /* 차량 입고 일자                */
		     , DRVER_NM                                                                                      /* 운전자 명                     */
		     , VHCLE_NO                                                                                      /* 차량 번호                     */
		     , DRVER_TLPHON_NO                                                                               /* 운전자 전화 번호              */
		     , DELETE_DT                                                                                     /* 삭제 일시                     */
		     , DELETE_AT                                                                                     /* 삭제 여부                     */
		     , FRST_REGISTER_ID                                                                              /* 최초 등록자 아이디            */
		     , FRST_REGIST_DT                                                                                /* 최초 등록 일시                */
		     , LAST_CHANGER_ID                                                                               /* 최종 변경자 아이디            */
		     , LAST_CHANGE_DT                                                                                /* 최종 변경 일시                */
		     , INTRFC_SE
		     )
		SELECT
			   ORDER_NO                                                                                      /* 주문 번호                     */
		     , ORDER_SN                                                                                      /* 주문 순번                     */
		     , DLVY_ODR                                                                                      /* 배송 차수                     */
		     , VHCLE_GROUP_CODE                                                                              /* 차량 그룹 코드                */
		     , VHCLE_WRHOUSNG_DE                                                                             /* 차량 입고 일자                */
		     , DRVER_NM                                                                                      /* 운전자 명                     */
		     , VHCLE_NO                                                                                      /* 차량 번호                     */
		     , DRVER_TLPHON_NO                                                                               /* 운전자 전화 번호              */
		     , DELETE_DT                                                                                     /* 삭제 일시                     */
		     , DELETE_AT                                                                                     /* 삭제 여부                     */
		     , FRST_REGISTER_ID                                                                              /* 최초 등록자 아이디            */
		     , FRST_REGIST_DT                                                                                /* 최초 등록 일시                */
		     , LAST_CHANGER_ID                                                                               /* 최종 변경자 아이디            */
		     , LAST_CHANGE_DT                                                                                /* 최종 변경 일시                */
		     , INTRFC_SE
		 FROM dbo.OR_VHCLE_INFO_BAS AS OVIB
		WHERE 1=1
		  AND OVIB.ORDER_NO                                    = #{orderNo}
		  AND OVIB.ORDER_SN                                    = #{orderSn}
	  	  AND OVIB.DLVY_ODR                                    = #{dlvyOdr}
	</insert>

	<select id="getSettleSttusDe" resultType="String">
		/* com.sorincorp.mfo.my.mapper.VhcleInfoRegistMapper.getSettleSttusDe */
		SET TRANSACTION ISOLATION LEVEL READ UNCOMMITTED
		SELECT dbo.fn_getSettleSttusDe(#{dlivyRequstDe}, #{dayCnt})
	</select>

	<select id="selectDayCntBySetleMthd" resultType="int">
		/* com.sorincorp.mfo.my.mapper.VhcleInfoRegistMapper.selectDayCntBySetleMthd */
		SET TRANSACTION ISOLATION LEVEL READ UNCOMMITTED
		SELECT CASE WHEN oob.SETLE_MTHD_CODE IN ('20','40')
			   		THEN (SELECT REPY_PD FROM OR_MRTGG_BAS WHERE DELETE_AT = 'N' AND ORDER_NO = #{orderNo}) /* 출고요청일 포함으로 계산 */
				    WHEN oob.SETLE_MTHD_CODE = '90' THEN -1
				    ELSE 0
			    END AS DAY_CNT
		FROM OR_ORDER_BAS oob
		WHERE oob.ORDER_NO = #{orderNo}
	</select>

	<select id="selectSmsUserInfo" parameterType="com.sorincorp.mfo.my.model.VhcleInfoVO" resultType="String">
		/* com.sorincorp.mfo.my.mapper.VhcleInfoRegistMapper.selectSmsUserInfo */
		SET TRANSACTION ISOLATION LEVEL READ UNCOMMITTED
		SELECT ORDRR_MOBLPHON_NO
		  FROM OR_ORDER_BAS
		 WHERE 1=1
		   AND DELETE_AT = 'N'
		   AND ORDER_NO = #{orderNo}
	</select>

	<!-- 자차 자량정보 등록 및 수정 고객 SMS 전송 데이터 -->
	<select id="selectSmsInfo" parameterType="com.sorincorp.mfo.my.model.VhcleInfoVO" resultType="hashmap">
		/* com.sorincorp.mfo.my.mapper.VhcleInfoRegistMapper.selectSmsInfo */
		SET TRANSACTION ISOLATION LEVEL READ UNCOMMITTED
		SELECT 	TOP 1
			OOD.ORDER_NO				AS orderNo
			, LWIB.WRHOUS_RN_ADRES		AS wrhousRnAdres 					/* 상차지 주소(도로명)*/
		  FROM dbo.OR_VHCLE_INFO_BAS 			AS OVIB
		 INNER JOIN dbo.OR_ORDER_DTL 			AS OOD
			ON OVIB.ORDER_NO = OOD.ORDER_NO
		 INNER JOIN dbo.LO_WRHOUS_INFO_BAS 		AS LWIB
			ON LWIB.WRHOUS_CODE = OOD.WRHOUS_CODE
		 WHERE 1=1
		   AND OOD.ORDER_NO = #{orderNo}
		   AND OVIB.DLVY_ODR = #{dlvyOdr}
	</select>

	<select id="selectOrVhcleInfoHst" parameterType="com.sorincorp.mfo.my.model.VhcleInfoVO" resultType="com.sorincorp.mfo.my.model.VhcleInfoVO">
		/* com.sorincorp.mfo.my.mapper.VhcleInfoRegistMapper.selectOrVhcleInfoHst */
		SET TRANSACTION ISOLATION LEVEL READ UNCOMMITTED
		SELECT *
		FROM (
			SELECT
				   ROW_NUMBER() OVER(ORDER BY LAST_CHANGE_DT DESC) AS ROWNUM
				 , OVIB.DLVY_ODR
				 , OVIB.VHCLE_WRHOUSNG_DE
				 , OVIB.DRVER_NM
				 , OVIB.VHCLE_NO
				 , OVIB.DRVER_TLPHON_NO
			  FROM DBO.OR_VHCLE_INFO_HST OVIB
			 WHERE 1=1
			   AND OVIB.ORDER_NO                                    = #{orderNo}
			   AND OVIB.ORDER_SN                                    = #{orderSn}
			   AND OVIB.DLVY_ODR                                    = #{dlvyOdr}
		 ) A
		 WHERE A.ROWNUM = 2
	</select>

	<!-- 자차 자량정보 등록 및 수정 기사 SMS 전송 데이터 -->
	<select id="selectDriverSmsInfo" parameterType="com.sorincorp.mfo.my.model.VhcleInfoVO" resultType="hashmap">
		/* com.sorincorp.mfo.my.mapper.VhcleInfoRegistMapper.selectDriverSmsInfo */
		SET TRANSACTION ISOLATION LEVEL READ UNCOMMITTED
		SELECT TOP 1
			OOD.ORDER_NO				AS orderNo
			 ,  OOD.ITM_NM 					AS item
			 ,  OOD.BRAND_CODE 				AS brand
			 ,	LWIB.WRHOUS_RN_ADRES		AS wrhousRnAdres 					/* 상차지 주소(도로명)*/
		  FROM dbo.OR_VHCLE_INFO_BAS 			AS OVIB
		 INNER JOIN dbo.OR_ORDER_DTL 			AS OOD
			ON OVIB.ORDER_NO = OOD.ORDER_NO
		 INNER JOIN dbo.LO_WRHOUS_INFO_BAS 		AS LWIB
			ON LWIB.WRHOUS_CODE = OOD.WRHOUS_CODE
		 WHERE 1=1
		   AND OOD.ORDER_NO = #{orderNo}
		   AND OVIB.DLVY_ODR = #{dlvyOdr}
	</select>

	<sql id="multiBlListBaseQuery">
		SELECT OOD.ORDER_SN														/* 주문 순번 */
			 , OOD.BL_NO														/* BL 번호 */
			 , OOD.REAL_ORDER_WT												/* 실제 주문 중량 */
			 , OOD.BUNDLE_QY													/* 번들 수량 */
		  FROM dbo.OR_ORDER_DTL OOD												/* 주문_주문 상세 */
		 WHERE OOD.DELETE_AT = 'N'
		   AND OOD.ORDER_NO = #{orderNo}
	</sql>

	<select id="getMultiBlListSize" parameterType="String" resultType="int">
		/* com.sorincorp.mfo.my.mapper.VhcleInfoRegistMapper.getMultiBlListSize */
		SET TRANSACTION ISOLATION LEVEL READ UNCOMMITTED
		SELECT COUNT(*) FROM
		(<include refid="multiBlListBaseQuery"></include>) O
	</select>

	<select id="selectMultiBlList" parameterType="String" resultType="com.sorincorp.mfo.my.model.VhcleInfoRegistVO">
		/* com.sorincorp.mfo.my.mapper.VhcleInfoRegistMapper.selectMultiBlList */
		SET TRANSACTION ISOLATION LEVEL READ UNCOMMITTED
		<include refid="multiBlListBaseQuery"></include>
	</select>
	
	<!-- 물류 휴일 목록 -->
	<select id="selectHolidayList" parameterType="string" resultType="string">
		<![CDATA[
		/* com.sorincorp.mfo.my.mapper.VhcleInfoRegistMapper.selectHolidayList */
		SET TRANSACTION ISOLATION LEVEL READ UNCOMMITTED
		SELECT
			CONVERT(VARCHAR(10), CONVERT(DATE, APPLC_DE), 23) AS holiday
		FROM dbo.IT_LGIST_RESTDE_MANAGE_BAS		/* 물류휴일관리기본 */
		WHERE 1=1 AND DELETE_AT = 'N'
		AND APPLC_DE >= CONVERT(VARCHAR(8), GETDATE(), 112)	--당일기준
		AND WRHOUS_CODE IN (
				SELECT WRHOUS_CODE  FROM dbo.OR_ORDER_DTL
				WHERE 1=1 AND DELETE_AT = 'N'
				AND ORDER_NO = #{orderNo} )
		;
		]]>
	</select>
	
	<!-- 이벤트 휴일에 포함되는지 조회 -->
	<select id="checkHolidayYn" parameterType="com.sorincorp.mfo.my.model.VhcleInfoVO" resultType="int">
		<![CDATA[
		/* OrderDtlsDetail.checkHolidayYn */
		SET TRANSACTION ISOLATION LEVEL READ UNCOMMITTED
		SELECT COUNT(1)
		FROM dbo.IT_EVENT_RESTDE_MANAGE_BAS		/* 이벤트휴일관리기본 */
		WHERE 1=1
		AND (APPLC_BEGIN_DE <= #{vhcleWrhousngDe} AND APPLC_END_DE >= #{vhcleWrhousngDe})
		AND EVENT_RESTDE_SE_CODE = '01'	/* 국가공휴일 */
		AND RESTDE_AT = 'Y'		/* 휴일여부 */
		AND DELETE_AT = 'N'		/* 삭제여부 */
		--AND EXPSR_AT = 'Y'	/* 노출여부 */
		;
		]]>
	</select>
</mapper>