<?xml version="1.0" encoding="UTF-8"?>
<!DOCTYPE mapper PUBLIC "-//mybatis.org//DTD Mapper 3.0//EN" "http://mybatis.org/dtd/mybatis-3-mapper.dtd">

<mapper namespace="com.sorincorp.api.smsReject.mapper.SmsRecptnRejectMberMapper">

	<select id="selectMberList" parameterType="map" resultType="java.util.HashMap">
		/*  smsRecptnRejectMber.selectMberList    */
		SET TRANSACTION ISOLATION LEVEL READ UNCOMMITTED
		SELECT MBER_NO AS mberNo
		  FROM dbo.MB_MBER_INFO_BAS AS MMIB
	  	 WHERE MMIB.MOBLPHON_NO = #{moblphonNo}
		 UNION
		SELECT SIMPL_MBER_NO
		  FROM dbo.MB_SIMPL_MBER_INFO_BAS AS MSMIB
		 WHERE MSMIB.MOBLPHON_NO = #{moblphonNo}
	</select>

	<update id="updateMaketInfo" parameterType="com.sorincorp.api.smsReject.model.SmsRecptnRejectMberVO">
		/*  smsRecptnRejectMber.updateMaketInfo    */
		SET TRANSACTION ISOLATION LEVEL READ UNCOMMITTED
		UPDATE dbo.MB_MBER_MARKT_RECPTN_MEDIA_BAS
		   SET MARKT_RECPTN_SMS = 'N'						/*  마케팅수신문자 	*/
			 , MARKT_RECPTN_EMAIL = 'N'						/*  마케팅수신이메일 */
			 , MARKT_RECPTN_PUSH = 'N'						/*  마케팅수신푸쉬 	*/
		 WHERE 1=1
		   AND MBER_NO = #{mberNo}
	</update>

	<insert id="insertMarketHst" parameterType="com.sorincorp.api.smsReject.model.SmsRecptnRejectMberVO">
		/*  smsRecptnRejectMber.insertMarketHst    */
		SET TRANSACTION ISOLATION LEVEL READ UNCOMMITTED
		INSERT INTO dbo.MB_MBER_MARKT_RECPTN_MEDIA_HST														/* 회원_마케팅 수신 동의여부     */
			 (
			   MBER_NO																						/* 회원 번호                     */
			 , MARKT_RECPTN_SMS																				/* 회원 문자 수신 동의 여부      */
			 , MARKT_RECPTN_EMAIL																			/* 회원 메일 수신 동의 여부      */
			 , MARKT_RECPTN_PUSH																		 	/* 회원 push 수신 동의 여부	     */
			 , FRST_REGIST_DT																				/* 최초 등록 일시                */
			 , FRST_REGISTER_ID																				/* 최초 등록 아이디              */
			 )
		SELECT
			   #{mberNo}																					/* 회원 번호                     */
			 , MMRMB.MARKT_RECPTN_SMS																		/* 회원 문자 수신 동의 여부      */
			 , MMRMB.MARKT_RECPTN_EMAIL																		/* 회원 메일 수신 여부 일시      */
			 , MMRMB.MARKT_RECPTN_PUSH																		/* 회원 push 수신 동의 여부      */
			 , MMRMB.FRST_REGIST_DT																			/* 최초 등록 일시                */
			 , MMRMB.FRST_REGISTER_ID	 																	/* 최초 등록 아이디              */
		  FROM dbo.MB_MBER_MARKT_RECPTN_MEDIA_BAS AS MMRMB WITH (NOLOCK)									/* 회원_마케팅 수신 동의여부 이력    */
		 WHERE 1=1
		   AND MMRMB.MBER_NO = #{mberNo}
	</insert>

	<update id="updateMberInfo" parameterType="com.sorincorp.api.smsReject.model.SmsRecptnRejectMberVO">
		/*  smsRecptnRejectMber.updateMberInfo    */
		SET TRANSACTION ISOLATION LEVEL READ UNCOMMITTED
		UPDATE MB_MBER_INFO_BAS
		   SET ADVRTS_RECPTN_AGRE_AT = (
										CASE WHEN MMMRMB.MARKT_RECPTN_SMS = 'N' AND MMMRMB.MARKT_RECPTN_EMAIL = 'N' AND MMMRMB.MARKT_RECPTN_PUSH = 'N'
									 		 THEN 'N'
									 		 ELSE 'Y'
									 		 END
										)
			 , ADVRTS_RECPTN_AGRE_DT = GETDATE()
			 , MBER_CHRCTR_RECPTN_AGRE_AT = 'N'
			 , MBER_EMAIL_RECPTN_AGRE_AT = 'N'
		  FROM MB_MBER_INFO_BAS AS MMIB, MB_MBER_MARKT_RECPTN_MEDIA_BAS AS MMMRMB
		 WHERE MMIB.MBER_NO = #{mberNo}
		   AND MMMRMB.MBER_NO = #{mberNo}
	</update>

	<insert id="insertMberInfoHst" parameterType="com.sorincorp.api.smsReject.model.SmsRecptnRejectMberVO">
		/*  smsRecptnRejectMber.insertMberInfoHst    */
		SET TRANSACTION ISOLATION LEVEL READ UNCOMMITTED
		INSERT INTO dbo.MB_ENTRPS_INFO_BAS_HST														/* 회원_업체 정보 수정 이력     	*/
			 (
			   ENTRPS_NO																			/* 업체번호 					*/
			 , ERP_ENTRPS_CODE																		/* ERP 업체 코드 				*/
			 , ENTRPSNM_KOREAN																		/* 업체명 한글 					*/
			 , ENTRPSNM_ENG																			/* 업체명 영문 					*/
			 , RPRSNTV_NM																			/* 대표자 명 					*/
			 , BSNM_REGIST_NO																		/* 사업자 등록 번호 				*/
			 , CPR_REGIST_NO																		/* 법인 등록 번호 				*/
			 , ENTRPRS_BIZCND_CODE																	/* 기업 업태 코드 				*/
			 , ENTRPRS_ITEM_CODE																	/* 기업 종목 코드 				*/
			 , BSNM_TY_CODE																			/* 사업자 유형 코드 				*/
			 , CMPNY_TLPHON_NO																		/* 회사 전화 번호 				*/
			 , CMPNY_FAX_NO																			/* 회사 팩스 번호 				*/
			 , POST_NO																				/* 우편 번호 					*/
			 , ADRES																				/* 주소 						*/
			 , DETAIL_ADRES																			/* 상세 주소 					*/
			 , RN_ADRES																				/* 도로명 주소 					*/
			 , RN_DETAIL_ADRES																		/* 도로명 상세 주소 				*/
			 , REFND_ACNUT_NO																		/* 환불 계좌 번호 				*/
			 , EWALLET_ACNUT_NO																		/* 이월렛 계좌 번호 				*/
			 , REFND_ACNUT_STTUS_CODE																/* 환불 계좌 상태 코드 			*/
			 , REFND_ACNUT_RGRSYNTH_AT																/* 환불 계좌 정합성 여부 			*/
			 , REFND_ACNUT_RGRSYNTH_DT																/* 환불 계좌 정합성 일시	 		*/
			 , CSTMR_REGIST_MBY_CODE																/* 고객 등록 주체 코드 			*/
			 , ENTRPS_GRAD_NO																		/* 업체 등급 번호 				*/
			 , DELETE_AT																			/* 삭제 여부 					*/
			 , DELETE_DT																			/* 삭제 일시 					*/
			 , FRST_REGISTER_ID																		/* 최초 등록자 아이디 			*/
			 , FRST_REGIST_DT																		/* 최초 등록 일시 				*/
			 , LAST_CHANGER_ID																		/* 최종 변경자 아이디 			*/
			 , LAST_CHANGE_DT																		/* 최종 변경 일시 				*/
			 , REFND_ACNUT_NM																		/* 환불계좌명의 				*/
			 , T_CODE																				/* t code 					*/
			 , NEW_REFND_ACNUT_NO																	/* 신(하나) 환불계좌번호 			*/
			 , OLD_REFND_ACNUT_NO																	/* 구(외한) 환불계좌번호 			*/
			 , PURCHSCHARGER_EMAIL																	/* 구매담당자 이메일 				*/
			 , CSTMR_PARTCLR_MATTER																	/* 고객 특이 사항 				*/
			 , CSTMR_PARTCLR_MATTER_LAST_CHANGER_ID													/* 고객 특이 사항 최종 변경자 아이디	*/
			 , CSTMR_PARTCLR_MATTER_LAST_CHANGE_DT													/* 고객 특이 사항 최종 변경 일시	*/
			 , SLE_METAL_LIST																		/* 판매 금속 비트 코드			*/
			 , DLVRF_DSCNT_AT																		/* 배송할인여부 				*/
			 , DLVRF_DSCNT_DT																		/* 배송할인적용일자 				*/
			 , ACNUT_UNREGIST_EMAIL_SNDNG_AT														/* 계좌 미등록 메일 발송 여부		*/
             , ACNUT_UNREGIST_EMAIL_SNDNG_DT														/* 계좌 미등록 메일 발송 일시		*/
			 )
		SELECT
			   MEIB.ENTRPS_NO																		/* 업체번호 					*/
			 , MEIB.ERP_ENTRPS_CODE																	/* ERP 업체 코드 				*/
			 , MEIB.ENTRPSNM_KOREAN																	/* 업체명 한글 					*/
			 , MEIB.ENTRPSNM_ENG																	/* 업체명 영문 					*/
			 , MEIB.RPRSNTV_NM																		/* 대표자 명 					*/
			 , MEIB.BSNM_REGIST_NO																	/* 사업자 등록 번호 				*/
			 , MEIB.CPR_REGIST_NO																	/* 법인 등록 번호 				*/
			 , MEIB.ENTRPRS_BIZCND_CODE																/* 기업 업태 코드 				*/
			 , MEIB.ENTRPRS_ITEM_CODE																/* 기업 종목 코드 				*/
			 , MEIB.BSNM_TY_CODE																	/* 사업자 유형 코드 				*/
			 , MEIB.CMPNY_TLPHON_NO																	/* 회사 전화 번호 				*/
			 , MEIB.CMPNY_FAX_NO																	/* 회사 팩스 번호 				*/
			 , MEIB.POST_NO																			/* 우편 번호 					*/
			 , MEIB.ADRES																			/* 주소 						*/
			 , MEIB.DETAIL_ADRES																	/* 상세 주소 					*/
			 , MEIB.RN_ADRES																		/* 도로명 주소 					*/
			 , MEIB.RN_DETAIL_ADRES																	/* 도로명 상세 주소 				*/
			 , MEIB.REFND_ACNUT_NO																	/* 환불 계좌 번호 				*/
			 , MEIB.EWALLET_ACNUT_NO																/* 이월렛 계좌 번호 				*/
			 , MEIB.REFND_ACNUT_STTUS_CODE															/* 환불 계좌 상태 코드 			*/
			 , MEIB.REFND_ACNUT_RGRSYNTH_AT															/* 환불 계좌 정합성 여부 			*/
			 , MEIB.REFND_ACNUT_RGRSYNTH_DT															/* 환불 계좌 정합성 일시	 		*/
			 , MEIB.CSTMR_REGIST_MBY_CODE															/* 고객 등록 주체 코드 			*/
			 , MEIB.ENTRPS_GRAD_NO																	/* 업체 등급 번호 				*/
			 , MEIB.DELETE_AT																		/* 삭제 여부 					*/
			 , MEIB.DELETE_DT																		/* 삭제 일시 					*/
			 , MEIB.FRST_REGISTER_ID																/* 최초 등록자 아이디 			*/
			 , MEIB.FRST_REGIST_DT																	/* 최초 등록 일시 				*/
			 , MEIB.LAST_CHANGER_ID																	/* 최종 변경자 아이디 			*/
			 , MEIB.LAST_CHANGE_DT																	/* 최종 변경 일시 				*/
			 , MEIB.REFND_ACNUT_NM																	/* 환불계좌명의 				*/
			 , MEIB.T_CODE																			/* t code 					*/
			 , MEIB.NEW_REFND_ACNUT_NO																/* 신(하나) 환불계좌번호 			*/
			 , MEIB.OLD_REFND_ACNUT_NO																/* 구(외한) 환불계좌번호 			*/
			 , MEIB.PURCHSCHARGER_EMAIL																/* 구매담당자 이메일 				*/
			 , MEIB.CSTMR_PARTCLR_MATTER															/* 고객 특이 사항 				*/
			 , MEIB.CSTMR_PARTCLR_MATTER_LAST_CHANGER_ID											/* 고객 특이 사항 최종 변경자 아이디	*/
			 , MEIB.CSTMR_PARTCLR_MATTER_LAST_CHANGE_DT												/* 고객 특이 사항 최종 변경 일시	*/
			 , MEIB.SLE_METAL_LIST																	/* 판매 금속 비트 코드			*/
			 , MEIB.DLVRF_DSCNT_AT																	/* 배송할인여부 				*/
			 , MEIB.DLVRF_DSCNT_DT																	/* 배송할인적용일자 				*/
			 , MEIB.ACNUT_UNREGIST_EMAIL_SNDNG_AT													/* 계좌 미등록 메일 발송 여부		*/
             , MEIB.ACNUT_UNREGIST_EMAIL_SNDNG_DT													/* 계좌 미등록 메일 발송 일시		*/
		  FROM dbo.MB_ENTRPS_INFO_BAS AS MEIB WITH (NOLOCK)											/* 회원_업체 정보 기본           */
		 WHERE 1=1
		   AND MEIB.ENTRPS_NO = #{mberNo}
	</insert>

	<update id="updateSimMberInfo" parameterType="com.sorincorp.api.smsReject.model.SmsRecptnRejectMberVO">
		/*  smsRecptnRejectMber.updateSimMberInfo    */
		SET TRANSACTION ISOLATION LEVEL READ UNCOMMITTED
		UPDATE MB_SIMPL_MBER_INFO_BAS
		   SET ADVRTS_RECPTN_AGRE_AT = (
										CASE WHEN MMMRMB.MARKT_RECPTN_SMS = 'N' AND MMMRMB.MARKT_RECPTN_EMAIL = 'N' AND MMMRMB.MARKT_RECPTN_PUSH = 'N'
									 		 THEN 'N'
									 		 ELSE 'Y'
									 		 END
										)
			 , ADVRTS_RECPTN_AGRE_DT = GETDATE()
		  FROM MB_SIMPL_MBER_INFO_BAS AS MSMIB, MB_MBER_MARKT_RECPTN_MEDIA_BAS AS MMMRMB
		 WHERE MSMIB.SIMPL_MBER_NO = #{mberNo}
		   AND MMMRMB.MBER_NO = #{mberNo}
	</update>

	<insert id="insertSimMberInfoHst" parameterType="com.sorincorp.api.smsReject.model.SmsRecptnRejectMberVO">
		/*  smsRecptnRejectMber.insertSimMberInfoHst    */
		SET TRANSACTION ISOLATION LEVEL READ UNCOMMITTED
		INSERT INTO dbo.MB_SIMPL_MBER_INFO_BAS_HST													/* 회원_간편 회원 정보 기본 이력 */
		     (
		       SIMPL_MBER_NO																		/* 간편 회원 번호			 */
			 , SIMPL_MBER_ID																		/* 간편 회원 아이디			 */
			 , SIMPL_MBER_SECRET_NO																	/* 간편 회원 비밀 번호		 */
			 , SIMPL_MBER_ETR_DT																	/* 간편 회원 가입 일시		 */
			 , SIMPL_MBER_RECENT_VISIT_DT															/* 간편 회원 최근 방문 일시	 */
			 , SIMPL_MBER_NM																		/* 간편 회원 이름			 */
			 , MOBLPHON_NO																			/* 휴대전화 번호			 */
			 , MBER_EMAIL_RECPTN_AGRE_AT															/* 회원 메일 수신 동의 여부	 */
			 , MBER_EMAIL_RECPTN_AGRE_DT															/* 회원 메일 수신 일시		 */
			 , MBER_CHRCTR_RECPTN_AGRE_AT															/* 회원 문자 수신 동의 여부	 */
			 , MBER_CHRCTR_RECPTN_AGRE_DT															/* 회원 문자 수신 동의 일시	 */
			 , NSLT_REQST_AT																		/* 뉴스레터 신청 여부			 */
			 , NSLT_REQST_DT																		/* 뉴스레터 신청 일시			 */
			 , APP_NTCN_AT																			/* 앱 알림 여부			 	*/
			 , EMAIL_NTCN_AT																		/* 이메일 알림 여부			 */
			 , WEB_NTCN_AT																			/* WEB 알림 여부			 */
			 , LOGIN_FAILR_RTRVL																	/* 로그인 실패 회수			 */
			 , SECRET_NO_ERROR_CO																	/* 비밀 번호 오류 횟수		 */
			 , SECRET_NO_UPDT_DT																	/* 비밀 번호 수정 일시		 */
			 , RECENT_CONECT_DT																		/* 간편 회원 아이디			 */
			 , SIMPL_MBER_STTUS_CODE																/* 간편 회원 아이디			 */
			 , USE_SE_CODE																			/* 간편 회원 아이디			 */
			 , DRMNCY_DT																			/* 휴면 일시				 */
			 , SECSN_DT																				/* 탈퇴 일시				 */
			 , SECSN_TY_CODE																		/* 탈퇴 유형 코드			 */
			 , SECSN_RESN_CODE																		/* 탈퇴 사유 코드			 */
			 , ETC_SECSN_RESN																		/* 기타 탈퇴 사유			 */
			 , DELETE_AT																			/* 삭제 여부				 */
			 , DELETE_DT																			/* 삭제 일시				 */
			 , FRST_REGISTER_ID																		/* 최초 등록자 아이디			 */
			 , FRST_REGIST_DT																		/* 최초 등록 일시			 */
			 , LAST_CHANGER_ID																		/* 최종 변경자 아이디			 */
			 , LAST_CHANGE_DT																		/* 최종 변경 일시			 */
			 , SIMPL_MBER_ETR_SE_CODE																/* 코드_회원 간편 회원 가입 구분 코드	 */
			 , NEXT_SECRET_NO_CHANGE_DT																/* 다음 비밀 번호 변경 일시	 */
			 , ADVRTS_RECPTN_AGRE_AT																/* 마케팅 수신동의 여부		 */
			 , ADVRTS_RECPTN_AGRE_DT																/* 마케팅 수신동의 일시		 */
		     )
		SELECT
			   MSMIB.SIMPL_MBER_NO																		/* 간편 회원 번호			 */
			 , MSMIB.SIMPL_MBER_ID																		/* 간편 회원 아이디			 */
			 , MSMIB.SIMPL_MBER_SECRET_NO																/* 간편 회원 비밀 번호		 */
			 , MSMIB.SIMPL_MBER_ETR_DT																	/* 간편 회원 가입 일시		 */
			 , MSMIB.SIMPL_MBER_RECENT_VISIT_DT															/* 간편 회원 최근 방문 일시	 */
			 , MSMIB.SIMPL_MBER_NM																		/* 간편 회원 이름			 */
			 , MSMIB.MOBLPHON_NO																		/* 휴대전화 번호			 */
			 , MSMIB.MBER_EMAIL_RECPTN_AGRE_AT															/* 회원 메일 수신 동의 여부	 */
			 , MSMIB.MBER_EMAIL_RECPTN_AGRE_DT															/* 회원 메일 수신 일시		 */
			 , MSMIB.MBER_CHRCTR_RECPTN_AGRE_AT															/* 회원 문자 수신 동의 여부	 */
			 , MSMIB.MBER_CHRCTR_RECPTN_AGRE_DT															/* 회원 문자 수신 동의 일시	 */
			 , MSMIB.NSLT_REQST_AT																		/* 뉴스레터 신청 여부			 */
			 , MSMIB.NSLT_REQST_DT																		/* 뉴스레터 신청 일시			 */
			 , MSMIB.APP_NTCN_AT																		/* 앱 알림 여부			 	*/
			 , MSMIB.EMAIL_NTCN_AT																		/* 이메일 알림 여부			 */
			 , MSMIB.WEB_NTCN_AT																		/* WEB 알림 여부			 */
			 , MSMIB.LOGIN_FAILR_RTRVL																	/* 로그인 실패 회수			 */
			 , MSMIB.SECRET_NO_ERROR_CO																	/* 비밀 번호 오류 횟수		 */
			 , MSMIB.SECRET_NO_UPDT_DT																	/* 비밀 번호 수정 일시		 */
			 , MSMIB.RECENT_CONECT_DT																	/* 간편 회원 아이디			 */
			 , MSMIB.SIMPL_MBER_STTUS_CODE																/* 간편 회원 아이디			 */
			 , MSMIB.USE_SE_CODE																		/* 간편 회원 아이디			 */
			 , MSMIB.DRMNCY_DT																			/* 휴면 일시				 */
			 , MSMIB.SECSN_DT																			/* 탈퇴 일시				 */
			 , MSMIB.SECSN_TY_CODE																		/* 탈퇴 유형 코드			 */
			 , MSMIB.SECSN_RESN_CODE																	/* 탈퇴 사유 코드			 */
			 , MSMIB.ETC_SECSN_RESN																		/* 기타 탈퇴 사유			 */
			 , MSMIB.DELETE_AT																			/* 삭제 여부				 */
			 , MSMIB.DELETE_DT																			/* 삭제 일시				 */
			 , MSMIB.FRST_REGISTER_ID																	/* 최초 등록자 아이디			 */
			 , MSMIB.FRST_REGIST_DT																		/* 최초 등록 일시			 */
			 , MSMIB.LAST_CHANGER_ID																	/* 최종 변경자 아이디			 */
			 , MSMIB.LAST_CHANGE_DT																		/* 최종 변경 일시			 */
			 , MSMIB.SIMPL_MBER_ETR_SE_CODE																/* 코드_회원 간편 회원 가입 구분 코드	 */
			 , MSMIB.NEXT_SECRET_NO_CHANGE_DT															/* 다음 비밀 번호 변경 일시	 */
			 , MSMIB.ADVRTS_RECPTN_AGRE_AT																/* 마케팅 수신동의 여부		 */
			 , MSMIB.ADVRTS_RECPTN_AGRE_DT																/* 마케팅 수신동의 일시		 */
		  FROM dbo.MB_SIMPL_MBER_INFO_BAS AS MSMIB														/* 회원_간편 회원 정보 기본      */
		 WHERE 1=1
		   AND SIMPL_MBER_NO = #{mberNo}
	</insert>

</mapper>