<?xml version="1.0" encoding="UTF-8"?>
<!DOCTYPE mapper PUBLIC "-//mybatis.org//DTD Mapper 3.0//EN" "http://mybatis.org/dtd/mybatis-3-mapper.dtd">

<mapper namespace="com.sorincorp.comm.filedoc.mapper.FileDocMapper">
	<insert id="insertCommonDoc" parameterType="com.sorincorp.comm.filedoc.model.FileDocVO">
		/******  INSERT : CO_DOC_BAS(공통_문서 기본)                                                                                     ******/
		INSERT INTO dbo.CO_DOC_BAS                                                                           /* 공통_문서 기본                */
			 (
			   JOB_SE_CODE                                                                                   /* 업무 구분 코드                */
			 , DOC_FILE_NM                                                                                   /* 문서 파일 명                 */
			 , DOC_FILE_COURS                                                                                /* 문서 파일 경로                */
			 , DOC_FILE_REAL_COURS                                                                           /* 문서 파일 실제 경로           */
			 , DOC_FILE_MG																					 /* 문서 파일 크기               */
			 , DELETE_AT					                                                                 /* 삭제 여부                   */
			 , DELETE_DT                                                                                     /* 삭제 일시                   */
			 , FRST_REGISTER_ID                                                                              /* 최초 등록자 아이디             */
			 , FRST_REGIST_DT                                                                                /* 최초 등록 일시                */
			 , LAST_CHANGER_ID                                                                               /* 최종 변경자 아이디             */
			 , LAST_CHANGE_DT                                                                                /* 최종 변경 일시                */
			 )
		VALUES
			 (
			   #{jobSeCode}                                                                                  /* 업무 구분 코드                */
			 , #{docFileNm}                                                                                  /* 문서 파일 명                 */
			 , #{docFileCours}                                                                               /* 문서 파일 경로                */
			 , #{docFileRealCours}                                                                           /* 문서 파일 실제 경로            */
			 , #{docFileMg}                                                                           /* 문서 파일 실제 경로            */
			 , #{deleteAt}                                                                                   /* 삭제 여부                    */
			 , #{deleteDt}                                                                                   /* 삭제 일시                    */
			 , #{frstRegisterId}                                                                             /* 최초 등록자 아이디             */
			 , GETDATE()                                                                                     /* 최초 등록 일시                */
			 , #{lastChangerId}                                                                              /* 최종 변경자 아이디             */
			 , GETDATE()                                                                                     /* 최종 변경 일시                */
		)
		<selectKey keyProperty="docNo" resultType="int" order="BEFORE">
			SET TRANSACTION ISOLATION LEVEL READ UNCOMMITTED
			SELECT IDENT_CURRENT('CO_DOC_BAS') + 1
		</selectKey>
		<include refid="insertCommonDocHst">
			<property name="docNo" value="docNo"/>
		</include>
	</insert>

	<select id="selectDocInfo" parameterType="int" resultType="com.sorincorp.comm.filedoc.model.FileDocVO">
		/******  SELECT : CO_DOC_BAS(공통_문서 기본)                                                                                     ******/
		SET TRANSACTION ISOLATION LEVEL READ UNCOMMITTED
		SELECT
			   CDB.DOC_NO                                                                                    /* 문서 번호                     */
			 , CDB.JOB_SE_CODE                                                                               /* 업무 구분 코드                */
			 , CDB.DOC_FILE_NM                                                                               /* 문서 파일 명                  */
			 , CDB.DOC_FILE_COURS                                                                            /* 문서 파일 경로                */
			 , CDB.DOC_FILE_REAL_COURS                                                                       /* 문서 파일 실제 경로           */
			 , CDB.DOC_FILE_MG																					 /* 문서 파일 크기                */
			 , CDB.DELETE_AT                                                                                 /* 삭제 여부                     */
			 , CDB.DELETE_DT                                                                                 /* 삭제 일시                     */
			 , CDB.FRST_REGISTER_ID                                                                          /* 최초 등록자 아이디            */
			 , CDB.FRST_REGIST_DT                                                                            /* 최초 등록 일시                */
			 , CDB.LAST_CHANGER_ID                                                                           /* 최종 변경자 아이디            */
			 , CDB.LAST_CHANGE_DT                                                                            /* 최종 변경 일시                */
		  FROM dbo.CO_DOC_BAS AS CDB                                                                         /* 공통_문서 기본                */
		 WHERE 1=1
		   AND CDB.DELETE_AT 									= 'N'										 /* 삭제 여부						*/
		   AND CDB.DOC_NO                                       = #{docNo}                                   /* DOC_NO                        */
	</select>
	
	<update id="deleteCommonDoc" parameterType="com.sorincorp.comm.filedoc.model.FileDocVO">
		UPDATE dbo.CO_DOC_BAS																				/* 공통 문서 기본				*/
		   SET DELETE_AT = 'Y'																				/* 삭제 여부 					*/
		     , DELETE_DT = GETDATE()																		/* 삭제 일시					*/
		     , LAST_CHANGER_ID = #{lastChangerId}															/* 최종 변경자	아이디			*/
		     , LAST_CHANGE_DT = GETDATE()																	/* 최종 변경 일시				*/
		 WHERE DOC_NO = #{docNo}
		<include refid="insertCommonDocHst">
			<property name="docNo" value="docNo"/>
		</include>
	</update>

	<sql id="insertCommonDocHst">
		INSERT INTO dbo.CO_DOC_BAS_HST                                                                           /* 공통_문서 기본                */
			 (
			   DOC_NO																						 /* 문서 번호					  */
			 , JOB_SE_CODE                                                                                   /* 업무 구분 코드                */
			 , DOC_FILE_NM                                                                                   /* 문서 파일 명                 */
			 , DOC_FILE_COURS                                                                                /* 문서 파일 경로                */
			 , DOC_FILE_REAL_COURS                                                                           /* 문서 파일 실제 경로            */
			 , DELETE_AT                                                                                     /* 삭제 여부                    */
			 , DELETE_DT                                                                                     /* 삭제 일시                    */
			 , FRST_REGISTER_ID                                                                              /* 최초 등록자 아이디             */
			 , FRST_REGIST_DT                                                                                /* 최초 등록 일시                */
			 , LAST_CHANGER_ID                                                                               /* 최종 변경자 아이디             */
			 , LAST_CHANGE_DT                                                                                /* 최종 변경 일시                */
			 )
		SELECT 
			   CDB.DOC_NO																					 /* 문서 번호					  */
			 , CDB.JOB_SE_CODE                                                                               /* 업무 구분 코드                */
			 , CDB.DOC_FILE_NM                                                                               /* 문서 파일 명                 */
			 , CDB.DOC_FILE_COURS                                                                            /* 문서 파일 경로                */
			 , CDB.DOC_FILE_REAL_COURS                                                                       /* 문서 파일 실제 경로            */
			 , CDB.DELETE_AT                                                                                 /* 삭제 여부                    */
			 , CDB.DELETE_DT                                                                                 /* 삭제 일시                    */
			 , CDB.FRST_REGISTER_ID                                                                          /* 최초 등록자 아이디             */
			 , CDB.FRST_REGIST_DT                                                                            /* 최초 등록 일시                */
			 , CDB.LAST_CHANGER_ID                                                                           /* 최종 변경자 아이디             */
			 , CDB.LAST_CHANGE_DT                                                                            /* 최종 변경 일시                */
		  FROM dbo.CO_DOC_BAS AS CDB WITH (NOLOCK)
		 WHERE 1=1
		   AND CDB.DOC_NO = #{docNo} 
	</sql>

</mapper>