<?xml version="1.0" encoding="UTF-8"?>

<config xmlns="http://www.navercorp.com/lucy-xss-servlet">
	<defenders>
		<!-- XssPreventer 등록 -->
		<defender>
			<name>xssPreventerDefender</name>
			<class>com.navercorp.lucy.security.xss.servletfilter.defender.XssPreventerDefender</class>
			<!-- HTML이 아닌 단순 텍스트 파라미터에 대해서는 XSS Preventer를 사용해 전체를 Escaping -->
		</defender>
		
		<!-- XssSaxFilter 등록 -->
		<defender>
			<name>xssSaxFilterDefender</name>
			<class>com.navercorp.lucy.security.xss.servletfilter.defender.XssSaxFilterDefender</class>
			<init-param>
				<param-value>/config/lucy/lucy-xss-sax.xml</param-value>		<!-- lucy-xss-filter의 sax용 설정파일 -->
				<param-value>true</param-value>									<!-- 필터링된 코멘트를 남길지 여부, true면 안남김 -->
			</init-param>
			<!-- 게시판, 메일, 방명록 등 HTML 태그 기능이 필요시, SAX 방식을 통해 XssFilterDefender 보다 메모리 소비가 적음 -->
		</defender>
		
		<!-- XssFilter 등록 -->
		<defender>
			<name>xssFilterDefender</name>
			<class>com.navercorp.lucy.security.xss.servletfilter.defender.XssFilterDefender</class>
			<init-param>
				<param-value>/config/lucy/lucy-xss.xml</param-value>			<!-- lucy-xss-filter의 dom용 설정파일 -->
				<param-value>true</param-value>									<!-- 필터링된 코멘트를 남길지 여부, true면 안남김 -->
			</init-param>
			<!-- 게시판, 메일, 방명록 등 HTML 태그 기능이 필요시 -->
		</defender>
	</defenders>
	
	<!-- default defender 선언, 필터링 시 지정한 defender가 없으면 여기 정의된 default defender를 사용해 필터링 한다. -->
	<default>
		<defender>xssPreventerDefender</defender>
	</default>
	
	<!-- global 필터링 룰 선언 -->
	<!-- 
		모든 url에서 들어오는 globalParameter 파라메터는 필터링 되지 않으며
		또한 globalPrefixParameter1로 시작하는 파라메터도 필터링 되지 않는다.
		globalPrefixParameter2는 필터링 되며 globalPrefixParameter3은 필터링 되지 않지만
		더 정확한 표현이 가능하므로 globalPrefixParameter2, globalPrefixParameter3과 같은 불분명한 표현은 사용하지 않는 것이 좋다. 
	-->
	<global>
		<params>
			<param name="globalParameter" useDefender="false" />
			<param name="globalPrefixParameter1" usePrefix="true" useDefender="false" />
			<param name="globalPrefixParameter2" usePrefix="true" />
			<param name="globalPrefixParameter3" usePrefix="false" useDefender="false" />
		</params>
	</global>
	
	<!-- url 별 필터링 룰 선언 -->
	<url-rule-set>
		<!-- ================= 이 아래에 예외 처리할 url-rule 을 추가해 주세요 ================= -->
		<url-rule>
			<url>/sample/showGrid</url>
			<params>
				<param name="searchKeyword">
					<defender>xssSaxFilterDefender</defender>
				</param>
			</params>
		</url-rule>
		<url-rule>
			<url>/admin/goods/saveGoodsContents.do</url>
			<params>
				<param name="content" useDefender="false"></param>
			</params>
		</url-rule>
		<url-rule>
			<url>/admin/operation/saveAutoEalilSendSet.do</url>
			<params>
				<param name="mailContent" useDefender="false">
					<defender>xssSaxFilterDefender</defender>
				</param>
			</params>
		</url-rule>
	</url-rule-set>
</config>