<?xml version="1.0" encoding="UTF-8"?>

<config xmlns="http://www.nhncorp.com/lucy-xss" extends="lucy-xss-superset-sax.xml">
	<elementRule>
		<element name="applet" disable="true" />
		<element name="base" disable="true" />
		<element name="body" disable="true" />
		<element name="form" disable="true" />
		<element name="html" disable="true" />
		<element name="iframe" disable="true" />
		<element name="meta" disable="true" />
		<element name="script" disable="true" />
		<element name="style" disable="true" />
		<element name="textarea" disable="true" />
		<element name="xml" disable="true" />
		<element name="xmp" disable="true" />
		<element name="td" endTag="false" />
		<element name="embed" disable="false" />
		<element name="object" disable="true" />
	</elementRule>
	
	<attributeRule>
		<attribute name="src">
			<allowedPattern><![CDATA[['"]?\s*http://.*]]></allowedPattern>
			<allowedPattern><![CDATA[['"]/image/.*]]></allowedPattern>
			<allowedPattern><![CDATA[['"]/admin/daumeditor/images/deco/contents/emoticon/.*]]></allowedPattern>
		</attribute>
		<attribute name="href">
			<notAllowedPattern><![CDATA[(?i:script)]]></notAllowedPattern>
			<notAllowedPattern><![CDATA[(?i:\.css)]]></notAllowedPattern>
		</attribute>
		<attribute name="style">
			<notAllowedPattern><![CDATA[(?i:expression)]]></notAllowedPattern>
			<notAllowedPattern><![CDATA[(?i:alert)]]></notAllowedPattern>
		</attribute>
	</attributeRule>
</config>