<?xml version="1.0" encoding="UTF-8"?>
<!DOCTYPE mapper PUBLIC "-//mybatis.org//DTD Mapper 3.0//EN" "http://mybatis.org/dtd/mybatis-3-mapper.dtd">
<mapper namespace="com.sorincorp.batch.ev.mapper.CouponSmsMapper">

   <select id="selectLastBsnDe" resultType="int">
   		/* com.sorincorp.batch.ev.mapper.CouponMapper.selectLastBsnDe */
   		SELECT DATEDIFF(D, CONVERT(VARCHAR(10), GETDATE(), 112), dbo.fn_getSettleSttusDe(CONVERT(VARCHAR(10), GETDATE(), 112), 0)); /* 휴일인지 확인 */
   </select>
   
   <select id="selectCouponInfoList" resultType="com.sorincorp.batch.ev.model.CouponSmsVO">
   		/* com.sorincorp.batch.ev.mapper.CouponMapper.selectCouponInfoList */
   		SET TRANSACTION ISOLATION LEVEL READ UNCOMMITTED
        SELECT
            (CASE /* 배치 시간 오전 9시 기준 날짜 계산 */
            	WHEN CONVERT(DATETIME, CLIST.COUPON_ENDDE, 121) BETWEEN DATEADD(DAY, 3, GETDATE()) AND DATEADD(DAY, 4, GETDATE()) THEN '3'
            	WHEN CONVERT(DATETIME, CLIST.COUPON_ENDDE, 121) BETWEEN DATEADD(DAY, 1, GETDATE()) AND DATEADD(DAY, 2, GETDATE()) THEN '2'
			    WHEN CONVERT(DATETIME, CLIST.COUPON_ENDDE, 121) BETWEEN GETDATE() AND DATEADD(DAY, 1, GETDATE()) THEN '1'
			END) AS CouponRank                                                                                      /* 알림톡 순위            */
            , CLIST.COUPON_NM AS COUPON_NM                  /* 쿠폰명                 */
            , CLIST.COUPON_TY_NAME AS COUPON_TY_NAME        /* 쿠폰 타입명             */
            , CLIST.COUPON_ENDDE AS COUPON_ENDDE            /* 쿠폰 종료 일시          */
            , CLIST.ENTRPS_NO AS ENTRPS_NO                  /* 업체 번호               */
        FROM (
            SELECT
                CCIB.COUPON_NM                                                                                        /* 쿠폰명                 */
                , dbo.fn_getCodeNm('COUPON_TY_CODE', CCID.COUPON_TY_CODE) AS COUPON_TY_NAME                             /* 쿠폰 타입명             */
                , CCID.COUPON_ENDDE                                                                                     /* 쿠폰 종료 일시          */
                , CISU.ENTRPS_NO                                                                                        /* 업체 번호               */
            FROM CP_COUPON_INFO_BAS CCIB    /* 쿠폰 정보 기본      */
                INNER JOIN CP_COUPON_INFO_DTL CCID ON CCIB.COUPON_NO =CCID.COUPON_NO AND CCID.DELETE_AT = 'N'   /* 쿠폰 정보 상세      */
                INNER JOIN CP_COUPON_ISU_BAS CISU ON CCID.COUPON_DTL_NO = CISU.COUPON_DTL_NO AND CISU.DELETE_AT = 'N'   /* 쿠폰 발행 기본      */
            WHERE 1=1
                AND CCIB.DELETE_AT = 'N'
            GROUP BY CCIB.COUPON_NM, dbo.fn_getCodeNm('COUPON_TY_CODE', CCID.COUPON_TY_CODE), CCID.COUPON_ENDDE,CISU.ENTRPS_NO
        ) CLIST
   </select>

    <select id="selectMberInfoList" parameterType="com.sorincorp.batch.ev.model.CouponSmsVO" resultType="com.sorincorp.batch.ev.model.CouponSmsVO">
        /* com.sorincorp.batch.ev.mapper.CouponMapper.selectMberInfoList */
        SET TRANSACTION ISOLATION LEVEL READ UNCOMMITTED
        SELECT
            MBER_NO                                         /* 회원 번호        */
             , MOBLPHON_NO                                  /* 휴대전화 번호  */
        FROM MB_MBER_INFO_BAS MMIB
        WHERE 1=1
            AND ENTRPS_NO =#{entrpsNo}
            AND DELETE_AT ='N'
            AND MBER_STTUS_CODE IN ('01','03') 				/* 회원 상태 코드 01 정회원 03 임시회원 */ 
    </select>
    
	<update id="updateCouponInfoList" >
		/* com.sorincorp.batch.ev.mapper.CouponMapper.updateCouponInfoList */
		UPDATE CCIB 
			  SET CCIB.COUPON_STTUS_CODE 		=		 '03'
			FROM CP_COUPON_ISU_BAS CCIB 
			INNER JOIN CP_COUPON_INFO_DTL CDN 
				ON CCIB.COUPON_DTL_NO = CDN.COUPON_DTL_NO
			WHERE CONVERT(DATETIME,CDN.COUPON_ENDDE, 121) <![CDATA[<]]> GETDATE()
				AND CCIB.COUPON_STTUS_CODE IN('01','05')
				AND CDN.DELETE_AT = 'N'
	</update>
    
</mapper>