<?xml version="1.0" encoding="UTF-8"?>
<!DOCTYPE mapper PUBLIC "-//mybatis.org//DTD Mapper 3.0//EN" "http://mybatis.org/dtd/mybatis-3-mapper.dtd">
<mapper namespace="com.sorincorp.comm.order.mapper.CommAvrgpcOrderMapper">

	<!-- 계약_계약 발주 기본 조회 -->
	<select id="selectCnCntrctOrderBas" resultType="com.sorincorp.comm.order.model.CnCntrctOrderBasVO" parameterType="String">
		/******  com.sorincorp.comm.order.mapper.CommAvrgpcOrderMapper.selectCnCntrctOrderBas  ******/
		SET TRANSACTION ISOLATION LEVEL READ UNCOMMITTED
		SELECT
			   CCOB.CNTRCT_NO	                                                                          	 /* 계약 번호                 	   */
		     , CCOB.CNTRCT_ORDER_NO                                                                          /* 계약 발주 번호                 */
		     , CCOB.SLE_MTHD_CODE																			 /* 판매 방식 코드				   */
		     , CCOB.METAL_CODE                                                                               /* 금속 코드                     */
		     , CCOB.ITM_SN                                                                                   /* 아이템 순번                    */
		     , CCOB.DSTRCT_LCLSF_CODE                                                                        /* 권역 대분류 코드                */
		     , CCOB.BRAND_GROUP_CODE                                                                         /* 브랜드 그룹 코드                */
		     , CCOB.BRAND_CODE                                                                               /* 브랜드 코드                    */
		     , CCOB.QP_CODE                                                                                  /* QP 코드                      */
		     , CCOB.UNTPC_DCSN_DE                                                                            /* 단가 확정 일자                	*/
		     , SUBSTRING(CCOB.CNTRCT_YM, 1, 4) + '-' + SUBSTRING(CCOB.CNTRCT_YM, 5, 2) AS CNTRCT_YM			 /* 계약 년월					    */
		  FROM dbo.CN_CNTRCT_ORDER_BAS AS CCOB                                                               /* 계약_계약 발주 기본              */
		 WHERE 1=1
 	<choose>
 		<when test='cntrctOrderNo != null and cntrctOrderNo != ""'>
		   AND CCOB.CNTRCT_ORDER_NO                             = #{cntrctOrderNo}                           /* 계약 발주 번호                 */
 		</when>
 		<otherwise>
 		   AND CCOB.ORDER_NO                             		= #{orderNo}                           		 /* 주문 번호	                   */
 		</otherwise>
 	</choose>
		   AND CCOB.DELETE_AT                                   = 'N'			                             /* 삭제 여부                     */
	</select>

	<!-- 누적 평균 가격 목록 조회 -->
	<select id="selectAccmltAvrgpcList" resultType="com.sorincorp.comm.order.model.OrOrderAvrgpcDtlVO" parameterType="com.sorincorp.comm.order.model.CnCntrctOrderBasVO">
		/******  com.sorincorp.comm.order.mapper.CommAvrgpcOrderMapper.selectAccmltAvrgpcList  ******/
		SET TRANSACTION ISOLATION LEVEL READ UNCOMMITTED
		SELECT
            <choose>
                <when test='customDataCnt == null or customDataCnt lt 1 '>
        			<if test='dataCnt != null and dataCnt != "" '>
        		   	    TOP (#{dataCnt})
        		    </if>
                </when>
                <otherwise>
                        TOP (#{customDataCnt})
                </otherwise>
            </choose>
		       SEADAPB.OCCRRNC_DE                                                                            /* 발생 일자                     */
		     , SEADAPB.METAL_CODE                                                                            /* 금속 코드                     */
		     , SEADAPB.ITM_SN                                                                                /* 아이템 순번                    */
		     , SEADAPB.DSTRCT_LCLSF_CODE                                                                     /* 권역 대분류 코드                */
		     , SEADAPB.BRAND_GROUP_CODE                                                                      /* 브랜드 그룹 코드                */
		     , SEADAPB.BRAND_CODE                                                                            /* 브랜드 코드                    */
		     , ISNULL(SEADAPB.LME_CSP, 0) AS LME_CSP														 /* LME CSP 가격                 */
		     , ISNULL(SEADAPB.USD_CVTRATE, 0) AS USD_CVTRATE                                                 /* 달러환산률                     */
		     , SEADAPB.LME_MDAT_CFFCNT                                                                       /* LME 조정 계수                 */
		     , SEADAPB.FX_MDAT_CFFCNT                                                                        /* FX 조정 계수                  */
		  FROM dbo.ST_EVEMTH_ACCMLT_DALY_AVG_PC_BAS AS SEADAPB                                               /* 통계_월단위 일자별 누적평균가 현황    */
		 WHERE 1=1
		   AND SEADAPB.DELETE_AT = 'N'
		   AND (ISNULL(SEADAPB.LME_CSP, 0) > 0 OR ISNULL(SEADAPB.USD_CVTRATE, 0) > 0) 						 /* LME, 환율 둘다 없는 경우는 제외    */
		 <if test='metalCode != null and metalCode != "" '>
		   AND SEADAPB.METAL_CODE = #{metalCode}															 /* 금속 코드                     */
		 </if>
		 <if test='itmSn != null and itmSn != "" '>
		   AND SEADAPB.ITM_SN = #{itmSn} 																	 /* 아이템 순번                    */
		 </if>
		 <if test='dstrctLclsfCode != null and dstrctLclsfCode != "" '>
		   AND SEADAPB.DSTRCT_LCLSF_CODE = #{dstrctLclsfCode}												 /* 권역 대분류 코드                */
		 </if>
		 <if test='brandGroupCode != null and brandGroupCode != "" '>
		   AND SEADAPB.BRAND_GROUP_CODE = #{brandGroupCode}													 /* 브랜드 그룹 코드                */
		 </if>
		   AND SEADAPB.BRAND_CODE = '0000000000'													 		 /* 브랜드 코드 - 무관              */
         <choose>
            <when test='customDataCnt == null or customDataCnt == 0 '>
        		 <choose>
        		   	<when test='occrrncMt != null and occrrncMt != "" '>
        		   		AND LEFT(SEADAPB.OCCRRNC_DE, 6) = LEFT(#{occrrncMt}, 6)								 		   /* 확정가 - 단가확정 월로 조회  		*/
        		   	</when>
        	   		<when test='dataCnt != null and dataCnt != "" '>
        		   		AND LEFT(SEADAPB.OCCRRNC_DE, 6) <![CDATA[<=]]> CONVERT(CHAR(6), GETDATE(), 112)			  	   /* 당월 이전 포함 조회(최소 데이터 5개) */
        		   	</when>
        		   	<otherwise>
        		   		AND LEFT(SEADAPB.OCCRRNC_DE, 6) = CONVERT(CHAR(6), GETDATE(), 112)							   /* 당 월 조회					*/
        		   	</otherwise>
        		 </choose>
            </when>
            <otherwise>
                AND LEFT(SEADAPB.OCCRRNC_DE, 6) <![CDATA[>=]]> CONVERT(CHAR(6), DATEADD(MONTH, -1, GETDATE()), 112)    /* 이전 월 부터 조회       		*/
            </otherwise>
         </choose>
		 ORDER BY SEADAPB.OCCRRNC_DE DESC
	</select>

	<!-- 이전 n영업일 평균 가격 데이터 조회 -->
	<select id="selectPrevBsnDeAvrgpc" resultType="com.sorincorp.comm.order.model.OrOrderAvrgpcDtlVO" parameterType="com.sorincorp.comm.order.model.CnCntrctOrderBasVO">
		/******  com.sorincorp.fo.pd.mapper.CommAvrgpcOrderMapper.selectPrevBsnDeAvrgpc  ******/
		SET TRANSACTION ISOLATION LEVEL READ UNCOMMITTED
		SELECT ISNULL(AVG(LME_CSP), 0) AS LME_AVRG										 					  /* LME 평균                 	*/
			 , ISNULL(AVG(USD_CVTRATE), 0) AS EHGT_AVRG														  /* 환율 평균                 	*/
		FROM (
				SELECT
					 <if test='"N".equals(avrgpcDcsnUntpcAt)'>
					   TOP 5																				  /* 가단가 - 이전 5영업일 평균	 	*/
					 </if>
				       IIF(SEADAPB.LME_CSP = 0, NULL, SEADAPB.LME_CSP) AS LME_CSP   			              /* LME CSP 가격                 */
				     , IIF(SEADAPB.USD_CVTRATE = 0, NULL, SEADAPB.USD_CVTRATE) AS USD_CVTRATE                 /* 달러환산률                     */
				     , SEADAPB.OCCRRNC_DE
				  FROM dbo.ST_EVEMTH_ACCMLT_DALY_AVG_PC_BAS AS SEADAPB                                        /* 통계_월단위 일자별 누적평균가 현황    */
				 WHERE SEADAPB.DELETE_AT = 'N'
				   AND (ISNULL(SEADAPB.LME_CSP, 0) > 0 OR ISNULL(SEADAPB.USD_CVTRATE, 0) > 0) 				  /* LME, 환율 둘다 없는 경우는 제외    */
		   		  <if test="metalCode != null and metalCode != ''">
				   AND SEADAPB.METAL_CODE = #{metalCode}													  /* 금속 코드                     */
				  </if>
				  <if test="itmSn != null and itmSn != ''">
				   AND SEADAPB.ITM_SN = #{itmSn} 															  /* 아이템 순번                    */
				  </if>
				  <if test="dstrctLclsfCode != null and dstrctLclsfCode != ''">
				   AND SEADAPB.DSTRCT_LCLSF_CODE = #{dstrctLclsfCode}										  /* 권역 대분류 코드                */
				  </if>
				  <if test="brandGroupCode != null and brandGroupCode != ''">
				   AND SEADAPB.BRAND_GROUP_CODE = #{brandGroupCode}											  /* 브랜드 그룹 코드                */
				  </if>
				   AND SEADAPB.BRAND_CODE = '0000000000'													  /* 브랜드 코드 - 무관              */
				  <if test='"Y".equals(avrgpcDcsnUntpcAt) and occrrncMt != null and occrrncMt != ""'>
			   	   AND LEFT(SEADAPB.OCCRRNC_DE, 6) = LEFT(#{occrrncMt}, 6)				  				  	  /* 확정가 - 단가확정 월로 조회  		*/
				  </if>
				 GROUP BY SEADAPB.LME_CSP
				 		, SEADAPB.USD_CVTRATE
				 		, SEADAPB.OCCRRNC_DE
				 <if test='"N".equals(avrgpcDcsnUntpcAt)'>
				 ORDER BY SEADAPB.OCCRRNC_DE DESC													 		  /* 가단가 - 최신 영업일 순 정렬	 	*/
				 </if>
		 	) A
	</select>

	<!-- 주문_주문 평균가 상세 등록 -->
	<insert id="insertOrOrderAvrgpcDtl" parameterType="com.sorincorp.comm.order.model.OrOrderAvrgpcDtlVO">
		/******  com.sorincorp.comm.order.mapper.CommAvrgpcOrderMapper.insertOrOrderAvrgpcDtl  ******/
		INSERT INTO dbo.OR_ORDER_AVRGPC_DTL                                                                  /* 주문_주문 평균가 상세           */
		     (
		       ORDER_NO                                                                                      /* 주문 번호                    */
		     , UNTPC_SE_CODE                                                                                 /* 단가 구분 코드                */
		     , OCCRRNC_DE                                                                                    /* 발생 일자                    */
		     , METAL_CODE                                                                                    /* 금속 코드                    */
		     , ITM_SN                                                                                        /* 아이템 순번                   */
		     , DSTRCT_LCLSF_CODE                                                                             /* 권역 대분류 코드               */
		     , BRAND_GROUP_CODE                                                                              /* 브랜드 그룹 코드               */
		     , BRAND_CODE                                                                                    /* 브랜드 코드                   */
		     , LME_CSP                                                                                       /* LME CSP 가격                */
		     , USD_CVTRATE                                                                                   /* 달러환산률                    */
		     , LME_MDAT_CFFCNT                                                                               /* LME 조정 계수                */
		     , FX_MDAT_CFFCNT                                                                                /* FX 조정 계수                 */
		     , DELETE_DT                                                                                     /* 삭제 일시                    */
		     , DELETE_AT                                                                                     /* 삭제 여부                    */
		     , FRST_REGISTER_ID                                                                              /* 최초 등록자 아이디              */
		     , FRST_REGIST_DT                                                                                /* 최초 등록 일시                 */
		     , LAST_CHANGER_ID                                                                               /* 최종 변경자 아이디              */
		     , LAST_CHANGE_DT                                                                                /* 최종 변경 일시                 */
		     )
		VALUES
		     (
		       #{orderNo}                                                                                    /* 주문 번호                     */
		     , #{untpcSeCode}                                                                                /* 단가 구분 코드                 */
		     , #{occrrncDe}                                                                                  /* 발생 일자                     */
		     , #{metalCode}                                                                                  /* 금속 코드                     */
		     , #{itmSn}                                                                                      /* 아이템 순번                    */
		     , #{dstrctLclsfCode}                                                                            /* 권역 대분류 코드              	*/
		     , #{brandGroupCode}                                                                             /* 브랜드 그룹 코드              	*/
		     , #{brandCode}                                                                                  /* 브랜드 코드                     */
		     , #{lmeCsp}                                                                                     /* LME CSP 가격                  */
		     , #{usdCvtrate}                                                                                 /* 달러환산률                    	 */
		     , #{lmeMdatCffcnt}                                                                              /* LME 조정 계수                 	 */
		     , #{fxMdatCffcnt}                                                                               /* FX 조정 계수                  	 */
		     , NULL			                                                                                 /* 삭제 일시                     	 */
		     , 'N'			                                                                                 /* 삭제 여부                     	 */
		     , #{mberId}                                                                            		 /* 최초 등록자 아이디            	 */
		     , GETDATE()		                                                                             /* 최초 등록 일시                	 */
		     , #{mberId}                                                                              		 /* 최종 변경자 아이디            	 */
		     , GETDATE()		                                                                             /* 최종 변경 일시                	 */
		     )
	</insert>

	<!-- 평균가 주문의 중량정산/단가정산 정보 조회  -->
	<select id="selectOrderExcclcInfo" parameterType="String" resultType="com.sorincorp.comm.order.model.CommExcclcInfoVO">
		/******  com.sorincorp.comm.order.mapper.CommAvrgpcOrderMapper.selectOrderExcclcInfo  ******/
		SET TRANSACTION ISOLATION LEVEL READ UNCOMMITTED
		SELECT OOB.ORDER_NO            																		 /* 주문 번호                     	 */
			 , OOB.SLE_MTHD_CODE																 	 		 /* 판매 방식 코드                	 */
			 , OOB.SLE_MTHD_DETAIL_CODE																 		 /* 판매 방식 상세 코드                */
			 , OOB.SETLE_MTHD_CODE 																 			 /* 결제 방식 코드                   */
			 , OOB.GOODS_UNTPC	  						 										 			 /* 상품 단가                       */
			 , ISNULL(OOIB.AVRGPC_GOODS_UNTPC, 0) AS AVRGPC_GOODS_UNTPC	  									 /* 평균가 상품 단가                 */
			 , ISNULL(OOB.EXCCLC_AMOUNT, 0) AS EXCCLC_AMOUNT 								 				 /* 정산 금액 						 */
			 , ISNULL(OOB.UN_SETLE_AMOUNT, 0) AS UN_SETLE_AMOUNT                                             /* 미 결제 금액                     */
			 , ISNULL(OOB.ADIT_AMOUNT, 0) AS ADIT_AMOUNT                                                     /* 추가 금액                        */
			 , ISNULL(OSB.WT_REFND_AMOUNT, 0) AS WT_REFND_AMOUNT  								 			 /* 중량 환불 금액 					 */
			 , ISNULL(OSB.PC_REFND_AMOUNT, 0) AS PC_REFND_AMOUNT 								 			 /* 단가 환불 금액 					 */
			 , ISNULL(OMB.WT_REPY_AMOUNT, 0) AS WT_REPY_AMOUNT 								 				 /* 중량 상환 금액 					 */
			 , IIF(ISNULL(OMB.PC_REPY_AMOUNT, 0) = 0, ISNULL(OSB.PC_REFND_AMOUNT, 0), OMB.PC_REPY_AMOUNT) AS PC_REPY_AMOUNT  /* 단가 상환 금액 					 */
		  FROM OR_ORDER_BAS AS OOB     													 				 	 /* 주문_주문 기본	  			 	 */
		  LEFT JOIN OR_ORDER_INFO_BAS AS OOIB    													 		 /* 주문_주문 정보 기본	  			 */
		    ON OOB.ORDER_NO = OOIB.ORDER_NO
		   AND OOIB.DELETE_AT = 'N'
		  LEFT JOIN (
		  			  SELECT ORDER_NO
		  			  	   , SUM(IIF(REFND_SE_CODE = '01', CONVERT(BIGINT, DELNG_AMOUNT), 0)) WT_REFND_AMOUNT
		  			  	   , SUM(IIF(REFND_SE_CODE = '02', CONVERT(BIGINT, DELNG_AMOUNT), 0)) PC_REFND_AMOUNT
		  			    FROM OR_SETLE_BAS											 				 	 	 /* 주문_결제 기본	  			 	 */
		  			   WHERE DELETE_AT = 'N'
		  			     AND SETLE_SE_CODE = '10'
		  			     AND SETLE_TY_CODE = '20'
		  			     AND SETLE_STTUS_CODE = '99'											 			 /* 결제 상태 코드 [99: SKIP]        */
		  			   GROUP BY ORDER_NO
		  			) AS OSB
		    ON OOB.ORDER_NO = OSB.ORDER_NO
		  LEFT JOIN (
		  			 SELECT A.ORDER_NO
						  , B.WT_REPY_AMOUNT
						  , B.PC_REPY_AMOUNT
					  FROM OR_MRTGG_BAS A								 				 	 	 			 /* 주문_담보 기본	  			 	 */
					  LEFT JOIN (
								  SELECT MRTGG_NO
									     , SUM(IIF(REPY_SE_CODE = '01', SETLE_AMOUNT, 0)) AS WT_REPY_AMOUNT
									     , SUM(IIF(REPY_SE_CODE = '03', SETLE_AMOUNT, 0)) AS PC_REPY_AMOUNT
									  FROM OR_MRTGG_DTL			 	 	 			 						 /* 주문_담보 상세	  			 	 */
									 WHERE MRTGG_REPY_STTUS_CODE = '99'										 /* 담보 상환 상태 코드 [99: SKIP]     */
									   AND DELETE_AT = 'N'
									 GROUP BY MRTGG_NO
						  		 ) B
						ON B.MRTGG_NO = A.MRTGG_NO
					   AND A.DELETE_AT = 'N'
					 GROUP BY A.ORDER_NO, B.WT_REPY_AMOUNT, B.PC_REPY_AMOUNT
	  			   ) AS OMB
		    ON OOB.ORDER_NO = OMB.ORDER_NO
		 WHERE OOB.DELETE_AT 									= 'N'
		   AND OOB.ORDER_NO                             		= #{orderNo}                           		 /* 주문 번호	                   	 */
	</select>

</mapper>