<?xml version="1.0" encoding="UTF-8"?>
<!DOCTYPE mapper PUBLIC "-//mybatis.org//DTD Mapper 3.0//EN" "http://mybatis.org/dtd/mybatis-3-mapper.dtd">

<mapper namespace="com.sorincorp.comm.order.mapper.CommOrderMapper">

	<!-- 판매 단위 중량(상품별) 및 1회 판매 가능 중량(상품별), 최대 구매 가능 중량(상품별) 가져오기 -->
	<select id="selectItmWtInfo" parameterType="java.lang.Integer" resultType="com.sorincorp.comm.order.model.CommItmWtInfoVO">
		/******  com.sorincorp.comm.order.mapper.CommOrderMapper.selectItmWtInfo  SELECT : IT_ITM_INFO_BAS(상품_아이템 기본)    ******/
		SET TRANSACTION ISOLATION LEVEL READ UNCOMMITTED
		SELECT
			  ISNULL(IIIB.SLE_UNIT_WT, 0) AS SLE_UNIT_WT                              /* 판매 단위 중량              */
			, ISNULL(IIIB.ONCE_SLE_POSS_WT, 0) AS ONCE_SLE_POSS_WT                    /* 1회 판매 가능 중량(상품별)  */
			, ISNULL(IIIB.MXMM_PURCHS_POSS_WT, 0) AS MXMM_PURCHS_POSS_WT              /* 최대 구매 가능 중량(상품별) */
		FROM IT_ITM_INFO_BAS AS IIIB                                                  /* 상품_아이템 기본            */
		WHERE IIIB.ITM_SN = #{itmSn}                                                  /* 아이템 순번                 */
		AND IIIB.DELETE_AT = 'N'                                                      /* 삭제 여부                   */
	</select>

	<!-- 주문 중량에 대한 재고 차감 -->
	<update id="updateMinusInvntryBlInfoBas" parameterType="com.sorincorp.comm.order.model.OrderModel">
		/******  com.sorincorp.comm.order.mapper.CommOrderMapper.updateMinusInvntryBlInfoBas  UPDATE : IT_BL_INFO_BAS(상품_BL 정보 기본)          ******/
		UPDATE dbo.IT_BL_INFO_BAS                                                                            /* 상품_BL 정보 기본             */
		   SET
		  <choose>
		  	<when test="smlqyPurchsAt != null and smlqyPurchsAt eq 'Y'.toString()">
		   	   SMLQY_SLE_INVNTRY_UNSLE_BNT						= ISNULL(SMLQY_SLE_INVNTRY_UNSLE_BNT, 0) - #{blDetail.matchedSleInvntryUnsleBnt}              /* 소량 판매 재고 미판매 잔량     */
		   	 , SMLQY_SLE_INVNTRY_UNSLE_BUNDLE_BNT	  			= ISNULL(SMLQY_SLE_INVNTRY_UNSLE_BUNDLE_BNT, 0) - #{blDetail.matchedSleInvntryUnsleBundleBnt} /* 소량 판매 재고 미판매 번들 잔량  */
		   	</when>
		   	<otherwise>
		   	   SLE_INVNTRY_UNSLE_BNT                           	= ISNULL(SLE_INVNTRY_UNSLE_BNT, 0) - #{blDetail.matchedSleInvntryUnsleBnt}                   /* 판매 재고 미판매 잔량         */
		     , SLE_INVNTRY_UNSLE_BUNDLE_BNT                     = ISNULL(SLE_INVNTRY_UNSLE_BUNDLE_BNT, 0) - #{blDetail.matchedSleInvntryUnsleBundleBnt}      /* 판매 재고 미판매 번들 잔량    */
		   	</otherwise>
		  </choose>
		     , LAST_CHANGER_ID									= #{mberId}                                                                                  /* 최종 변경자 아이디            */
		     , LAST_CHANGE_DT									= GETDATE()                                                                                  /* 최종 변경 일시                */
		   WHERE 1=1
		   AND BL_NO                                            = #{blDetail.blNo}                           /* BL 번호                       */
		   AND DELETE_AT = 'N'
		   <selectKey keyProperty="afterSleInvntryUnsleBnt" resultType="int" order="AFTER">
			SELECT
				SLE_INVNTRY_UNSLE_BNT AS AFTER_SLE_INVNTRY_UNSLE_BNT
			FROM dbo.IT_BL_INFO_BAS
			WHERE	1 = 1
			AND BL_NO                                            = #{blDetail.blNo}                           /* BL 번호                       */
			AND DELETE_AT = 'N'
		   </selectKey>
	</update>

	<!-- 평균가 BL 리스트 조회 -->
	<select id="selectAvrgpcBlList" parameterType="java.lang.String" resultType="com.sorincorp.comm.itemprice.model.ItemPriceMatchingBlInfoVO">
		/******  com.sorincorp.comm.order.mapper.CommOrderMapper.selectAvrgpcBlList    ******/
		SET TRANSACTION ISOLATION LEVEL READ UNCOMMITTED
		SELECT
			  IIIB.ITM_PRDLST_KOREAN	    									      /* 아이템 명                     */
			, IIIB.GOODS_NM                                                           /* 상품 명                      */
			, IBIB.BL_NO                                                              /* BL 번호                     */
			, IBIB.NET_AVRG_WT                                                        /* NET 평균 중량                */
			, IIIB.CTRTC_BEGIN_PERM_WT_RATE  										  /* 계약서 시작 허용 중량 비율 		*/
			, IIIB.CTRTC_END_PERM_WT_RATE											  /* 계약서 종료 허용 중량 비율  		*/
			, IIIB.ITM_SN                                                             /* 아이템 순번                   */
			, IIIB.ITM_PRDLST_KOREAN												  /* 아이템 명                    */
			, IIIB.GOODS_NM                                                           /* 상품 명                      */
			, IBIB.WRHOUS_CODE                                                        /* 창고 코드                     */
			, IBIB.DSTRCT_MLSFC_CODE                                                  /* 권역 중분류 코드                */
			, IBIB2.BRAND_GROUP_CODE                                                  /* 브랜드 그룹 코드                */
			, IBIB2.BRAND_CODE                                                        /* 브랜드 코드                   */
			, CCMAID.INVNTRY_ASGN_NO 												  /* 재고 할당 번호                 */
			, CCOD.ORDER_WT															  /* 주문 중량                		 */
			, CCOD.ORDER_WT AS MATCHED_ORDERED_BNT								  	  /* 주문 중량                		 */
			, CCOD.BUNDLE_WT AS MATCHED_SLE_INVNTRY_UNSLE_BNT						  /* 번들 중량                		 */
			, CCOD.BUNDLE_QY AS MATCHED_SLE_INVNTRY_UNSLE_BUNDLE_BNT				  /* 번들 수량                		 */
			, IBIB.WRHOUSNG_SE_CODE 												  /* 입고 구분 코드 				*/
			, IBIB.WRHOUSNG_PREARNGE_INVNTRY_AT 									  /* 입고 예정 재고 여부 				*/
		 FROM IT_BL_INFO_BAS AS IBIB												  /* 상품_BL 정보 기본           	*/
		INNER JOIN CN_CNTRCT_ORDER_DTL AS CCOD									  	  /* 계약_계약 발주 상세 				*/
		   ON IBIB.BL_NO = CCOD.BL_NO
		INNER JOIN CN_CNTRCT_ORDER_BAS AS CCOB 										  /* 계약_계약 발주 기본           	*/
		   ON CCOD.CNTRCT_ORDER_NO  = CCOB.CNTRCT_ORDER_NO
		 LEFT OUTER JOIN CN_CNTRCT_MT_ASGN_INVNTRY_DTL AS CCMAID  					  /* 계약_계약 월 할당 재고 상세	 	*/
		   ON CCOD.BL_NO = CCMAID.BL_NO
		  AND CCOB.CNTRCT_NO = CCMAID.CNTRCT_NO
		  AND CCOB.CNTRCT_YM = CCMAID.CNTRCT_YM
		  AND CCOB.CNTRCT_YM_SN = CCMAID.CNTRCT_YM_SN
		  AND CCMAID.INVNTRY_ASGN_SE_CODE = (CASE WHEN CCOB.SLE_MTHD_CODE = '01' THEN '10'
		  										  WHEN CCOB.SLE_MTHD_CODE = '04' THEN '20'
		  									  END)
		 LEFT OUTER JOIN IT_ITM_INFO_BAS AS IIIB									  /* 상품_아이템 기본 				*/
		   ON IBIB.ITM_CODE = IIIB.ITM_CODE
		 LEFT OUTER JOIN IT_BRAND_INFO_BAS AS IBIB2									  /* 상품_브랜드 정보 기본			*/
		   ON IBIB.BRAND_CODE = IBIB2.BRAND_CODE
		WHERE CCOD.DELETE_AT = 'N'
		  AND CCOB.DELETE_AT = 'N'
		  AND IBIB.DELETE_AT = 'N'
		  AND CCMAID.DELETE_AT = 'N'
		  AND CCOD.CNTRCT_ORDER_NO = #{cntrctOrderNo}								  /* 계약 발주 번호					*/
		  AND IBIB.SLE_STTUS_CODE = '02'								  			  /* 판매 상태 코드 [02: 판매중]		*/
	</select>

	<select id="selectMetalCode" parameterType="java.lang.Integer" resultType="java.lang.String">
		/******  com.sorincorp.comm.order.mapper.CommOrderMapper.selectMetalCode  SELECT : IT_ITM_INFO_BAS(상품_아이템 기본)    ******/
		SET TRANSACTION ISOLATION LEVEL READ UNCOMMITTED
		SELECT
			METAL_CODE                                                                /* 금속 코드                   */
		FROM IT_ITM_INFO_BAS AS IIIB                                                  /* 상품_아이템 기본            */
		WHERE IIIB.ITM_SN = #{itmSn}                                                  /* 아이템 순번                 */
		AND IIIB.DELETE_AT = 'N'                                                      /* 삭제 여부                   */
	</select>

	<!-- 케이지몰 할증요율 가져오기 -->
	<select id="selectTotAmtTariff" parameterType="com.sorincorp.comm.order.model.OrderModel" resultType="bigdecimal">
		/******  com.sorincorp.comm.order.mapper.CommOrderMapper.selectTotAmtTariff  SELECT : IT_FIXING_PC_WT_TOT_AMT_TARIFF_MANAGE_DTL(상품_고정가 중량 할증 요율 관리 상세)   ******/
		SET TRANSACTION ISOLATION LEVEL READ UNCOMMITTED
		SELECT TOP 1
		     TOT_AMT_TARIFF                                                    /* 할증 요율                               */
		  FROM dbo.IT_FIXING_PC_WT_TOT_AMT_TARIFF_MANAGE_DTL                   /* 상품_고정가 중량 할증 요율 관리 상세    */
		 WHERE ITM_SN = #{itmSn}                                               /* 아이템 순번                             */
		   AND APPLC_DE = (
				SELECT MAX(APPLC_DE) AS APPLC_DE                               /* 적용 일자                               */
				FROM IT_FIXING_PC_WT_TOT_AMT_TARIFF_MANAGE_BAS                 /* 상품_고정가 중량 할증 요율 관리 기본    */
				WHERE ITM_SN = #{itmSn}                                        /* 아이템 순번                             */
				AND APPLC_DE <![CDATA[<=]]> CONVERT(CHAR(8), GETDATE(), 112)   /* 적용 일자                               */
				AND DELETE_AT = 'N'                                            /* 삭제 여부                               */
		   )                                                                   /* 적용 일자                               */
		   AND WT_TOT_AMT_BEGIN <![CDATA[<]]> #{orderWt}                       /* 중량 할증 시작                          */
		   AND WT_TOT_AMT_END >= #{orderWt}                                    /* 중량 할증 종료                          */
		   AND DELETE_AT ='N'                                                  /* 삭제 여부                               */
		 ORDER BY TOT_AMT_TARIFF DESC                                          /* 할증 요율                               */
	</select>

	<select id="getGradeDscAmount" parameterType="String" resultType="Long">
		/******  com.sorincorp.comm.order.mapper.CommOrderMapper.getGradeDscAmount ******/
		SET TRANSACTION ISOLATION LEVEL READ UNCOMMITTED
		SELECT TOP 1
				CASE WHEN MEIB.ENTRPS_NO IN (
												SELECT MEDEB.ENTRPS_NO
												FROM MB_ENTRPS_DSCNT_EXCL_BAS MEDEB 
												WHERE 1=1
												AND MEDEB.DELETE_AT = 'N'
												AND MEDEB.DSCNT_SE_CODE = '02'	-- 페이백
												AND MEDEB.USE_AT = 'N'
											)
		 	 		THEN 0
		 	 		ELSE ISNULL(MEGAM.DSCNT_AMOUNT, 0)
		 	 		END AS DSCNT_AMOUNT
		FROM MB_ENTRPS_INFO_BAS MEIB
		LEFT OUTER JOIN MB_ENTRPS_GRAD_BNEF_BAS MEGBB
			ON MEGBB.ENTRPS_GRAD = MEIB.ENTRPS_GRAD
		   AND MEGBB.DELETE_AT  = 'N'
		   AND MEGBB.OPERTN_DE<![CDATA[<=]]> CONVERT(CHAR(8), GETDATE(), 112)		/* 시행 일자                  */
		LEFT OUTER JOIN MB_ENTRPS_GRAD_METAL_ACCTO_MANAGE_DTL MEGAM
		  	ON MEGBB.ENTRPS_GRAD_SN = MEGAM.ENTRPS_GRAD_SN
		   AND MEGAM.DELETE_AT = 'N'
		WHERE 1=1
		  AND MEIB.ENTRPS_NO = #{entrpsNo}
		  AND MEGAM.METAL_CODE = #{metalCode}
		ORDER BY MEGBB.OPERTN_DE DESC
	</select>

	<select id="selectDlvyTariffInfo" parameterType="com.sorincorp.comm.order.model.OrderModel" resultType="hashmap">
		/******  com.sorincorp.comm.order.mapper.CommOrderMapper.selectDlvyTariffInfo  SELECT : LO_DLVY_TARIFF_BAS(물류_배송 요율 기본)              ******/
		SET TRANSACTION ISOLATION LEVEL READ UNCOMMITTED
		SELECT TOP 1
			<choose>
				<when test="dlivyRequstDe != null and dlivyRequstDe.length != 0">
					(
						CASE WHEN #{dlivyRequstDe} = CONVERT(date,GETDATE())
						THEN (
							CASE WHEN TODAY_DLVY_AT = 'Y'
							THEN
								(
									CASE WHEN LDTB.TODAY_DLVY_TARIFF IS NULL OR LDTB.TODAY_DLVY_TARIFF = 0
									THEN -1
									ELSE LDTB.TODAY_DLVY_TARIFF
									END
								)
							ELSE -1
							END
						)
						ELSE LDTB.DLVY_TARIFF
						END
					) AS DLVY_TARIFF                                                                           /* 배송 요율                     */
				</when>
				<otherwise>
					-1 AS DLVY_TARIFF                                                                          /* 배송 요율                     */
				</otherwise>
			</choose>
			, LDTB.SVC_SE_CODE                                                                                 /* 서비스 구분 코드              */
			, dbo.fn_getCodeNm('DSTRCT_MLSFC_CODE', LDTB.DSTRCT_MLSFC_CODE) AS DSTRCT_MLSFC_NM                 /* 권역 중분류 코드명            */
		FROM LO_DLVY_TARIFF_BAS AS LDTB                                                                        /* 물류_배송 요율 기본           */
		<choose>
			<when test="dlvrgNo != null and dlvrgNo.length != 0">
				LEFT JOIN MB_DLVRG_BAS MDB                                                                     /* 회원_배송지 기본              */
				    ON MDB.ENTRPS_NO = #{entrpsNo}                                                             /* 업체 번호                     */
				    AND MDB.DLVRG_NO  = #{dlvrgNo}                                                             /* 배송지 번호                   */
				    AND MDB.DELETE_AT ='N'                                                                     /* 삭제 여부                     */
				WHERE LDTB.DSTRCT_MLSFC_CODE = #{dstrctMlsfcCode}                                              /* 권역 중분류 코드              */
				AND CAST(LDTB.POST_NO_BEGIN AS INT) <![CDATA[<=]]> CAST(MDB.POST_NO AS INT)                    /* 우편 번호 시작                */
				AND CAST(LDTB.POST_NO_END AS INT) >= CAST(MDB.POST_NO AS INT)                                  /* 우편 번호 끝                  */
				AND LDTB.VHCLE_TON_CODE = #{vhcleTonCode}													   /* 차량 톤 코드 					*/
				AND LDTB.DELETE_AT ='N'
			</when>
			<otherwise>
				WHERE LDTB.DSTRCT_MLSFC_CODE = #{dstrctMlsfcCode}                                              /* 권역 중분류 코드              */
				AND CAST(LDTB.POST_NO_BEGIN AS INT) <![CDATA[<=]]> CAST(#{dlvrgPostNo} AS INT)                 /* 우편 번호 시작                */
				AND CAST(LDTB.POST_NO_END AS INT) >= CAST(#{dlvrgPostNo} AS INT)                               /* 우편 번호 끝                  */
				AND LDTB.VHCLE_TON_CODE = #{vhcleTonCode}													   /* 차량 톤 코드 					*/
				AND LDTB.DELETE_AT ='N'
			</otherwise>
		</choose>
		<choose>
			<when test="sameDayDeliveryAt != null and sameDayDeliveryAt == 'Y'.toString()">
				ORDER BY LDTB.TODAY_DLVY_TARIFF DESC
			</when>
			<otherwise>
				ORDER BY LDTB.DLVY_TARIFF DESC
			</otherwise>
		</choose>
	</select>

	<!-- ITM_SN(아이템 순번)에 해당되는 IT_ITM_INFO_BAS(상품_아이템 기본)의 WT_CHANGE(중량 변동) 값을 가져온다. -->
	<select id="selectWtChange" parameterType="com.sorincorp.comm.order.model.OrderModel" resultType="bigdecimal">
		/******  com.sorincorp.comm.order.mapper.CommOrderMapper.selectWtChange  SELECT : IT_METAL_ITM_WT_CHANGE_BAS(상품_고정가 중량 할증 요율 관리 상세)   ******/
		SET TRANSACTION ISOLATION LEVEL READ UNCOMMITTED
        /** 유통사이면서 최대주문수량 25MT 설정업체 중량변동금 1로 고정 (2023.08.14 상품_아이템 기본 테이블 WT_CHANGE 값 사용으로 변경)**/
        SELECT
                 IMIWCB.WT_CHANGE
        FROM IT_METAL_ITM_WT_CHANGE_BAS IMIWCB
        WHERE IMIWCB.ITM_SN = #{itmSn}
          AND IMIWCB.ORDER_WT = #{orderWt}
          AND IMIWCB.DELETE_AT = 'N'
	</select>

	<!-- 주문 시 케이지배송 할인 여부 -->
	<select id="selectDlvrfDscntAt" parameterType="String" resultType="String">
		/******  com.sorincorp.comm.order.mapper.CommOrderMapper.selectDlvrfDscntAt ******/
		SET TRANSACTION ISOLATION LEVEL READ UNCOMMITTED
		SELECT
			ISNULL(DLVRF_DSCNT_AT,'N') AS DLVRF_DSCNT_AT
		FROM MB_ENTRPS_INFO_BAS
		WHERE ENTRPS_NO = #{value}
		AND DELETE_AT = 'N'
	</select>

	<!-- 선택한 배송비쿠폰 번호 리스트 리턴 (임시)-->
	<select id="selectDlvyCouponSeqNo" resultType="com.sorincorp.comm.order.model.CouponVO">
		/******  com.sorincorp.comm.order.mapper.CommOrderMapper.selectDlvyCouponSeqNo  ******/
		SET TRANSACTION ISOLATION LEVEL READ UNCOMMITTED
		SELECT CONVERT(CHAR(15),CI.COUPON_SEQ_NO) AS COUPON_SEQ_NO
				, PCIB.COUPON_EVENT_NO
				, PCIB.PROMTN_NO
				, PCIB.COUPON_TYPE
				, PCIB.COUPON_SE_CODE
				, CASE WHEN PCIB.COUPON_SE_CODE = '02' THEN #{dscntExpectDlvrf}
				WHEN PCIB.COUPON_SE_CODE = '03' THEN PCIB.COUPON_DSCNT_AMOUNT
				ELSE PCIB.COUPON_DSCNT_AMOUNT END AS COUPON_DSCNT_AMOUNT
		FROM EV_COUPON_ISU CI
		INNER JOIN EV_PROMTN_COUPON_INFO_BAS PCIB
		ON CI.COUPON_EVENT_NO  = PCIB.COUPON_EVENT_NO
		WHERE 1=1
		AND CI.ENTRPS_NO = #{entrpsNo}
		<if test="couponSeqNoArray != 1 and  couponSeqNoArray != 0">
			AND CI.COUPON_SEQ_NO IN (
			<foreach collection="couponSeqNoArray" item="arr" separator=",">
				#{arr}
			</foreach>
			)
		</if>
		<if test="couponSeqNoArray == 1">
			AND CI.COUPON_SEQ_NO = #{couponSeqNo}
		</if>
		<if test="!@com.sorincorp.comm.util.CommonUtil@isEmpty(couponDplctUseLmttQyAt)">
			AND PCIB.COUPON_DPLCT_USE_LMTT_QY_AT = #{couponDplctUseLmttQyAt}
		</if>
		AND CONVERT(CHAR(8), GETDATE(), 112) BETWEEN PCIB.COUPON_BEGIN_DE AND PCIB.COUPON_END_DE
		AND CI.COUPON_USE_AT = 'N'
	</select>

	<!-- 선택한 단가 쿠폰번호 리스트 리턴 (임시) -->
	<select id="selectUntpcCouponSeqNo" resultType="com.sorincorp.comm.order.model.CouponVO">
		/******  com.sorincorp.comm.order.mapper.CommOrderMapper.selectUntpcCouponSeqNo  ******/
		SET TRANSACTION ISOLATION LEVEL READ UNCOMMITTED
		SELECT
			ccib.COUPON_SN AS COUPON_SN,				
			ccid.UNTPC_DSCNT_AMOUNT AS UNTPC_DSCNT_AMOUNT,
			ccid.COUPON_DTL_NO AS COUPON_DTL_NO ,
			ccib.ENTRPS_NO AS ENTRPS_NO,
			ccid.UNTPC_DSCNT_AMOUNT  AS COUPON_DSCNT_AMOUNT,
			ccid.COUPON_TY_CODE,
			ccid.ATM_ISGN_AT AS ATM_ISGN_AT
		FROM CP_COUPON_ISU_BAS ccib
			JOIN CP_COUPON_INFO_DTL ccid ON ccid.COUPON_DTL_NO = ccib.COUPON_DTL_NO
			JOIN CP_COUPON_INFO_BAS ccib2 ON ccib2.COUPON_NO = ccid.COUPON_NO
		WHERE ccib.ENTRPS_NO = #{entrpsNo}
		AND	CONVERT(CHAR(8), GETDATE(), 112) BETWEEN ccid.COUPON_BGNDE AND ccid.COUPON_ENDDE
		AND ccib.COUPON_STTUS_CODE = '01'
		AND ccib.DELETE_AT = 'N'
		AND ccib.COUPON_SN IN (
		<foreach collection="couponSeqNoArray" item="arr" separator=",">
			#{arr}
		</foreach>
		)
	</select>

	<select id="getAvrgpcDelngAmountRateCodeNm" parameterType="String" resultType="String">
		/******  com.sorincorp.comm.order.mapper.CommOrderMapper.getAvrgpcDelngAmountRateCodeNm ******/
		SET TRANSACTION ISOLATION LEVEL READ UNCOMMITTED
		SELECT
			 dbo.fn_getCodeNm('AVRGPC_DELNG_AMOUNT_RATE_CODE', MEIB.AVRGPC_DELNG_AMOUNT_RATE_CODE)	/* 평균가 거래 금액 비율 코드         */
		FROM MB_ENTRPS_INFO_BAS MEIB			  /* 회원_업체 정보 기본          	 */
		WHERE MEIB.DELETE_AT = 'N' 				  /* 삭제 여부                     */
		  AND MEIB.ENTRPS_NO = #{entrpsNo}		  /* 업체 번호                     */
	</select>

	<select id="getRequiredEntrpsSetleMnInfo" resultType="com.sorincorp.comm.order.model.OrderEntrpsSetleMnVO">
		/******  com.sorincorp.comm.order.mapper.CommOrderMapper.getRequiredEntrpsSetleMnInfo  SELECT : IT_CDTLN_MANAGE_BAS(상품_여신 관리 기본), GTX_API_CDRATE(CD금리 인터페이스 테이블)    ******/
		SET TRANSACTION ISOLATION LEVEL READ UNCOMMITTED
		SELECT
			  MRTGG_GRNTY_SORINSUPRR_ADDI_INRST                                                                               /* 전자상거래보증 케이지트레이딩 가산 금리                  */
			, MRTGG_GRNTY_FYER_BANKING_DAYCNT                                                                                 /* 전자상거래보증 연간 뱅킹 일수                      */
			, MRTGG_GRNTY_NINTR_DAYCNT                                                                                        /* 담보보증 무이자 일수                               */
			, (
				CASE WHEN CD_INRST_USE_AT = 'Y'
				THEN INT_RATE_SELL
				ELSE 0
				END
			) AS CD_INRST                                                                                                	  /* CD금리                                             */
		FROM (
			SELECT
				  ISNULL(ICMB.MRTGG_GRNTY_SORINSUPRR_ADDI_INRST, 0) AS MRTGG_GRNTY_SORINSUPRR_ADDI_INRST                      /* 전자상거래보증 케이지트레이딩 가산 금리                  */
				, ISNULL(ICMB.MRTGG_GRNTY_FYER_BANKING_DAYCNT, 0) AS MRTGG_GRNTY_FYER_BANKING_DAYCNT                          /* 전자상거래보증 연간 뱅킹 일수                      */
				, ISNULL(ICMB.CD_INRST_USE_AT, 'Y') AS CD_INRST_USE_AT                                                        /* CD 금리 사용 여부                                  */
				, ISNULL(ICMB.MRTGGGRNTY_NINTR_DAYCNT, 0) AS MRTGG_GRNTY_NINTR_DAYCNT                                         /* 담보보증 무이자 일수                               */
				, ISNULL(GAC.INT_RATE_SELL, 0) AS INT_RATE_SELL                                                               /* CD금리                                             */
			FROM (
				SELECT 'CDTLN' AS STDR_SE                                                                                     /* 조인 기준 테이블                                   */
			) STDRTAB LEFT OUTER JOIN (
				SELECT
					  MRTGGGRNTY_SORINSUPRR_ADDI_INRST AS MRTGG_GRNTY_SORINSUPRR_ADDI_INRST                                   /* 전자상거래보증 케이지트레이딩 가산 금리                  */
					, MRTGGGRNTY_FYER_BANKING_DAYCNT AS MRTGG_GRNTY_FYER_BANKING_DAYCNT                                       /* 전자상거래보증 연간 뱅킹 일수                      */
					, CD_INRST_USE_AT                                                                                         /* CD 금리 사용 여부                                  */
					, MRTGGGRNTY_NINTR_DAYCNT                                                                                 /* 담보보증 무이자 일수                               */
				FROM IT_CDTLN_MANAGE_BAS                                                                                      /* 상품_여신 관리 기본                                */
				WHERE APPLC_DE = (
					SELECT MAX(APPLC_DE) AS APPLC_DE
					FROM IT_CDTLN_MANAGE_BAS
					WHERE APPLC_DE <![CDATA[<=]]> CONVERT(CHAR(8), GETDATE(), 112)
					AND DELETE_AT = 'N'
				)                                                                                                             /* 적용 일자                                          */
			) ICMB
			    ON 1=1
			LEFT OUTER JOIN (
				SELECT
					(INT_RATE_SELL / 100) AS INT_RATE_SELL                                                                    /* 매도                                               */
				FROM GTX_API_CDRATE                                                                                           /* CD 금리                                            */
				WHERE REF_DATE = (SELECT MAX(REF_DATE) FROM GTX_API_CDRATE)                                                   /* 요청일자(전일 기준)                                */
			) GAC
			    ON 1=1
		) TAB
	</select>
</mapper>