<?xml version="1.0" encoding="UTF-8"?>
<!DOCTYPE mapper PUBLIC "-//mybatis.org//DTD Mapper 3.0//EN" "http://mybatis.org/dtd/mybatis-3-mapper.dtd">

<mapper namespace="com.sorincorp.comm.common.mapper.CommonMapper">

    <select id="selectColumnList" parameterType="String" resultType="hashMap">
        /* common.selectColumnList */
        SET TRANSACTION ISOLATION LEVEL READ UNCOMMITTED
        SELECT COLS.COLUMN_NAME, IIF(PK.COLUMN_NAME IS NULL, 'N', 'Y') AS PRIMARY_KEY, IIF(F.COLUMN_NAME IS NULL, 'N', 'Y') AS FOREIGN_KEY
          , CASE WHEN COLUMNPROPERTY(OBJECT_ID('IT_BL_INFO_HIST_DTL'), COLS.COLUMN_NAME, 'IsIdentity') = 1 THEN 'Y'
          ELSE 'N' END IDNTY
          FROM INFORMATION_SCHEMA.COLUMNS COLS
          LEFT OUTER JOIN (
                          SELECT TABLE_NAME, COLUMN_NAME FROM INFORMATION_SCHEMA.KEY_COLUMN_USAGE KCU
                            LEFT OUTER JOIN SYS.OBJECTS OBJ ON OBJ.NAME = KCU.CONSTRAINT_NAME
                           WHERE OBJ.type = 'PK'
                          ) PK ON COLS.TABLE_NAME = PK.TABLE_NAME AND COLS.COLUMN_NAME = PK.COLUMN_NAME
          LEFT OUTER JOIN (
                          SELECT TABLE_NAME, COLUMN_NAME FROM INFORMATION_SCHEMA.KEY_COLUMN_USAGE KCU
                            LEFT OUTER JOIN SYS.OBJECTS OBJ ON OBJ.NAME = KCU.CONSTRAINT_NAME
                           WHERE OBJ.type = 'F'
                          ) F ON COLS.TABLE_NAME = F.TABLE_NAME AND COLS.COLUMN_NAME = F.COLUMN_NAME
         WHERE COLS.TABLE_NAME = #{objectName}
         ORDER BY ISNULL(COLS.ORDINAL_POSITION,99999), COLS.ORDINAL_POSITION
    </select>

    <select id="selectTableExist" parameterType="String" resultType="int">
        /*common.selectTableExist*/
        SET TRANSACTION ISOLATION LEVEL READ UNCOMMITTED
        SELECT COUNT(*) FROM INFORMATION_SCHEMA.TABLES WHERE TABLE_NAME = #{objectName}
    </select>

    <select id="selectTableEqual" parameterType="String" resultType="int">
        /*common.selectTableEqual*/
        SET TRANSACTION ISOLATION LEVEL READ UNCOMMITTED
        SELECT COUNT(*) FROM
        (
            SELECT
            COLUMN_NAME
            FROM INFORMATION_SCHEMA.COLUMNS WHERE TABLE_NAME = #{objectName}
            EXCEPT
            SELECT
            COLUMN_NAME
            FROM INFORMATION_SCHEMA.COLUMNS WHERE TABLE_NAME = #{objectName} + '_HST'
        ) A
    </select>

    <insert id="customQueryExecute" parameterType="String" >
        /* common.customQueryExecute */
        ${value}
    </insert>

    <select id="selectBlSleSttusCodeChgData" parameterType="String" resultType="com.sorincorp.comm.common.model.BlSleSttusCodeChgVO">
        /*  common.selectBlSleSttusCodeChgData */
        <![CDATA[
        SET TRANSACTION ISOLATION LEVEL READ UNCOMMITTED
        SELECT
           IBIB.BL_NO
           , IPIB.BL_NO AS PO_BL_NO
           , dbo.fn_getBlSellStopCheck(IBIB.BL_NO) AS BL_EXPIRY_YN                                                                  /*  만기여부  */
           , dbo.fn_getFtrsExprtnCheck(IBIB.BL_NO) AS FTRS_EXPIRY_YN                                                                /* 선물 만기일-1 여부  */
           , dbo.fn_getFshgExprtnCheck(IBIB.BL_NO) AS FSHG_EXPIRY_YN                                                                /* 선물환 만기일-2 여부 */
           , CASE
                WHEN ISNULL(FSHG_DELNG_DOLLAR_ORG_AMOUNT, 0) = 0 OR ISNULL(FSHG_DLRY_ORG_WT, 0) = 0 THEN 'Y'
                WHEN (FSHG_DELNG_DOLLAR_ORG_AMOUNT % FSHG_DLRY_ORG_WT) = 0 THEN 'N'
                WHEN (FSHG_DELNG_DOLLAR_ORG_AMOUNT / FSHG_DLRY_ORG_WT * (IIIB.SLE_UNIT_WT/1000)) % 1 = 0 THEN 'N'
                WHEN ROUND(FSHG_DELNG_DOLLAR_ORG_AMOUNT/FSHG_DLRY_ORG_WT, 3, -1) != ROUND(FSHG_DELNG_DOLLAR_ORG_AMOUNT/FSHG_DLRY_ORG_WT, 2, -1) THEN 'Y'
                ELSE 'N'
             END AS DECIMAL_YN                                                                                                      /*  선물환달러금액/선물환배부중량 나머지 소수점여부  */
           , (SELECT COUNT(*) FROM dbo.LQD_INT_DAT_RES WHERE CLI_ORD_NO = IPIB.FSHG_MANAGE_NO) AS FSHG_MANAGE_NO_CNT                /*  선물환관리번호 카운트 */
           , ISNULL(IPIB.FSHG_MANAGE_NO, '') AS FSHG_MANAGE_NO                                                                      /*  선물환관리번호  */
           , ISNULL(IPIB.FTRS_THSEX_CNTRCT_NO, '') AS FTRS_THSEX_CNTRCT_NO                                                          /*  선물 삼성 계약 번호 */
           , IBIB.SLE_STTUS_CODE                                                                                                    /*  판매상태코드 */
           , ISNULL(IBIB.ENTR_AT, 'N') AS ENTR_AT                                                                                   /*  통관여부 */
           , FTRS_DELNG_LOT_ORG_QY                                                                                                  /*  선물최초LOT 수량         */
           , FSHG_DLRY_ORG_WT                                                                                                       /*  선물환 최초 중량         */
           , FSHG_DELNG_DOLLAR_ORG_AMOUNT                                                                                           /*  선물환 최초 체결 금액     */
           , IBIB.SLE_IMPRTY_RESN
           , ISNULL(IBIB.EC_ASGN_COMPT_BUNDLE_INVNTRY, 0) - ISNULL(CCMAID.SETLE_BUNDLE_INVNTRY, 0) AS EC_ASGN_BNT_BUNDLE_INVNTRY    /* EC 할당 잔량 번들 재고 */
           , ISNULL(IBIB.SLE_INVNTRY_UNSLE_BUNDLE_BNT, 0) + ISNULL(IBIB.SMLQY_SLE_INVNTRY_UNSLE_BUNDLE_BNT, 0) AS SLE_INVNTRY_UNSLE_BUNDLE_BNT  /*  판매 재고 미판매 번들 잔량     */
           , IBIB.WRHOUS_SLE_UNSETUP_BUNDLE_INVNTRY                                                                                 /*  창고 판매 미설정 번들 재고     */
           , IPIB.FTRSPROFS_SE_CODE                                                                                                 /* 선물사 구분 코드(TCODE)     */
           , ISNULL(IBIB.SMLQY_SLE_INVNTRY_UNSLE_BUNDLE_BNT, 0) AS SMLQY_SLE_INVNTRY_UNSLE_BUNDLE_BNT 														/* 소량구매 미판 번들 수 */
           , ISNULL(IBIB.SMLQY_SLE_FTRS_AT, '')	AS SMLQY_SLE_FTRS_AT																								/* 소량구매 선물 여부 */
           , ISNULL(IBIB.SLE_INVNTRY_UNSLE_BNT, 0) AS SLE_INVNTRY_UNSLE_BNT    /* 판매 재고 미판매 잔량 MT */
           , (IIIB.SLE_UNIT_WT*0.001)*(1-IIIB.CTRTC_BEGIN_PERM_WT_RATE*0.01) AS CACUL_PERM_WT_RATE			/* 최소 판매 중량 */
           , IIIB.FTRS_PROCESS_AT
         FROM dbo.IT_BL_INFO_BAS AS IBIB
         LEFT OUTER JOIN dbo.IT_PURCHS_INFO_BAS AS IPIB
           ON IBIB.BL_NO = IPIB.BL_NO
        INNER JOIN dbo.IT_ITM_INFO_BAS AS IIIB
           ON IIIB.ITM_CODE = IBIB.ITM_CODE
        LEFT OUTER JOIN (
          	SELECT 
          		  BL_NO
          		, SUM(ISNULL(SETLE_INVNTRY, 0)) AS SETLE_INVNTRY                    /* 결제 재고 */
          		, SUM(ISNULL(SETLE_BUNDLE_INVNTRY, 0)) AS SETLE_BUNDLE_INVNTRY      /* 결제 번들 재고 */
          	FROM dbo.CN_CNTRCT_MT_ASGN_INVNTRY_DTL  
          	GROUP BY BL_NO
          ) AS CCMAID
            ON IBIB.BL_NO = CCMAID.BL_NO
        WHERE 1=1
          AND IBIB.BL_NO                                           = #{blNo}
          AND IBIB.SLE_STTUS_CODE                                 != '05'         
          AND ISNULL(IPIB.DELETE_AT, 'N')                          = 'N'
          AND ISNULL(IBIB.DELETE_AT, 'N')                          = 'N'
          AND ISNULL(IIIB.DELETE_AT, 'N')                          = 'N'          
         ]]>
    </select>

    <update id="updateItBlSleSttus" parameterType="com.sorincorp.comm.common.model.BlSleSttusCodeChgVO">
        /*  common.updateItBlInfoBas*/
        UPDATE dbo.IT_BL_INFO_BAS
            SET
                SLE_STTUS_CODE                          = #{sleSttusCode}
                , SLE_IMPRTY_RESN                       = #{sleImprtyResn}
                , LAST_CHANGER_ID                       = #{lastChangerId}
                , LAST_CHANGE_DT                        = GETDATE()
        WHERE 1=1
          AND BL_NO                                     = #{blNo}
    </update>

    <insert id="insertItBlInfoBasHst" parameterType="String">
        /*  common.insertItBlInfoBasHst */
        /******  INSERT : IT_BL_INFO_BAS_HST(상품_BL 정보 기본 이력)                                                                     ******/
        SET TRANSACTION ISOLATION LEVEL READ UNCOMMITTED
        INSERT INTO dbo.IT_BL_INFO_BAS_HST                                                                   /* 상품_BL 정보 기본 이력        */
        (
               BL_NO                                                                                         /* BL 번호                       */
             , WRHOUS_CODE                                                                                   /* 창고 코드                     */
             , DSTRCT_LCLSF_CODE                                                                             /* 권역 대분류 코드              */
             , DSTRCT_MLSFC_CODE                                                                             /* 권역 중분류 코드              */
             , WRHOUS_CELL_LC                                                                                /* 창고 CELL 위치                */
             , METAL_CODE                                                                                    /* 금속 코드                     */
             , ITM_CODE                                                                                      /* 아이템 코드                   */
             , BRAND_CODE                                                                                    /* 브랜드 코드                   */
             , PRDUCT_NM                                                                                     /* 제품 명                       */
             , CHCY                                                                                          /* 보관료                        */
             , CSTDY_DE_CO                                                                                   /* 보관 일 수                    */
             , BSIS_WRHOUSNG_INVNTRY                                                                         /* 기초 입고 재고                */
             , BSIS_WRHOUSNG_BUNDLE_INVNTRY                                                                  /* 기초 입고 번들 재고           */
             , BSIS_MALICIOUS_BADN_INVNTRY                                                                   /* 기초 악성 불량 재고           */
             , BSIS_MALICIOUS_BADN_BUNDLE_INVNTRY                                                            /* 기초 악성 불량 번들 재고      */
             , BSIS_INVNTRY                                                                                  /* 기초 재고                     */
             , BSIS_BUNDLE_INVNTRY                                                                           /* 기초 번들 재고                */
             , SLE_SETUP_BUNDLE_CO                                                                           /* 판매 설정 번들 수             */
             , SLE_SETUP_WT                                                                                  /* 판매 설정 중량                */
             , SLE_INVNTRY_UNSLE_BNT                                                                         /* 판매 재고 미판매 잔량         */
             , SLE_INVNTRY_UNSLE_BUNDLE_BNT                                                                  /* 판매 재고 미판매 번들 잔량    */
             , EC_SLE_COMPT_INVNTRY                                                                          /* EC 판매 완료 재고             */
             , EC_SLE_COMPT_BUNDLE_INVNTRY                                                                   /* EC 판매 완료 번들 재고        */
             , EC_DLIVY_INVNTRY                                                                              /* EC 출고 재고                  */
             , EC_DLIVY_BUNDLE_INVNTRY                                                                       /* EC 출고 번들 재고             */
             , EC_NOOTG_INVNTRY                                                                              /* EC 미출고 재고                */
             , EC_NOOTG_BUNDLE_INVNTRY                                                                       /* EC 미출고 번들 재고           */
             , WRHOUS_NOOTG_INVNTRY                                                                          /* 창고 미출고 재고              */
             , WRHOUS_NOOTG_BUNDLE_INVNTRY                                                                   /* 창고 미출고 번들 재고         */
             , WRHOUS_SLE_UNSETUP_INVNTRY                                                                    /* 창고 판매 미설정 재고         */
             , WRHOUS_SLE_UNSETUP_BUNDLE_INVNTRY                                                             /* 창고 판매 미설정 번들 재고    */
             , TRMEND_INVNTRY                                                                                /* 기말 재고                     */
             , TRMEND_BUNDLE_INVNTRY                                                                         /* 기말 번들 재고                */
             , WRHOUSNG_DE                                                                                   /* 입고 일자                     */
             , ENTR_DE                                                                                       /* 통관 일자                     */
             , ARVL_PREARNGE_DT                                                                              /* 도착 예정 일시                */
             , NET_WT                                                                                        /* NET 중량                      */
             , GROSS_WT                                                                                      /* GROSS 중량                    */
             , NET_AVRG_WT                                                                                   /* NET 평균 중량                 */
             , GROSS_AVRG_WT                                                                                 /* GROSS 평균 중량               */
             , LOT_QY                                                                                        /* LOT 수량                      */
             , SLE_STTUS_CODE                                                                                /* 판매 상태 코드                */
             , PURCHS_ORDER_NO                                                                               /* 구매 주문 번호                */
             , PURCHS_LINE_NO                                                                                /* 구매 라인 번호                */
             , FRGHT_MANAGE_NO                                                                               /* 화물 관리 번호                */
             , DELETE_AT                                                                                     /* 삭제 여부                     */
             , DELETE_DT                                                                                     /* 삭제 일시                     */
             , FRST_REGISTER_ID                                                                              /* 최초 등록자 아이디            */
             , FRST_REGIST_DT                                                                                /* 최초 등록 일시                */
             , LAST_CHANGER_ID                                                                               /* 최종 변경자 아이디            */
             , LAST_CHANGE_DT                                                                                /* 최종 변경 일시                */
             , WRHOUSNG_SE_CODE                                                                              /* 입고 구분 코드                */
             , FTRS_DELNG_LOT_QY                                                                             /* 선물 거래 LOT 수량            */
             , ENTR_AT                                                                                       /* 통관 여부                     */
             , SLE_IMPRTY_RESN                                                                               /* 판매불가 사유                 */
             , BEGIN_PERM_WT_RATE                                                                            /* 시작 허용 중량 비율           */
             , END_PERM_WT_RATE                                                                              /* 종료 혀용 중량 비율           */
             , WRHOUS_ARVLDE                                                                                 /* 창고 도착일                   */
             , SLE_POSSDE                                                                                    /* 판매 가능일                   */
             , WRHOUSNG_PREARNGE_INVNTRY_AT                                                                  /* 입고 예정 재고 여부           */
             , STS_PURCHS_ORDER_TY                                                                           /* STS 구매 주문 타입            */
             , ADJST_INVNTRY                                                                                 /* 재고조정 재고                 */
             , ADJST_INVNTRY_BUNDLE                                                                          /* 재고조정 재고 번들            */
             , EC_ASGN_COMPT_INVNTRY                                                                         /* EC 할당 완료 재고             */
             , EC_ASGN_COMPT_BUNDLE_INVNTRY                                                                  /* EC 할당 완료 번들 재고        */
             
             , DLVY_RQESTDE_ADJUST                                                                           /* 배송요청일 조정               */
             , BL_RMRK                                                                                       /* 비고                          */
             , AGENT_ID                                                                                      /* 에이전트 아이디               */
             , RMNDR_DSCNT                                                                                   /* 추가 할인                     */
             , SMLQY_SLE_SETUP_WT                                                                            /* 소량 판매 설정 중량           */
             , SMLQY_SLE_SETUP_BUNDLE_CO                                                                     /* 소량 판매 설정 번들 수        */
             , SMLQY_EC_SLE_COMPT_INVNTRY                                                                    /* 소량 EC 판매 완료 재고        */
             , SMLQY_EC_SLE_COMPT_BUNDLE_INVNTRY                                                             /* 소량 EC 판매 완료 번들 재고   */
             , SMLQY_SLE_INVNTRY_UNSLE_BNT                                                                   /* 소량 판매 재고 미판매 잔량    */
             , SMLQY_SLE_INVNTRY_UNSLE_BUNDLE_BNT                                                            /* 소량 판매 재고 미판매 번들 잔량 */
             , SMLQY_SLE_FTRS_AT                                                                             /* 소량 판매 선물 여부           */
        )
        SELECT TOP 1
               IBIB.BL_NO                                                                                   /* BL 번호                       */
             , IBIB.WRHOUS_CODE                                                                             /* 창고 코드                     */
             , IBIB.DSTRCT_LCLSF_CODE                                                                       /* 권역 대분류 코드              */
             , IBIB.DSTRCT_MLSFC_CODE                                                                       /* 권역 중분류 코드              */
             , IBIB.WRHOUS_CELL_LC                                                                          /* 창고 CELL 위치                */
             , IBIB.METAL_CODE                                                                              /* 금속 코드                     */
             , IBIB.ITM_CODE                                                                                /* 아이템 코드                   */
             , IBIB.BRAND_CODE                                                                              /* 브랜드 코드                   */
             , IBIB.PRDUCT_NM                                                                               /* 제품 명                       */
             , IBIB.CHCY                                                                                    /* 보관료                        */
             , IBIB.CSTDY_DE_CO                                                                             /* 보관 일 수                    */
             , IBIB.BSIS_WRHOUSNG_INVNTRY                                                                   /* 기초 입고 재고                */
             , IBIB.BSIS_WRHOUSNG_BUNDLE_INVNTRY                                                            /* 기초 입고 번들 재고           */
             , IBIB.BSIS_MALICIOUS_BADN_INVNTRY                                                             /* 기초 악성 불량 재고           */
             , IBIB.BSIS_MALICIOUS_BADN_BUNDLE_INVNTRY                                                      /* 기초 악성 불량 번들 재고      */
             , IBIB.BSIS_INVNTRY                                                                            /* 기초 재고                     */
             , IBIB.BSIS_BUNDLE_INVNTRY                                                                     /* 기초 번들 재고                */
             , IBIB.SLE_SETUP_BUNDLE_CO                                                                     /* 판매 설정 번들 수             */
             , IBIB.SLE_SETUP_WT                                                                            /* 판매 설정 중량                */
             , IBIB.SLE_INVNTRY_UNSLE_BNT                                                                   /* 판매 재고 미판매 잔량         */
             , IBIB.SLE_INVNTRY_UNSLE_BUNDLE_BNT                                                            /* 판매 재고 미판매 번들 잔량    */
             , IBIB.EC_SLE_COMPT_INVNTRY                                                                    /* EC 판매 완료 재고             */
             , IBIB.EC_SLE_COMPT_BUNDLE_INVNTRY                                                             /* EC 판매 완료 번들 재고        */
             , IBIB.EC_DLIVY_INVNTRY                                                                        /* EC 출고 재고                  */
             , IBIB.EC_DLIVY_BUNDLE_INVNTRY                                                                 /* EC 출고 번들 재고             */
             , IBIB.EC_NOOTG_INVNTRY                                                                        /* EC 미출고 재고                */
             , IBIB.EC_NOOTG_BUNDLE_INVNTRY                                                                 /* EC 미출고 번들 재고           */
             , IBIB.WRHOUS_NOOTG_INVNTRY                                                                    /* 창고 미출고 재고              */
             , IBIB.WRHOUS_NOOTG_BUNDLE_INVNTRY                                                             /* 창고 미출고 번들 재고         */
             , IBIB.WRHOUS_SLE_UNSETUP_INVNTRY                                                              /* 창고 판매 미설정 재고         */
             , IBIB.WRHOUS_SLE_UNSETUP_BUNDLE_INVNTRY                                                       /* 창고 판매 미설정 번들 재고    */
             , IBIB.TRMEND_INVNTRY                                                                          /* 기말 재고                     */
             , IBIB.TRMEND_BUNDLE_INVNTRY                                                                   /* 기말 번들 재고                */
             , IBIB.WRHOUSNG_DE                                                                             /* 입고 일자                     */
             , IBIB.ENTR_DE                                                                                 /* 통관 일자                     */
             , IBIB.ARVL_PREARNGE_DT                                                                        /* 도착 예정 일시                */
             , IBIB.NET_WT                                                                                  /* NET 중량                      */
             , IBIB.GROSS_WT                                                                                /* GROSS 중량                    */
             , IBIB.NET_AVRG_WT                                                                             /* NET 평균 중량                 */
             , IBIB.GROSS_AVRG_WT                                                                           /* GROSS 평균 중량               */
             , IBIB.LOT_QY                                                                                  /* LOT 수량                      */
             , IBIB.SLE_STTUS_CODE                                                                          /* 판매 상태 코드                */
             , IBIB.PURCHS_ORDER_NO                                                                         /* 구매 주문 번호                */
             , IBIB.PURCHS_LINE_NO                                                                          /* 구매 라인 번호                */
             , IBIB.FRGHT_MANAGE_NO                                                                         /* 화물 관리 번호                */
             , IBIB.DELETE_AT                                                                               /* 삭제 여부                     */
             , IBIB.DELETE_DT                                                                               /* 삭제 일시                     */
             , IBIB.FRST_REGISTER_ID                                                                        /* 최초 등록자 아이디            */
             , IBIB.FRST_REGIST_DT                                                                          /* 최초 등록 일시                */
             , IBIB.LAST_CHANGER_ID                                                                         /* 최종 변경자 아이디            */
             , IBIB.LAST_CHANGE_DT                                                                          /* 최종 변경 일시                */
             , IBIB.WRHOUSNG_SE_CODE                                                                        /* 입고 구분 코드                */
             , IBIB.FTRS_DELNG_LOT_QY                                                                       /* 선물 거래 LOT 수량            */
             , IBIB.ENTR_AT                                                                                 /* 통관 여부                     */
             , IBIB.SLE_IMPRTY_RESN                                                                         /* 판매불가 사유                 */
             , IBIB.BEGIN_PERM_WT_RATE                                                                      /* 시작 허용 중량 비율           */
             , IBIB.END_PERM_WT_RATE                                                                        /* 종료 혀용 중량 비율           */
             , IBIB.WRHOUS_ARVLDE                                                                           /* 창고 도착일                   */
             , IBIB.SLE_POSSDE                                                                              /* 판매 가능일                   */
             , IBIB.WRHOUSNG_PREARNGE_INVNTRY_AT                                                            /* 입고 예정 재고 여부           */
             , IBIB.STS_PURCHS_ORDER_TY                                                                     /* STS 구매 주문 타입            */
             , IBIB.ADJST_INVNTRY                                                                           /* 재고조정 재고                 */
             , IBIB.ADJST_INVNTRY_BUNDLE                                                                    /* 재고조정 재고 번들            */
             , IBIB.EC_ASGN_COMPT_INVNTRY                                                                   /* EC 할당 완료 재고             */
             , IBIB.EC_ASGN_COMPT_BUNDLE_INVNTRY                                                            /* EC 할당 완료 번들 재고        */
             
             , DLVY_RQESTDE_ADJUST                                                                           /* 배송요청일 조정              */
             , BL_RMRK                                                                                       /* 비고                         */
             , AGENT_ID                                                                                      /* 에이전트 아이디              */
             , RMNDR_DSCNT                                                                                   /* 추가 할인                    */
             , SMLQY_SLE_SETUP_WT                                                                            /* 소량 판매 설정 중량          */
             , SMLQY_SLE_SETUP_BUNDLE_CO                                                                     /* 소량 판매 설정 번들 수       */
             , SMLQY_EC_SLE_COMPT_INVNTRY                                                                    /* 소량 EC 판매 완료 재고       */
             , SMLQY_EC_SLE_COMPT_BUNDLE_INVNTRY                                                             /* 소량 EC 판매 완료 번들 재고  */
             , SMLQY_SLE_INVNTRY_UNSLE_BNT                                                                   /* 소량 판매 재고 미판매 잔량   */
             , SMLQY_SLE_INVNTRY_UNSLE_BUNDLE_BNT                                                            /* 소량 판매 재고 미판매 번들 잔량 */
             , SMLQY_SLE_FTRS_AT                                                                             /* 소량 판매 선물 여부          */
          FROM dbo.IT_BL_INFO_BAS AS IBIB                                                                   /* 상품_BL 정보 기본 이력        */
         WHERE 1=1
           AND IBIB.BL_NO                                      = #{blNo}                                    /* BL 번호                       */
    </insert>

    <insert id="insertItPurchsInfoBasHst" parameterType="String">
        /*  common.insertItPurchsInfoBasHst */
        /******  INSERT : IT_PURCHS_INFO_BAS_HST(상품_PO 정보 기본 이력)                                                                 ******/
        SET TRANSACTION ISOLATION LEVEL READ UNCOMMITTED
        INSERT INTO dbo.IT_PURCHS_INFO_BAS_HST                                                               /* 상품_PO 정보 기본 이력        */
        (
               BL_NO                                                                                         /* BL 번호                       */
             , PURCHS_ORDER_NO                                                                               /* 상품_PO 정보 기본 기본키      */
             , PURCHS_LINE_NO                                                                                /* 구매 라인 번호 (lineNo)       */
             , PURCHS_BSNM                                                                                   /* 구매 사업자 (ACCOUNT)         */
             , PURCHS_CMMRC_CND                                                                              /* 구매 무역 조건 (ICT)          */
             , PURCHS_LC_NM                                                                                  /* 구매 위치 명 (LOCATION)       */
             , PURCHS_QY                                                                                     /* 구매 수량 (QTY)               */
             , PURCHS_LME_DOLLAR_PC                                                                          /* 구매 LME 달러 가격 (LME)      */
             , PURCHS_PREMIUM_DOLLAR_AMOUNT                                                                  /* 구매 프리미엄 달러 금액 (PREM)*/
             , PURCHS_UNIT_DOLLAR_PC                                                                         /* 구매 단위 달러 가격 (U.PRICE) */
             , PURCHS_DOLLAR_AMOUNT                                                                          /* 구매 달러 총액 (AMOUNT(USD))  */
             , PURCHS_WON_AMOUNT                                                                             /* 구매 원화 총액 (AMOUNT(KRW))  */
             , FTRS_CNTRCT_NO                                                                                /* 선물 계약 번호 (FS NO)        */
             , FTRS_THSEX_CNTRCT_NO                                                                          /* 선물 삼성 계약 번호 (삼성선물 NO)*/
             , FTRS_DELNG_DT                                                                                 /* 선물 거래 일시 (ORDER DATE)   */
             , FTRS_DELNG_LOT_QY                                                                             /* 선물 거래 LOT 수량 (LOT)      */
             , FTRS_DELNG_WT                                                                                 /* 선물 거래 중량 (QTY)          */
             , FTRS_DELNG_OPTN                                                                               /* 선물 거래 옵션 (PRICE OPTION) */
             , FTRS_DELNG_BEGIN_DE                                                                           /* 선물 거래 시작 일자 (FROM)    */
             , FTRS_DELNG_END_DE                                                                             /* 선물 거래 종료 일자 (TO)      */
             , FTRS_LME_DOLLAR_PC                                                                            /* 선물 LME 달러 가격 (LME)      */
             , FTRS_SPREAD_DOLLAR_PC                                                                         /* 선물 스프레드 달러 가격 (SPREAD)*/
             , FTRS_END_DOLLAR_PC                                                                            /* 선물 종료 달러 가격 (U.PRICE) */
             , FTRS_DOLLAR_FEE                                                                               /* 선물 달러 수수료 (Commission) */
             , FTRS_EXPRTN_DE                                                                                /* 선물 만기 일자 (Prompt)       */
             , FSHG_CNTRCT_NO                                                                                /* 선물환 계약 번호 (FXS NO)     */
             , FSHG_DELNG_DT                                                                                 /* 선물환 거래 일시 (ORDER DATE) */
             , FSHG_DLRY_WT                                                                                  /* 선물환 배부 중량 (배부중량)   */
             , FSHG_DELNG_CRNCY                                                                              /* 선물환 거래 통화 (Cur)        */
             , FSHG_DELNG_DOLLAR_AMOUNT                                                                      /* 선물환 거래 달러 금액 (Amount)*/
             , FSHG_WON_EHGT                                                                                 /* 선물환 원화 환율 (현물환)     */
             , FSHG_WON_SPREAD                                                                               /* 선물환 원화 스프레드 (Swap Rate)*/
             , FSHG_END_WON_PC                                                                               /* 선물환 종료 원화 가격 (체결환율)*/
             , FSHG_PRCHAS_WON_PC                                                                            /* 선물환 매수 원화 가격 (Amount KRW)*/
             , FSHG_EXPRTN_DE                                                                                /* 선물환 만기 일자 (Prompt)     */
             , LGIST_TRMINL_USE_WON_CT                                                                       /* 물류 터미널 사용 원화 비용 (THC)*/
             , LGIST_SEA_TRNSPRT_WON_CT                                                                      /* 물류 해상 운송 원화 비용 (해상운송료)*/
             , LGIST_LAND_TRNSPRT_WON_CT                                                                     /* 물류 내륙 운송 원화 비용 (내륙운송료)*/
             , LGIST_LNL_WON_CT                                                                              /* 물류 하역 원화 비용 (하역료)  */
             , LGIST_CSTDY_WON_CT                                                                            /* 물류 보관 원화 비용           */
             , LGIST_ETC_WON_CT                                                                              /* 물류 기타 원화 비용 (기타비용)*/
             , LGIST_SM_WON_CT                                                                               /* 물류 합계 원화 비용 (합계)    */
             , ENTR_CSTMS_WON_CT                                                                             /* 통관 관세 원화 비용 (관세)    */
             , ENTR_FEE_WON_CT                                                                               /* 통관 수수료 원화 비용 (통관수수료)*/
             , FNNC_INTR_WON_CT                                                                              /* 금융 이자 원화 비용 (이자비용)*/
             , FNNC_ETC_WON_CT                                                                               /* 금융 기타 원화 비용 (기타비용)*/
             , CT_SM_WON_CT                                                                                  /* 비용 합계 원화 비용(합계)     */
             , SHIPNG_DE                                                                                     /* 선적 일자 (ON BOARD)          */
             , PRLOAD_NM                                                                                     /* 선적항 명 (POL)               */
             , ARVLHANG_NM                                                                                   /* 도착항 명 (POD)               */
             , SCREOFE_FILE_COURS                                                                            /* 성적서 파일 경로              */
             , PACKNG_LIST_FILE_COURS                                                                        /* 포장 리스트 파일 경로         */
             , WRHOUSNG_DE                                                                                   /* 입고 일자 (입고일)            */
             , TARIFF_VAL                                                                                    /* 요율 값 (요율(원/일))         */
             , FREE_TIME                                                                                     /* 프리 타임 (Free Time)         */
             , NET_WT                                                                                        /* NET 중량 (NET WEIGHT)         */
             , GROSS_WT                                                                                      /* GROSS 중량 (GROSS WEIGHT)     */
             , LOT_QY                                                                                        /* LOT 수량 (BUNDLES)            */
             , DELETE_AT                                                                                     /* 삭제 여부                     */
             , DELETE_DT                                                                                     /* 삭제 일시                     */
             , FRST_REGISTER_ID                                                                              /* 최초 등록자 아이디            */
             , FRST_REGIST_DT                                                                                /* 최초 등록 일시                */
             , LAST_CHANGER_ID                                                                               /* 최종 변경자 아이디            */
             , LAST_CHANGE_DT                                                                                /* 최종 변경 일시                */
             , PURCHS_QUOTA                                                                                  /* 구매 한도 수량                */
             , FTRS_LINE_NO                                                                                  /* 선물 라인 번호                */
             , CRNCY_CODE                                                                                    /* 통화 코드                     */
             , FSHG_MANAGE_NO                                                                                /* 선물환 관리 번호              */
             , FTRS_DELNG_LOT_ORG_QY                                                                         /* 선물 최초 LOT 수량            */
             , FSHG_DLRY_ORG_WT                                                                              /*                               */
             , FSHG_DELNG_DOLLAR_ORG_AMOUNT                                                                  /*                               */
             , FTRSPROFS_SE_CODE                                                                             /* 선물사 구분 코드(TCODE)         */
             , BL_FILE_COURS                                                                                 /* 성적서 파일 경로              */
        )
        SELECT TOP 1
               IPIB.BL_NO                                                                                   /* BL 번호                       */
             , IPIB.PURCHS_ORDER_NO                                                                         /* 상품_PO 정보 기본 기본키      */
             , IPIB.PURCHS_LINE_NO                                                                          /* 구매 라인 번호 (lineNo)       */
             , IPIB.PURCHS_BSNM                                                                             /* 구매 사업자 (ACCOUNT)         */
             , IPIB.PURCHS_CMMRC_CND                                                                        /* 구매 무역 조건 (ICT)          */
             , IPIB.PURCHS_LC_NM                                                                            /* 구매 위치 명 (LOCATION)       */
             , IPIB.PURCHS_QY                                                                               /* 구매 수량 (QTY)               */
             , IPIB.PURCHS_LME_DOLLAR_PC                                                                    /* 구매 LME 달러 가격 (LME)      */
             , IPIB.PURCHS_PREMIUM_DOLLAR_AMOUNT                                                            /* 구매 프리미엄 달러 금액 (PREM)*/
             , IPIB.PURCHS_UNIT_DOLLAR_PC                                                                   /* 구매 단위 달러 가격 (U.PRICE) */
             , IPIB.PURCHS_DOLLAR_AMOUNT                                                                    /* 구매 달러 총액 (AMOUNT(USD))  */
             , IPIB.PURCHS_WON_AMOUNT                                                                       /* 구매 원화 총액 (AMOUNT(KRW))  */
             , IPIB.FTRS_CNTRCT_NO                                                                          /* 선물 계약 번호 (FS NO)        */
             , IPIB.FTRS_THSEX_CNTRCT_NO                                                                    /* 선물 삼성 계약 번호 (삼성선물 NO)*/
             , IPIB.FTRS_DELNG_DT                                                                           /* 선물 거래 일시 (ORDER DATE)   */
             , IPIB.FTRS_DELNG_LOT_QY                                                                       /* 선물 거래 LOT 수량 (LOT)      */
             , IPIB.FTRS_DELNG_WT                                                                           /* 선물 거래 중량 (QTY)          */
             , IPIB.FTRS_DELNG_OPTN                                                                         /* 선물 거래 옵션 (PRICE OPTION) */
             , IPIB.FTRS_DELNG_BEGIN_DE                                                                     /* 선물 거래 시작 일자 (FROM)    */
             , IPIB.FTRS_DELNG_END_DE                                                                       /* 선물 거래 종료 일자 (TO)      */
             , IPIB.FTRS_LME_DOLLAR_PC                                                                      /* 선물 LME 달러 가격 (LME)      */
             , IPIB.FTRS_SPREAD_DOLLAR_PC                                                                   /* 선물 스프레드 달러 가격 (SPREAD)*/
             , IPIB.FTRS_END_DOLLAR_PC                                                                      /* 선물 종료 달러 가격 (U.PRICE) */
             , IPIB.FTRS_DOLLAR_FEE                                                                         /* 선물 달러 수수료 (Commission) */
             , IPIB.FTRS_EXPRTN_DE                                                                          /* 선물 만기 일자 (Prompt)       */
             , IPIB.FSHG_CNTRCT_NO                                                                          /* 선물환 계약 번호 (FXS NO)     */
             , IPIB.FSHG_DELNG_DT                                                                           /* 선물환 거래 일시 (ORDER DATE) */
             , IPIB.FSHG_DLRY_WT                                                                            /* 선물환 배부 중량 (배부중량)   */
             , IPIB.FSHG_DELNG_CRNCY                                                                        /* 선물환 거래 통화 (Cur)        */
             , IPIB.FSHG_DELNG_DOLLAR_AMOUNT                                                                /* 선물환 거래 달러 금액 (Amount)*/
             , IPIB.FSHG_WON_EHGT                                                                           /* 선물환 원화 환율 (현물환)     */
             , IPIB.FSHG_WON_SPREAD                                                                         /* 선물환 원화 스프레드 (Swap Rate)*/
             , IPIB.FSHG_END_WON_PC                                                                         /* 선물환 종료 원화 가격 (체결환율)*/
             , IPIB.FSHG_PRCHAS_WON_PC                                                                      /* 선물환 매수 원화 가격 (Amount KRW)*/
             , IPIB.FSHG_EXPRTN_DE                                                                          /* 선물환 만기 일자 (Prompt)     */
             , IPIB.LGIST_TRMINL_USE_WON_CT                                                                 /* 물류 터미널 사용 원화 비용 (THC)*/
             , IPIB.LGIST_SEA_TRNSPRT_WON_CT                                                                /* 물류 해상 운송 원화 비용 (해상운송료)*/
             , IPIB.LGIST_LAND_TRNSPRT_WON_CT                                                               /* 물류 내륙 운송 원화 비용 (내륙운송료)*/
             , IPIB.LGIST_LNL_WON_CT                                                                        /* 물류 하역 원화 비용 (하역료)  */
             , IPIB.LGIST_CSTDY_WON_CT                                                                      /* 물류 보관 원화 비용           */
             , IPIB.LGIST_ETC_WON_CT                                                                        /* 물류 기타 원화 비용 (기타비용)*/
             , IPIB.LGIST_SM_WON_CT                                                                         /* 물류 합계 원화 비용 (합계)    */
             , IPIB.ENTR_CSTMS_WON_CT                                                                       /* 통관 관세 원화 비용 (관세)    */
             , IPIB.ENTR_FEE_WON_CT                                                                         /* 통관 수수료 원화 비용 (통관수수료)*/
             , IPIB.FNNC_INTR_WON_CT                                                                        /* 금융 이자 원화 비용 (이자비용)*/
             , IPIB.FNNC_ETC_WON_CT                                                                         /* 금융 기타 원화 비용 (기타비용)*/
             , IPIB.CT_SM_WON_CT                                                                            /* 비용 합계 원화 비용(합계)     */
             , IPIB.SHIPNG_DE                                                                               /* 선적 일자 (ON BOARD)          */
             , IPIB.PRLOAD_NM                                                                               /* 선적항 명 (POL)               */
             , IPIB.ARVLHANG_NM                                                                             /* 도착항 명 (POD)               */
             , IPIB.SCREOFE_FILE_COURS                                                                      /* 성적서 파일 경로              */
             , IPIB.PACKNG_LIST_FILE_COURS                                                                  /* 포장 리스트 파일 경로         */
             , IPIB.WRHOUSNG_DE                                                                             /* 입고 일자 (입고일)            */
             , IPIB.TARIFF_VAL                                                                              /* 요율 값 (요율(원/일))         */
             , IPIB.FREE_TIME                                                                               /* 프리 타임 (Free Time)         */
             , IPIB.NET_WT                                                                                  /* NET 중량 (NET WEIGHT)         */
             , IPIB.GROSS_WT                                                                                /* GROSS 중량 (GROSS WEIGHT)     */
             , IPIB.LOT_QY                                                                                  /* LOT 수량 (BUNDLES)            */
             , IPIB.DELETE_AT                                                                               /* 삭제 여부                     */
             , IPIB.DELETE_DT                                                                               /* 삭제 일시                     */
             , IPIB.FRST_REGISTER_ID                                                                        /* 최초 등록자 아이디            */
             , IPIB.FRST_REGIST_DT                                                                          /* 최초 등록 일시                */
             , IPIB.LAST_CHANGER_ID                                                                         /* 최종 변경자 아이디            */
             , IPIB.LAST_CHANGE_DT                                                                          /* 최종 변경 일시                */
             , IPIB.PURCHS_QUOTA                                                                            /* 구매 한도 수량                */
             , IPIB.FTRS_LINE_NO                                                                            /* 선물 라인 번호                */
             , IPIB.CRNCY_CODE                                                                              /* 통화 코드                     */
             , IPIB.FSHG_MANAGE_NO                                                                          /* 선물환 관리 번호              */
             , IPIB.FTRS_DELNG_LOT_ORG_QY                                                                   /* 선물 최초 LOT 수량            */
             , IPIB.FSHG_DLRY_ORG_WT                                                                        /*                               */
             , IPIB.FSHG_DELNG_DOLLAR_ORG_AMOUNT                                                            /*                               */
             , IPIB.FTRSPROFS_SE_CODE                                                                       /* 선물사 구분 코드(TCODE)         */
             , IPIB.BL_FILE_COURS                                                                           /* BL 파일 경로                  */
          FROM dbo.IT_PURCHS_INFO_BAS AS IPIB                                                           /* 상품_PO 정보 기본 이력        */
         WHERE 1=1
           AND IPIB.BL_NO                                      = #{blNo}                                    /* BL 번호                       */
    </insert>

    <select id="selectBlSleSttusCodeChgList" resultType="com.sorincorp.comm.common.model.BlSleSttusCodeChgVO">
        /*  common.selectBlSleSttusCodeChgList*/
        <![CDATA[
        SET TRANSACTION ISOLATION LEVEL READ UNCOMMITTED
        SELECT
           IBIB.BL_NO
           , IPIB.BL_NO AS PO_BL_NO
           , dbo.fn_getBlSellStopCheck(IBIB.BL_NO) AS BL_EXPIRY_YN                                                                  /*  만기여부  */
           , CASE
                WHEN ISNULL(FSHG_DELNG_DOLLAR_ORG_AMOUNT, 0) = 0 OR ISNULL(FSHG_DLRY_ORG_WT, 0) = 0 THEN 'Y'
                WHEN (FSHG_DELNG_DOLLAR_ORG_AMOUNT % FSHG_DLRY_ORG_WT) = 0 THEN 'N'
                WHEN (FSHG_DELNG_DOLLAR_ORG_AMOUNT / FSHG_DLRY_ORG_WT * (IIIB.SLE_UNIT_WT/1000)) % 1 = 0 THEN 'N'
                WHEN ROUND(FSHG_DELNG_DOLLAR_ORG_AMOUNT/FSHG_DLRY_ORG_WT, 3, -1) != ROUND(FSHG_DELNG_DOLLAR_ORG_AMOUNT/FSHG_DLRY_ORG_WT, 2, -1) THEN 'Y'
                ELSE 'N'
             END AS DECIMAL_YN                                                                                                      /*  선물환달러금액/선물환배부중량 나머지 소수점여부  */
           , (SELECT COUNT(*) FROM dbo.LQD_INT_DAT_RES WHERE CLI_ORD_NO = IPIB.FSHG_MANAGE_NO) AS FSHG_MANAGE_NO_CNT                /*  선물환관리번호 카운트 */
           , ISNULL(IPIB.FSHG_MANAGE_NO, '') AS FSHG_MANAGE_NO                                                                      /*  선물환관리번호  */
           , ISNULL(IPIB.FTRS_THSEX_CNTRCT_NO, '') AS FTRS_THSEX_CNTRCT_NO                                                          /*  선물 삼성 계약 번호 */
           , IBIB.SLE_STTUS_CODE                                                                                                    /*  판매상태코드 */
           , ISNULL(IBIB.ENTR_AT, 'N') AS ENTR_AT                                                                                   /*  통관여부 */
           , FTRS_DELNG_LOT_ORG_QY                                                                                                  /*  선물최초LOT 수량 */
           , FSHG_DLRY_ORG_W                                                                                                        /*  선물환 최초 중량 */
           , FSHG_DELNG_DOLLAR_ORG_AMOUNT                                                                                           /*  선물환 최초 체결 금액     */
           , IIIB.FTRS_PROCESS_AT
         FROM dbo.IT_BL_INFO_BAS AS IBIB
         LEFT OUTER JOIN dbo.IT_PURCHS_INFO_BAS AS IPIB
           ON IBIB.BL_NO = IPIB.BL_NO
        INNER JOIN dbo.IT_ITM_INFO_BAS AS IIIB
           ON IIIB.ITM_CODE = IBIB.ITM_CODE
        WHERE 1=1
          AND IBIB.SLE_STTUS_CODE                                 != '05'
          AND ISNULL(IPIB.DELETE_AT, 'N')                          = 'N'
          AND ISNULL(IBIB.DELETE_AT, 'N')                          = 'N'
          AND ISNULL(IIIB.DELETE_AT, 'N')                          = 'N'
         ORDER BY IPIB.BL_NO
         ]]>
    </select>
    
    <select id="selectItemInvntrySetupInfo" parameterType="com.sorincorp.comm.common.model.BlSleSttusCodeChgVO" resultType="com.sorincorp.comm.common.model.BlSleSttusCodeChgVO">
		/*  common.selectItemInvntrySetupInfo    */
		SET TRANSACTION ISOLATION LEVEL READ UNCOMMITTED
		SELECT IBIB.BL_NO
			 , IBIB.METAL_CODE
			 , IIIB.ITM_SN 
			 , IBIB.DSTRCT_LCLSF_CODE
			 , IBIB2.BRAND_GROUP_CODE
			 , IBIB.BRAND_CODE
			 , IBIB.SLE_STTUS_CODE
			 , ISNULL(IIIB.SLE_UNIT_WT, 0) AS SLE_UNIT_WT
			 , ISNULL(IIIB.ONCE_SLE_POSS_WT, 0) AS ONCE_SLE_POSS_WT
		  FROM IT_BL_INFO_BAS IBIB 
		  LEFT OUTER JOIN IT_ITM_INFO_BAS IIIB 
			ON IBIB.ITM_CODE = IIIB.ITM_CODE
		   AND IBIB.DELETE_AT = 'N'
		   AND IIIB.DELETE_AT = 'N'
		  LEFT OUTER JOIN IT_BRAND_INFO_BAS IBIB2
			ON IBIB.BRAND_CODE = IBIB2.BRAND_CODE 
		   AND IBIB2.DELETE_AT = 'N'
		 WHERE 1=1
		   AND IBIB.BL_NO = #{blNo}
	</select>
</mapper>