<?xml version="1.0" encoding="UTF-8"?>
<!DOCTYPE mapper PUBLIC "-//mybatis.org//DTD Mapper 3.0//EN" "http://mybatis.org/dtd/mybatis-3-mapper.dtd">

<mapper namespace="com.sorincorp.comm.itemprice.mapper.ItemPriceCommMapper">
    <update id="deleteOrderBasketForModifySellMetal" parameterType="com.sorincorp.comm.itemprice.model.ItemPriceCommVO">
		/* com.sorincorp.comm.itemPrice.mapper.ItemPriceMapper.deleteOrderBasketForModifySellMetal */
		UPDATE dbo.OR_BSKT_BAS
		SET DELETE_AT = 'Y'     
			,LAST_CHANGER_ID = 'admin'
			,LAST_CHANGE_DT = GETDATE()                         
		 WHERE 1=1
		 	AND METAL_CODE IN
		 	<foreach collection="removeMetalCodes" item="code" index="index" separator="," open="(" close=")">
				#{code}
			</foreach>
			AND ENTRPS_NO = #{entrpsNo}
			AND DELETE_AT = 'N'
		;
    </update>
    
    <update id="deleteHopeAlramForModifySellMetal" parameterType="com.sorincorp.comm.itemprice.model.ItemPriceCommVO">
        /* com.sorincorp.comm.itemPrice.mapper.ItemPriceMapper.deleteHopeAlramForModifySellMetal */
		UPDATE OP_HOPE_PC_NTCN_SETUP_BAS
		SET  USE_AT = 'N'
			,DELETE_AT = 'Y'
			,DELETE_DT = GETDATE()
			,LAST_CHANGER_ID = 'admin'
			,LAST_CHANGE_DT = GETDATE()
		WHERE 1=1
			AND METAL_CODE IN
		 	<foreach collection="removeMetalCodes" item="code" index="index" separator="," open="(" close=")">
				#{code}
			</foreach>
			AND	ENTRPS_NO = #{entrpsNo}
			AND DELETE_AT = 'N'
		;
    </update>
    
    <update id="deleteInventoryAlramForModifySellMetal" parameterType="com.sorincorp.comm.itemprice.model.ItemPriceCommVO">
    	/* com.sorincorp.comm.itemPrice.mapper.ItemPriceMapper.deleteInventoryAlramForModifySellMetal */
		UPDATE OP_INVNTRY_NTCN_SETUP_BAS
		SET  USE_AT = 'N'
			,DELETE_AT = 'Y'
			,DELETE_DT = GETDATE()
			,LAST_CHANGER_ID = 'admin'
			,LAST_CHANGE_DT = GETDATE()
		WHERE 1=1
			AND METAL_CODE IN
		 	<foreach collection="removeMetalCodes" item="code" index="index" separator="," open="(" close=")">
				#{code}
			</foreach>
			AND	ENTRPS_NO = #{entrpsNo}
			AND DELETE_AT = 'N'
    </update>
    
</mapper>