<?xml version="1.0" encoding="UTF-8"?>
<!DOCTYPE mapper PUBLIC "-//mybatis.org//DTD Mapper 3.0//EN" "http://mybatis.org/dtd/mybatis-3-mapper.dtd">

<mapper namespace="com.sorincorp.batch.sample.mapper.SampleMapper">

	<insert id="insertSample" parameterType="com.sorincorp.batch.sample.model.SampleVO">
			/* sample.insertSample */
			INSERT INTO SAMPLE
				( ID
				  , NAME
				  , DESCRIPTION
				  , USE_YN
				  , REG_USER )
			VALUES ( #{id}
				  , #{name}
				  , #{description}
				  , #{useYn}
				  , #{regUser} )

	</insert>

	<update id="updateSample">
			/* sample.updateSample */
			UPDATE SAMPLE
			SET ID=#{id}
				, NAME=#{name}
				, DESCRIPTION=#{description}
				, USE_YN=#{useYn}
				  WHERE ID=#{id}

	</update>

	<delete id="deleteSample">
			/* sample.deleteSample */
			DELETE FROM SAMPLE
			WHERE ID=#{id}

	</delete>

	<select id="selectSample" resultType="com.sorincorp.batch.sample.model.SampleVO">
			/* sample.selectSample */
			SET TRANSACTION ISOLATION LEVEL READ UNCOMMITTED
			SELECT
				ID, NAME, DESCRIPTION, USE_YN, REG_USER
			FROM SAMPLE
			WHERE ID=#{id}

	</select>

	<select id="selectSampleList" parameterType="com.sorincorp.batch.sample.model.SampleVO" resultType="com.sorincorp.batch.sample.model.SampleVO">
			/* sample.selectSampleList */
			SET TRANSACTION ISOLATION LEVEL READ UNCOMMITTED
			SELECT
				ID, NAME, DESCRIPTION, USE_YN, REG_USER
			FROM (SELECT row_number() OVER(ORDER BY ID) AS ROWNUM, * FROM SAMPLE) o
			WHERE o.ROWNUM between #{firstIndex} and #{recordCountPerPage}
			<if test="searchKeyword != null and searchKeyword != ''">
		        <choose>
		            <when test="searchCondition == 0">
						AND	ID LIKE '%' + #{searchKeyword} + '%'
					</when>
		            <when test="searchCondition == 1">
						AND	NAME LIKE '%' + #{searchKeyword} + '%'
					</when>
				</choose>
			</if>
			ORDER BY ID ASC
	</select>

	<select id="selectSampleListTotCnt" parameterType="com.sorincorp.batch.sample.model.SampleVO" resultType="int">
			/* sample.selectSampleListTotCnt */
			SET TRANSACTION ISOLATION LEVEL READ UNCOMMITTED
			SELECT COUNT(*) totalcount
			FROM SAMPLE
			WHERE 1=1
			<if test="searchKeyword != null and searchKeyword != ''">
		        <choose>
		            <when test="searchCondition == 0">
						AND ID LIKE '%' + #{searchKeyword} + '%'
					</when>
		            <when test="searchCondition == 1">
						AND	NAME LIKE '%' + #{searchKeyword} + '%'
					</when>
				</choose>
			</if>
	</select>

</mapper>