<?xml version="1.0" encoding="UTF-8"?>
<!DOCTYPE mapper PUBLIC "-//mybatis.org//DTD Mapper 3.0//EN" "http://mybatis.org/dtd/mybatis-3-mapper.dtd">
<mapper namespace="com.sorincorp.mfo.mb.mapper.EntrpsEtrMapper">

    <select id="checkBsnmRegistNo" parameterType="com.sorincorp.mfo.mb.model.EntrpsEtrVO" resultType="int">
        /*  entrpsEtr.checkBsnmRegistNo   */
        SET TRANSACTION ISOLATION LEVEL READ UNCOMMITTED
        SELECT COUNT(MEIB.BSNM_REGIST_NO) AS BSNM_REGIST_NO
           FROM MB_ENTRPS_INFO_BAS AS MEIB
                , MB_MBER_INFO_BAS AS MBIB
          WHERE MEIB.ENTRPS_NO = MBIB.ENTRPS_NO
           AND MEIB.BSNM_REGIST_NO = #{bsnmRegistNo}
    </select>

    <select id="checkCprRegistNo" parameterType="com.sorincorp.mfo.mb.model.EntrpsEtrVO" resultType="int">
        /*  entrpsEtr.checkCprRegistNo   */
        SET TRANSACTION ISOLATION LEVEL READ UNCOMMITTED
        SELECT
            COUNT(MEIB.ENTRPS_NO)
          FROM dbo.MB_ENTRPS_INFO_BAS AS MEIB
         WHERE 1=1
           AND CPR_REGIST_NO = #{cprRegistNo}
    </select>

    <select id="selectMberSeCode" parameterType="com.sorincorp.mfo.mb.model.EntrpsEtrVO" resultType="String">
        /*  entrpsEtr.selectMberSeCode   */
        SET TRANSACTION ISOLATION LEVEL READ UNCOMMITTED
        SELECT TOP 1 MBIB.MBER_CONFM_STTUS_CODE
         FROM MB_ENTRPS_INFO_BAS AS MEIB
            , MB_MBER_INFO_BAS AS MBIB
         WHERE 1=1
           AND MEIB.ENTRPS_NO    = MBIB.ENTRPS_NO
           AND MBIB.MBER_SE_CODE = '01'
           AND MEIB.DELETE_AT    = 'N'
           AND BSNM_REGIST_NO    = #{bsnmRegistNo}
    </select>

    <select id="selectMberId" parameterType="String" resultType="int">
        /*  entrpsEtr.selectMberId   */
        SET TRANSACTION ISOLATION LEVEL READ UNCOMMITTED
        SELECT COUNT(MBER_ID)
        FROM MB_MBER_INFO_BAS
        WHERE MBER_ID = #{mberId}
    </select>
    
    <select id="selectEntrpsNo" parameterType="String" resultType="String">
        /*  entrpsEtr.selectEntrpsNo   */
        SET TRANSACTION ISOLATION LEVEL READ UNCOMMITTED
        SELECT ENTRPS_NO
        FROM MB_MBER_INFO_BAS
        WHERE MBER_ID = #{mberId}
    </select>

    <select id="selectMberMobNo" parameterType="com.sorincorp.mfo.mb.model.EntrpsEtrVO" resultType="int">
        /*  entrpsEtr.selectMberMobNo   */
        SET TRANSACTION ISOLATION LEVEL READ UNCOMMITTED
        SELECT COUNT(MBER_NM)
          FROM MB_MBER_INFO_BAS
          WHERE 1=1
            AND MBER_NM     = #{mberNm}
            AND MOBLPHON_NO = #{moblphonNo}
            AND DELETE_AT = 'N'
            AND MBER_STTUS_CODE NOT IN ('06','07')  /*  06:탈퇴회원, 07:중지회원    */
    </select>

    <select id="selectRefndAccntSattus" parameterType="String" resultType="String">
        /*  entrpsEtr.selectRefndAccntSattus   */
        SET TRANSACTION ISOLATION LEVEL READ UNCOMMITTED
        SELECT TOP 1 ISNULL(MEIB.REFND_ACNUT_STTUS_CODE,'') AS REFND_ACNUT_STTUS_CODE
          FROM MB_ENTRPS_INFO_BAS AS MEIB
          WHERE 1=1
           AND MEIB.ENTRPS_NO    = #{entrpsNo}
           AND MEIB.DELETE_AT    = 'N'
    </select>

    <insert id="insertMbEntrpsInfoBas" parameterType="com.sorincorp.mfo.mb.model.EntrpsEtrVO">
        /*  entrpsEtr.insertMbEntrpsInfoBas   */
        INSERT INTO dbo.MB_ENTRPS_INFO_BAS                                                                   /* 회원_업체 정보 기본           */
        (
               ENTRPS_NO                                                                                     /* 업체 번호                     */
             , ENTRPSNM_KOREAN                                                                               /* 업체명 한글                   */
             , RPRSNTV_NM                                                                                    /* 대표자 명                     */
             , BSNM_REGIST_NO                                                                                /* 사업자 등록 번호              */
             , CPR_REGIST_NO                                                                                 /* 법인 등록 번호                */
             , ENTRPRS_BIZCND_CODE                                                                           /* 기업 업태 코드                */
             , ENTRPRS_ITEM_CODE                                                                             /* 기업 종목 코드                */
             , BSNM_TY_CODE                                                                                  /* 사업자 유형 코드              */
             , CMPNY_TLPHON_NO                                                                               /* 회사 전화 번호                */
             , CMPNY_FAX_NO                                                                                  /* 회사 팩스 번호                */
             , POST_NO                                                                                       /* 우편 번호                     */
             , ADRES                                                                                         /* 주소                          */
             , DETAIL_ADRES                                                                                  /* 상세 주소                     */
             , RN_ADRES                                                                                      /* 도로명 주소                   */
             , RN_DETAIL_ADRES                                                                               /* 도로명 상세 주소              */
             , REFND_ACNUT_NO                                                                                /* 환불 계좌 번호                */
             , REFND_ACNUT_NM                                                                                 /* 환불 계좌명                      */
             , REFND_ACNUT_STTUS_CODE                                                                        /* 환불 계좌 상태 코드           */
             , REFND_ACNUT_RGRSYNTH_AT                                                                       /* 환불 계좌 정합성 여부         */
             , REFND_ACNUT_RGRSYNTH_DT                                                                       /* 환불 계좌 정합성 일시         */
             , CSTMR_REGIST_MBY_CODE                                                                         /* 고객 등록 주체 코드           */
             , ENTRPS_GRAD_NO                                                                                /* 업체 등급 번호                */
             , DELETE_AT                                                                                     /* 삭제 여부                     */
             , FRST_REGISTER_ID                                                                              /* 최초 등록자 아이디            */
             , FRST_REGIST_DT                                                                                /* 최초 등록 일시                */
             , LAST_CHANGER_ID                                                                               /* 최종 변경자 아이디            */
             , LAST_CHANGE_DT                                                                                /* 최종 변경 일시                */
             , ERP_ENTRPS_CODE                                                                               /* ERP 업체 코드                 */
             , T_CODE
             , PURCHSCHARGER_EMAIL                                                                           /* 구매담당자 이메일*/
             , ACNUT_UNREGIST_EMAIL_SNDNG_AT                                                                 /* 계좌 미등록 메일 발송 여부        */
             , ACNUT_UNREGIST_EMAIL_SNDNG_DT                                                                 /* 계좌 미등록 메일 발송 일시        */
             , RECOMENDR_ID                                                                                  /* 추천인 아이디                 */
        )
        VALUES
        (
               #{entrpsNo}                                                                                   /* 업체 번호                     */
             , #{entrpsnmKorean}                                                                             /* 업체명 한글                   */
             , #{rprsntvNm}                                                                                  /* 대표자 명                     */
             , #{bsnmRegistNo}                                                                               /* 사업자 등록 번호              */
             , #{cprRegistNo}                                                                                /* 법인 등록 번호                */
             , #{entrprsBizcndCode}                                                                          /* 기업 업태 코드                */
             , #{entrprsItemCode}                                                                            /* 기업 종목 코드                */
             , #{bsnmTyCode}                                                                                 /* 사업자 유형 코드              */
             , #{cmpnyTlphonNo}                                                                              /* 회사 전화 번호                */
             , #{cmpnyFaxNo}                                                                                 /* 회사 팩스 번호                */
             , #{postcode}                                                                                   /* 우편 번호                     */
             , #{jibunAddress}                                                                               /* 주소                          */
             , #{detailAdres}                                                                                /* 상세 주소                     */
             , #{roadAddress}                                                                                /* 도로명 주소                   */
             , #{detailAdres}                                                                                /* 도로명 상세 주소              */
             , #{refndAcnutNo}                                                                               /* 환불 계좌 번호                */
             , #{refndAcnutNm}
             , #{refndAcnutSttusCode}                                                                        /* 환불 계좌 상태 코드           */
             , #{refndAcnutRgrsynthAt}                                                                       /* 환불 계좌 정합성 여부         */
             , #{refndAcnutRgrsynthDt}                                                                       /* 환불 계좌 정합성 일시         */
             , #{cstmrRegistMbyCode}                                                                         /* 고객 등록 주체 코드           */
             , #{entrpsGradNo}                                                                               /* 업체 등급 번호                */
             , 'N'                                                                                             /* 삭제 여부                     */
             , #{frstRegisterId}                                                                             /* 최초 등록자 아이디            */
             , GETDATE()                                                                                     /* 최초 등록 일시                */
             , #{lastChangerId}                                                                              /* 최종 변경자 아이디            */
             , GETDATE()                                                                                     /* 최종 변경 일시                */
             , #{erpEntrpsCode}                                                                              /* ERP 업체 코드                 */
             , #{tcode}
             , #{purchschargerEmail}                                                                         /* 구매담당자 이메일*/
             , #{acnutUnregistEmailSndngAt}                                                                  /* 계좌 미등록 메일 발송 여부     */
             , GETDATE()
             , #{recomendrId}                                                                                /* 추천인 아이디     */
        )
    </insert>

    <insert id="insertMbEntrpsInfoBasHst" parameterType="com.sorincorp.mfo.mb.model.EntrpsEtrVO">
        /*  entrpsEtr.insertMbEntrpsInfoBasHst   */
        SET TRANSACTION ISOLATION LEVEL READ UNCOMMITTED
        INSERT INTO MB_ENTRPS_INFO_BAS_HST                    /* 회원_업체 정보 수정 이력*/
        (
             ENTRPS_NO                                                                                     /* 업체 번호                     */
             , ENTRPSNM_KOREAN                                                                               /* 업체명 한글                   */
             , ENTRPSNM_ENG                                                                                  /* 업체명 영문                   */
             , RPRSNTV_NM                                                                                    /* 대표자 명                     */
             , BSNM_REGIST_NO                                                                                /* 사업자 등록 번호              */
             , CPR_REGIST_NO                                                                                 /* 법인 등록 번호                */
             , ENTRPRS_BIZCND_CODE                                                                           /* 기업 업태 코드                */
             , ENTRPRS_ITEM_CODE                                                                             /* 기업 종목 코드                */
             , BSNM_TY_CODE                                                                                  /* 사업자 유형 코드              */
             , CMPNY_TLPHON_NO                                                                               /* 회사 전화 번호                */
             , CMPNY_FAX_NO                                                                                  /* 회사 팩스 번호                */
             , POST_NO                                                                                       /* 우편 번호                     */
             , ADRES                                                                                         /* 주소                          */
             , DETAIL_ADRES                                                                                  /* 상세 주소                     */
             , RN_ADRES                                                                                      /* 도로명 주소                   */
             , RN_DETAIL_ADRES                                                                               /* 도로명 상세 주소              */
             , REFND_ACNUT_NO                                                                                /* 환불 계좌 번호                */
             , EWALLET_ACNUT_NO                                                                              /* 이월렛 계좌 번호              */
             , REFND_ACNUT_STTUS_CODE                                                                        /* 환불 계좌 상태 코드           */
             , REFND_ACNUT_RGRSYNTH_AT                                                                       /* 환불 계좌 정합성 여부         */
             , REFND_ACNUT_RGRSYNTH_DT                                                                       /* 환불 계좌 정합성 일시         */
             , CSTMR_REGIST_MBY_CODE                                                                         /* 고객 등록 주체 코드           */
             , ENTRPS_GRAD_NO                                                                                /* 업체 등급 번호                */
             , DELETE_AT                                                                                     /* 삭제 여부                     */
             , DELETE_DT                                                                                     /* 삭제 일시                     */
             , FRST_REGISTER_ID                                                                              /* 최초 등록자 아이디            */
             , FRST_REGIST_DT                                                                                /* 최초 등록 일시                */
             , LAST_CHANGER_ID                                                                               /* 최종 변경자 아이디            */
             , LAST_CHANGE_DT                                                                                /* 최종 변경 일시                */
             , ERP_ENTRPS_CODE                                                                               /* ERP 업체 코드                 */
             , REFND_ACNUT_NM                                                                                /* 환불 계좌 명의                */
             , T_CODE                                                                                        /* tCode                         */
             , NEW_REFND_ACNUT_NO                                                                            /* 신규 환불 계좌 번호           */
             , OLD_REFND_ACNUT_NO                                                                            /* 구 환불 계좌 번호             */
             , PURCHSCHARGER_EMAIL                                                                           /* 구매담당자 이메일             */
             , CSTMR_PARTCLR_MATTER                                                                          /* 고객 특이 사항                */
             , CSTMR_PARTCLR_MATTER_LAST_CHANGER_ID                                                          /* 고객 특이 사항 최종 변경자 아이디*/
             , CSTMR_PARTCLR_MATTER_LAST_CHANGE_DT                                                           /* 고객 특이 사항 최종 변경 일시 */
             , SLE_METAL_LIST                                                                                /* 판매 금속 비트 코드           */
             , DLVRF_DSCNT_AT                                                                                /* 배송할인여부                  */
             , DLVRF_DSCNT_DT                                                                                /* 배송할인적용일자              */
             , ACNUT_UNREGIST_EMAIL_SNDNG_AT                                                                 /* 계좌 미등록 메일 발송 여부    */
             , ACNUT_UNREGIST_EMAIL_SNDNG_DT                                                                 /* 계좌 미등록 메일 발송 일시    */
             , CREDT_GRAD                                                                                    /* 신용 등급                     */
             , ENTRPS_GRAD                                                                                   /* 업체 등급                     */
             , ENTRPS_EVL_GRAD                                                                               /* 업체 평가 등급                */
             , ENTRPS_PURCHS_INCLN_GRAD                                                                      /* 업체 구매 성향 등급           */
             , WRTM_USE_AT                                                                                   /* 증거금 사용 여부              */
             , WRTM_REQST_DT                                                                                 /* 증거금 신청 일시              */
             , WRTM_TRMNAT_DT                                                                                /* 증거금 해지 일시              */
             , MRTGG_GRNTY_USE_AT                                                                            /* 담보 보증 사용 여부           */
             , MRTGG_GRNTY_REQST_DT                                                                          /* 담보 보증 신청 일시           */
             , MRTGG_GRNTY_TRMNAT_DT                                                                         /* 담보 보증 해지 일시           */
             , MRTGG_GRNTY_INSRNC_TARIFF                                                                     /* 담보 보증 보험 요율           */
             , MRTGG_GRNTY_CNTRCT_AT                                                                         /* 담보 보증 계약 여부           */
             , MRTGG_GRNTY_FEE_BND_MBY_AT                                                                    /* 담보 보증 수수료 부담 주체 여부*/
             , MRTGG_GRNTY_IRNCF                                                                             /* 담보 보증 보험료              */
             , LON_GRNTY_USE_AT                                                                              /* 대출 보증 사용 여부           */
             , LON_GRNTY_FEE_BND_MBY_AT                                                                      /* 대출 보증 수수료 부담 주체 여부*/
             , WRTM_REQST_AT                                                                                 /* 증거금 신청 여부              */
             , MRTGG_GRNTY_REQST_AT                                                                          /* 담보 보증 신청 여부           */
             , LON_GRNTY_REQST_AT                                                                            /* 대출 보증 신청 여부           */
             , MRTGG_GRNTY_IRNCF_SPORT_STDR_AMOUNT                                                           /* 담보 보증 보험료 지원 기준 금액*/
             , MRTGG_GRNTY_CNFIRM_IRNCF                                                                      /* 담보 보증 확인 보험료         */
             , CHANGE_CONFM_DETAIL_CODE                                                                      /* 변경 승인 상세 코드           */
             , CHANGE_REQUST_RESN                                                                            /* 변경 요청 사유                */
             , LON_GRNTY_REQST_DT                                                                            /* 대출 보증 신청 일시           */
             , LON_GRNTY_TRMNAT_DT                                                                           /* 대출 보증 해지 일시           */
             , WRTM_TRMNAT_AT                                                                                /* 증거금 해지 여부              */
             , MRTGG_GRNTY_TRMNAT_AT                                                                         /* 담보 보증 해지 여부           */
             , LON_GRNTY_TRMNAT_AT                                                                           /* 대출 보증 해지 여부           */
             , MLG_ACCMLT_TRNOV                                                                              /* 마일리지 누적 회전율          */
             , WRTM_CONFM_AT                                                                                 /* 증거금 승인 여부              */
             , MRTGG_GRNTY_CONFM_AT                                                                          /* 담보 보증 승인 여부           */
             , LON_GRNTY_CONFM_AT                                                                            /* 대출 보증 승인 여부           */
             , ARRRG_CO                                                                                      /* 연체 건수           */
             , ACDNT_CO                                                                                      /* 사고 건수           */
             , SORIN_HOPE_LMT_AMOUNT                                                                         /* 케이지 희망 한도 금액           */
             , CDTLN_SVC_SE_CODE                                                                             /* 여신 서비스 구분 코드           */
             , RECOMENDR_ID                                                                                  /* 추천인 아이디                 */
        )
        SELECT
             ENTRPS_NO                                                                                     /* 업체 번호                     */
             , ENTRPSNM_KOREAN                                                                               /* 업체명 한글                   */
             , ENTRPSNM_ENG                                                                                  /* 업체명 영문                   */
             , RPRSNTV_NM                                                                                    /* 대표자 명                     */
             , BSNM_REGIST_NO                                                                                /* 사업자 등록 번호              */
             , CPR_REGIST_NO                                                                                 /* 법인 등록 번호                */
             , ENTRPRS_BIZCND_CODE                                                                           /* 기업 업태 코드                */
             , ENTRPRS_ITEM_CODE                                                                             /* 기업 종목 코드                */
             , BSNM_TY_CODE                                                                                  /* 사업자 유형 코드              */
             , CMPNY_TLPHON_NO                                                                               /* 회사 전화 번호                */
             , CMPNY_FAX_NO                                                                                  /* 회사 팩스 번호                */
             , POST_NO                                                                                       /* 우편 번호                     */
             , ADRES                                                                                         /* 주소                          */
             , DETAIL_ADRES                                                                                  /* 상세 주소                     */
             , RN_ADRES                                                                                      /* 도로명 주소                   */
             , RN_DETAIL_ADRES                                                                               /* 도로명 상세 주소              */
             , REFND_ACNUT_NO                                                                                /* 환불 계좌 번호                */
             , EWALLET_ACNUT_NO                                                                              /* 이월렛 계좌 번호              */
             , REFND_ACNUT_STTUS_CODE                                                                        /* 환불 계좌 상태 코드           */
             , REFND_ACNUT_RGRSYNTH_AT                                                                       /* 환불 계좌 정합성 여부         */
             , REFND_ACNUT_RGRSYNTH_DT                                                                       /* 환불 계좌 정합성 일시         */
             , CSTMR_REGIST_MBY_CODE                                                                         /* 고객 등록 주체 코드           */
             , ENTRPS_GRAD_NO                                                                                /* 업체 등급 번호                */
             , DELETE_AT                                                                                     /* 삭제 여부                     */
             , DELETE_DT                                                                                     /* 삭제 일시                     */
             , FRST_REGISTER_ID                                                                              /* 최초 등록자 아이디            */
             , FRST_REGIST_DT                                                                                /* 최초 등록 일시                */
             , LAST_CHANGER_ID                                                                               /* 최종 변경자 아이디            */
             , LAST_CHANGE_DT                                                                                /* 최종 변경 일시                */
             , ERP_ENTRPS_CODE                                                                               /* ERP 업체 코드                 */
             , REFND_ACNUT_NM                                                                                /* 환불 계좌 명의                */
             , T_CODE                                                                                        /* tCode                         */
             , NEW_REFND_ACNUT_NO                                                                            /* 신규 환불 계좌 번호           */
             , OLD_REFND_ACNUT_NO                                                                            /* 구 환불 계좌 번호             */
             , PURCHSCHARGER_EMAIL                                                                           /* 구매담당자 이메일             */
             , CSTMR_PARTCLR_MATTER                                                                          /* 고객 특이 사항                */
             , CSTMR_PARTCLR_MATTER_LAST_CHANGER_ID                                                          /* 고객 특이 사항 최종 변경자 아이디*/
             , CSTMR_PARTCLR_MATTER_LAST_CHANGE_DT                                                           /* 고객 특이 사항 최종 변경 일시 */
             , SLE_METAL_LIST                                                                                /* 판매 금속 비트 코드           */
             , DLVRF_DSCNT_AT                                                                                /* 배송할인여부                  */
             , DLVRF_DSCNT_DT                                                                                /* 배송할인적용일자              */
             , ACNUT_UNREGIST_EMAIL_SNDNG_AT                                                                 /* 계좌 미등록 메일 발송 여부    */
             , ACNUT_UNREGIST_EMAIL_SNDNG_DT                                                                 /* 계좌 미등록 메일 발송 일시    */
             , CREDT_GRAD                                                                                    /* 신용 등급                     */
             , ENTRPS_GRAD                                                                                   /* 업체 등급                     */
             , ENTRPS_EVL_GRAD                                                                               /* 업체 평가 등급                */
             , ENTRPS_PURCHS_INCLN_GRAD                                                                      /* 업체 구매 성향 등급           */
             , WRTM_USE_AT                                                                                   /* 증거금 사용 여부              */
             , WRTM_REQST_DT                                                                                 /* 증거금 신청 일시              */
             , WRTM_TRMNAT_DT                                                                                /* 증거금 해지 일시              */
             , MRTGG_GRNTY_USE_AT                                                                            /* 담보 보증 사용 여부           */
             , MRTGG_GRNTY_REQST_DT                                                                          /* 담보 보증 신청 일시           */
             , MRTGG_GRNTY_TRMNAT_DT                                                                         /* 담보 보증 해지 일시           */
             , MRTGG_GRNTY_INSRNC_TARIFF                                                                     /* 담보 보증 보험 요율           */
             , MRTGG_GRNTY_CNTRCT_AT                                                                         /* 담보 보증 계약 여부           */
             , MRTGG_GRNTY_FEE_BND_MBY_AT                                                                    /* 담보 보증 수수료 부담 주체 여부*/
             , MRTGG_GRNTY_IRNCF                                                                             /* 담보 보증 보험료              */
             , LON_GRNTY_USE_AT                                                                              /* 대출 보증 사용 여부           */
             , LON_GRNTY_FEE_BND_MBY_AT                                                                      /* 대출 보증 수수료 부담 주체 여부*/
             , WRTM_REQST_AT                                                                                 /* 증거금 신청 여부              */
             , MRTGG_GRNTY_REQST_AT                                                                          /* 담보 보증 신청 여부           */
             , LON_GRNTY_REQST_AT                                                                            /* 대출 보증 신청 여부           */
             , MRTGG_GRNTY_IRNCF_SPORT_STDR_AMOUNT                                                           /* 담보 보증 보험료 지원 기준 금액*/
             , MRTGG_GRNTY_CNFIRM_IRNCF                                                                      /* 담보 보증 확인 보험료         */
             , CHANGE_CONFM_DETAIL_CODE                                                                      /* 변경 승인 상세 코드           */
             , CHANGE_REQUST_RESN                                                                            /* 변경 요청 사유                */
             , LON_GRNTY_REQST_DT                                                                            /* 대출 보증 신청 일시           */
             , LON_GRNTY_TRMNAT_DT                                                                           /* 대출 보증 해지 일시           */
             , WRTM_TRMNAT_AT                                                                                /* 증거금 해지 여부              */
             , MRTGG_GRNTY_TRMNAT_AT                                                                         /* 담보 보증 해지 여부           */
             , LON_GRNTY_TRMNAT_AT                                                                           /* 대출 보증 해지 여부           */
             , MLG_ACCMLT_TRNOV                                                                              /* 마일리지 누적 회전율          */
             , WRTM_CONFM_AT                                                                                 /* 증거금 승인 여부              */
             , MRTGG_GRNTY_CONFM_AT                                                                          /* 담보 보증 승인 여부           */
             , LON_GRNTY_CONFM_AT                                                                            /* 대출 보증 승인 여부           */
             , ARRRG_CO                                                                                      /* 연체 건수           */
             , ACDNT_CO                                                                                      /* 사고 건수           */
             , SORIN_HOPE_LMT_AMOUNT                                                                         /* 케이지 희망 한도 금액           */
             , CDTLN_SVC_SE_CODE                                                                             /* 여신 서비스 구분 코드           */
             , RECOMENDR_ID                                                                                  /* 추천인 아이디                 */
          FROM MB_ENTRPS_INFO_BAS
         WHERE 1=1
           AND ENTRPS_NO = #{entrpsNo}
    </insert>

    <insert id="insertMbMberInfoBas" parameterType="com.sorincorp.mfo.mb.model.EntrpsEtrVO">
        /*  entrpsEtr.insertMbMberInfoBas   */
        INSERT INTO dbo.MB_MBER_INFO_BAS                                                                     /* 회원_회원 정보 기본           */
             (
               MBER_NO                                                                                       /* 회원 번호                     */
             , ENTRPS_NO                                                                                     /* 업체 번호                     */
             , MBER_ID                                                                                       /* 회원 아이디                   */
             , MBER_SECRET_NO                                                                                /* 회원 비밀 번호                */
             , NEXT_SECRET_NO_CHANGE_DT                                                                         /* 다음 비밀번호 변경 일시          */
             , MBER_ETR_DT                                                                                   /* 회원 가입 일시                */
             , MBER_RECENT_VISIT_DT                                                                          /* 회원 최근 방문 일시           */
             , MBER_CONFM_STTUS_CODE                                                                         /* 회원 승인 상태 코드           */
             , MBER_CONFM_PROCESS_DT                                                                         /* 회원 승인 처리 일시           */
             , MBER_NM                                                                                       /* 회원 이름                     */
             , MOBLPHON_NO                                                                                   /* 휴대전화 번호                 */
             , MBER_EMAIL                                                                                    /* 회원 이메일                   */
             , SELF_CRTFC_AT                                                                                 /* 본인 인증 여부                */
             , SELF_CRTFC_DT                                                                                 /* 본인 인증 일시                */
             , RECENT_CONECT_DT                                                                              /* 최근 접속 일시                */
             , MBER_STTUS_CODE                                                                               /* 회원 상태 코드                */
             , MBER_SE_CODE                                                                                  /* 회원 구분 코드                */
             , AUTHOR_CHANGE_AGRE_AT                                                                         /* 권한 변경 동의 여부           */
             , DELETE_AT                                                                                     /* 삭제 여부                     */
             , FRST_REGISTER_ID                                                                              /* 최초 등록자 아이디            */
             , FRST_REGIST_DT                                                                                /* 최초 등록 일시                */
             , LAST_CHANGER_ID                                                                               /* 최종 변경자 아이디            */
             , LAST_CHANGE_DT                                                                                /* 최종 변경 일시                */
             , TLPHON_NO                                                                                     /* 전화 번호                     */
             , USE_STPLAT_AGRE_AT                                                                            /* 이용 약관 동의 여부           */
             , USE_STPLAT_AGRE_DT                                                                            /* 이용 약관 동의 일시           */
             , ELCTRN_FNNC_DELNG_STPLAT_AGRE_AT                                                              /* 전자 금융 거래 약관 동의 여부 */
             , ELCTRN_FNNC_DELNG_STPLAT_AGRE_DT                                                              /* 전자 금융 거래 약관 동의 일시 */
             , INDVDL_INFO_PROCESS_POLCY_AGRE_AT                                                             /* 개인 정보 처리 방침 동의 여부 */
             , INDVDL_INFO_PROCESS_POLCY_AGRE_DT                                                             /* 개인 정보 처리 방침 동의 일시 */
             , REQUST_DT                                                                                     /* 승인요청일시                  */
             , ADVRTS_RECPTN_AGRE_AT                                                                         /* 마케팅정보 수신 동의 여부     */
             , ADVRTS_RECPTN_AGRE_DT                                                                         /* 마케팅정보 수신 동의 일시     */
             )
        VALUES
             (
               #{mberNo}                                                                                     /* 회원 번호                     */
             , #{entrpsNo}                                                                                   /* 업체 번호                     */
             , #{mberId}                                                                                     /* 회원 아이디                   */
             , #{mberSecretNo}                                                                               /* 회원 비밀 번호                */
             , DATEADD(DD, 90, GETDATE())                                                                    /*  다음 비밀번호 변경 일시      */
             , GETDATE()                                                                                     /* 회원 가입 일시                */
             , GETDATE()                                                                                     /* 회원 최근 방문 일시           */
             , '02'                                                                                          /* 회원 승인 상태 코드 - 승인요청*/
             , GETDATE()                                                                                     /* 회원 승인 처리 일시           */
             , #{mberNm}                                                                                     /* 회원 이름                     */
             , #{moblphonNo}                                                                                 /* 휴대전화 번호                 */
             , #{mberEmail}                                                                                  /* 회원 이메일                   */
             , #{selfCrtfcAt}                                                                                /* 본인 인증 여부                */
             , #{selfCrtfcDt}                                                                                /* 본인 인증 일시                */
             , GETDATE()                                                                                     /* 최근 접속 일시                */
             , '03'                                                                                          /* 회원 상태 코드 - 임시         */
             , '01'                                                                                          /* 회원 구분 코드 - 마스터       */
             , #{authorChangeAgreAt}                                                                         /* 권한 변경 동의 여부           */
             , 'N'                                                                                           /* 삭제 여부                     */
             , #{frstRegisterId}                                                                             /* 최초 등록자 아이디            */
             , GETDATE()                                                                                     /* 최초 등록 일시                */
             , #{lastChangerId}                                                                              /* 최종 변경자 아이디            */
             , GETDATE()                                                                                     /* 최종 변경 일시                */
             , #{tlphonNo}                                                                                   /* 전화 번호                     */
             , #{useStplatAgreAt}                                                                            /* 이용 약관 동의 여부           */
             , GETDATE()                                                                                     /* 이용 약관 동의 일시           */
             , #{elctrnFnncDelngStplatAgreAt}                                                                /* 전자 금융 거래 약관 동의 여부 */
             , GETDATE()                                                                                     /* 전자 금융 거래 약관 동의 일시 */
             , #{indvdlInfoProcessPolcyAgreAt}                                                               /* 개인 정보 처리 방침 동의 여부 */
             , GETDATE()                                                                                     /* 개인 정보 처리 방침 동의 일시 */
             , GETDATE()                                                                                     /* 승인요청일시                  */
             , #{advrtsRecptnAgreAt}                                                                         /* 마케팅정보 수신 동의 여부     */
             , GETDATE()                                                                                     /* 마케팅정보 수신 동의 일시     */
             )
    </insert>

    <insert id="insertMbMberInfoBasHst" parameterType="com.sorincorp.mfo.mb.model.EntrpsEtrVO">
        /*  entrpsEtr.insertMbMberInfoBasHst   */
        INSERT INTO dbo.MB_MBER_INFO_BAS_HST                                                                 /* 회원_회원 정보 기본 이력      */
             (
               MBER_NO                                                                                       /* 회원 번호                     */
             , ENTRPS_NO                                                                                     /* 업체 번호                     */
             , MBER_ID                                                                                       /* 회원 아이디                   */
             , MBER_SECRET_NO                                                                                /* 회원 비밀 번호                */
             , MBER_ETR_DT                                                                                   /* 회원 가입 일시                */
             , MBER_RECENT_VISIT_DT                                                                          /* 회원 최근 방문 일시           */
             , MBER_CONFM_STTUS_CODE                                                                         /* 회원 승인 상태 코드           */
             , MBER_CONFM_PROCESS_DT                                                                         /* 회원 승인 처리 일시           */
             , CONFMER_NM                                                                                    /* 승인자 명                     */
             , REQUST_RESN                                                                                   /* 요청 사유                     */
             , CONFM_RESN                                                                                    /* 승인 사유                     */
             , MBER_NM                                                                                       /* 회원 이름                     */
             , MOBLPHON_NO                                                                                   /* 휴대전화 번호                 */
             , TLPHON_NO                                                                                     /* 전화 번호                     */
             , MBER_EMAIL                                                                                    /* 회원 이메일                   */
             , USE_STPLAT_AGRE_AT                                                                            /* 이용 약관 동의 여부           */
             , USE_STPLAT_AGRE_DT                                                                            /* 이용 약관 동의 일시           */
             , ELCTRN_FNNC_DELNG_STPLAT_AGRE_AT                                                              /* 전자 금융 거래 약관 동의 여부 */
             , ELCTRN_FNNC_DELNG_STPLAT_AGRE_DT                                                              /* 전자 금융 거래 약관 동의 일시 */
             , INDVDL_INFO_PROCESS_POLCY_AGRE_AT                                                             /* 개인 정보 처리 방침 동의 여부 */
             , INDVDL_INFO_PROCESS_POLCY_AGRE_DT                                                             /* 개인 정보 처리 방침 동의 일시 */
             , SELF_CRTFC_AT                                                                                 /* 본인 인증 여부                */
             , SELF_CRTFC_DT                                                                                 /* 본인 인증 일시                */
             , LOGIN_FAILR_RTRVL                                                                             /* 로그인 실패 회수              */
             , SECRET_NO_ERROR_CO                                                                            /* 비밀 번호 오류 횟수           */
             , SECRET_NO_UPDT_DT                                                                             /* 비밀 번호 수정 일시           */
             , NEXT_SECRET_NO_CHANGE_DT                                                                      /* 다음 비밀 번호 변경 일시      */
             , RECENT_CONECT_DT                                                                              /* 최근 접속 일시                */
             , MBER_STTUS_CODE                                                                               /* 회원 상태 코드                */
             , MBER_SE_CODE                                                                                  /* 회원 구분 코드                */
             , AUTHOR_CHANGE_AGRE_AT                                                                         /* 권한 변경 동의 여부           */
             , DELETE_AT                                                                                     /* 삭제 여부                     */
             , DELETE_DT                                                                                     /* 삭제 일시                     */
             , FRST_REGISTER_ID                                                                              /* 최초 등록자 아이디            */
             , FRST_REGIST_DT                                                                                /* 최초 등록 일시                */
             , LAST_CHANGER_ID                                                                               /* 최종 변경자 아이디            */
             , LAST_CHANGE_DT                                                                                /* 최종 변경 일시                */
             , REQUST_DT                                                                                     /* 승인요청 일시                 */
             , ADVRTS_RECPTN_AGRE_AT                                                                         /* 마케팅정보 수신 동의 여부     */
             , ADVRTS_RECPTN_AGRE_DT                                                                         /* 마케팅정보 수신 동의 일시     */
             )
             SELECT
               MMIB.MBER_NO                                                                                  /* 회원 번호                     */
             , MMIB.ENTRPS_NO                                                                                /* 업체 번호                     */
             , MMIB.MBER_ID                                                                                  /* 회원 아이디                   */
             , MMIB.MBER_SECRET_NO                                                                           /* 회원 비밀 번호                */
             , MMIB.MBER_ETR_DT                                                                              /* 회원 가입 일시                */
             , MMIB.MBER_RECENT_VISIT_DT                                                                     /* 회원 최근 방문 일시           */
             , MMIB.MBER_CONFM_STTUS_CODE                                                                    /* 회원 승인 상태 코드           */
             , MMIB.MBER_CONFM_PROCESS_DT                                                                    /* 회원 승인 처리 일시           */
             , MMIB.CONFMER_NM                                                                               /* 승인자 명                     */
             , MMIB.REQUST_RESN                                                                              /* 요청 사유                     */
             , MMIB.CONFM_RESN                                                                               /* 승인 사유                     */
             , MMIB.MBER_NM                                                                                  /* 회원 이름                     */
             , MMIB.MOBLPHON_NO                                                                              /* 휴대전화 번호                 */
             , MMIB.TLPHON_NO                                                                                /* 전화 번호                     */
             , MMIB.MBER_EMAIL                                                                               /* 회원 이메일                   */
             , MMIB.USE_STPLAT_AGRE_AT                                                                       /* 이용 약관 동의 여부           */
             , MMIB.USE_STPLAT_AGRE_DT                                                                       /* 이용 약관 동의 일시           */
             , MMIB.ELCTRN_FNNC_DELNG_STPLAT_AGRE_AT                                                         /* 전자 금융 거래 약관 동의 여부 */
             , MMIB.ELCTRN_FNNC_DELNG_STPLAT_AGRE_DT                                                         /* 전자 금융 거래 약관 동의 일시 */
             , MMIB.INDVDL_INFO_PROCESS_POLCY_AGRE_AT                                                        /* 개인 정보 처리 방침 동의 여부 */
             , MMIB.INDVDL_INFO_PROCESS_POLCY_AGRE_DT                                                        /* 개인 정보 처리 방침 동의 일시 */
             , MMIB.SELF_CRTFC_AT                                                                            /* 본인 인증 여부                */
             , MMIB.SELF_CRTFC_DT                                                                            /* 본인 인증 일시                */
             , MMIB.LOGIN_FAILR_RTRVL                                                                        /* 로그인 실패 회수              */
             , MMIB.SECRET_NO_ERROR_CO                                                                       /* 비밀 번호 오류 횟수           */
             , MMIB.SECRET_NO_UPDT_DT                                                                        /* 비밀 번호 수정 일시           */
             , MMIB.NEXT_SECRET_NO_CHANGE_DT                                                                 /* 다음 비밀 번호 변경 일시      */
             , MMIB.RECENT_CONECT_DT                                                                         /* 최근 접속 일시                */
             , MMIB.MBER_STTUS_CODE                                                                          /* 회원 상태 코드                */
             , MMIB.MBER_SE_CODE                                                                             /* 회원 구분 코드                */
             , MMIB.AUTHOR_CHANGE_AGRE_AT                                                                    /* 권한 변경 동의 여부           */
             , MMIB.DELETE_AT                                                                                /* 삭제 여부                     */
             , MMIB.DELETE_DT                                                                                /* 삭제 일시                     */
             , MMIB.FRST_REGISTER_ID                                                                         /* 최초 등록자 아이디            */
             , MMIB.FRST_REGIST_DT                                                                           /* 최초 등록 일시                */
             , MMIB.LAST_CHANGER_ID                                                                          /* 최종 변경자 아이디            */
             , MMIB.LAST_CHANGE_DT                                                                           /* 최종 변경 일시                */
             , MMIB.REQUST_DT
             , MMIB.ADVRTS_RECPTN_AGRE_AT                                                                     /* 마케팅정보 수신 동의 여부     */
             , MMIB.ADVRTS_RECPTN_AGRE_DT                                                                     /* 마케팅정보 수신 동의 일시     */
          FROM dbo.MB_MBER_INFO_BAS AS MMIB WITH (NOLOCK)                                                    /* 회원_회원 정보 기본           */
      WHERE 1=1
           AND MMIB.MBER_NO = #{mberNo}
    </insert>

    <insert id="insertMbDlvrgBas" parameterType="com.sorincorp.mfo.mb.model.EntrpsEtrVO">
        /*  entrpsEtr.insertMbDlvrgBas   */
        INSERT INTO dbo.MB_DLVRG_BAS                                                                         /* 회원_배송지 기본              */
             (
               ENTRPS_NO                                                                                     /* 업체 번호                     */
             , BASS_DLVRG_AT                                                                                 /* 기본 배송지 여부              */
             , DLVRG_NM                                                                                      /* 배송지 명                     */
             , POST_NO                                                                                       /* 우편 번호                     */
             , ADRES                                                                                         /* 주소                          */
             , DETAIL_ADRES                                                                                  /* 상세 주소                     */
             , RN_ADRES                                                                                      /* 도로명 주소                   */
             , RN_DETAIL_ADRES                                                                               /* 도로명 상세 주소              */
             , LEGALDONG_CODE                                                                                /* 법정동 코드                   */
             , DLVRG_CHARGER                                                                                 /* 배송지 담당자                 */
             , DLVRG_CHARGER_CTTPC                                                                           /* 배송지 담당자 연락처          */
             , DLVRG_CHARGER_EMAIL                                                                           /* 배송지 담당자 이메일           */
             , DELETE_AT                                                                                     /* 삭제 여부                     */
             , FRST_REGISTER_ID                                                                              /* 최초 등록자 아이디            */
             , FRST_REGIST_DT                                                                                /* 최초 등록 일시                */
             , LAST_CHANGER_ID                                                                               /* 최종 변경자 아이디            */
             , LAST_CHANGE_DT                                                                                /* 최종 변경 일시                */
             , DLVRG_SE_DETAIL_SN                                                                             /* 배송지 구분 상세 순번           */
             )
        VALUES
             (
               #{entrpsNo}                                                                                   /* 업체 번호                     */
             , 'Y'                                                                                             /* 기본 배송지 여부              */
             , '본사'                                                                                             /* 배송지 명                     */
             , #{dlvrgPostNo}                                                                                /* 우편 번호                     */
             , #{dlvrgAdres}                                                                                 /* 주소                          */
             , #{dlvrgDetailAdres}                                                                           /* 상세 주소                     */
             , #{dlvrgRnAdres}                                                                               /* 도로명 주소                   */
             , #{dlvrgDetailAdres}                                                                           /* 도로명 상세 주소              */
             , #{bcode}                                                                                      /* 법정동 코드                   */
             , #{dlvrgCharger}                                                                               /* 배송지 담당자                 */
             , #{dlvrgChargerCttpc}                                                                          /* 배송지 담당자 연락처          */
             , #{dlvrgChargerEmail}                                                                          /* 배송지 담당자 이메일*/
             , 'N'                                                                                             /* 삭제 여부                     */
             , #{frstRegisterId}                                                                             /* 최초 등록자 아이디            */
             , GETDATE()                                                                                       /* 최초 등록 일시                */
             , #{lastChangerId}                                                                              /* 최종 변경자 아이디            */
             , GETDATE()                                                                                     /* 최종 변경 일시                */
             , '1'                                                                                             /* 배송지 구분 상세 순번           */
             )
    </insert>

    <insert id="insertMbDlvrgBasHst" parameterType="com.sorincorp.mfo.mb.model.EntrpsEtrVO">
        /*  entrpsEtr.insertMbDlvrgBasHst   */
        SET TRANSACTION ISOLATION LEVEL READ UNCOMMITTED
        INSERT INTO dbo.MB_DLVRG_BAS_HST                                                                     /* 회원_배송지 기본 이력         */
             (
               ENTRPS_NO                                                                                     /* 업체 번호                     */
             , DLVRG_NO                                                                                      /* 배송지 번호                   */
             , DLVRG_SE_DETAIL_SN                                                                            /* 배송지 구분 상세 순번         */
             , BASS_DLVRG_AT                                                                                 /* 기본 배송지 여부              */
             , DLVRG_NM                                                                                      /* 배송지 명                     */
             , POST_NO                                                                                       /* 우편 번호                     */
             , ADRES                                                                                         /* 주소                          */
             , DETAIL_ADRES                                                                                  /* 상세 주소                     */
             , RN_ADRES                                                                                      /* 도로명 주소                   */
             , RN_DETAIL_ADRES                                                                               /* 도로명 상세 주소              */
             , CRDNT_LA                                                                                      /* 좌표 위도                     */
             , CRDNT_LO                                                                                      /* 좌표 경도                     */
             , LEGALDONG_CODE                                                                                /* 법정동 코드                   */
             , DLVRG_CHARGER                                                                                 /* 배송지 담당자                 */
             , DLVRG_CHARGER_CTTPC                                                                           /* 배송지 담당자 연락처          */
             , DELETE_AT                                                                                     /* 삭제 여부                     */
             , DELETE_DT                                                                                     /* 삭제 일시                     */
             , FRST_REGISTER_ID                                                                              /* 최초 등록자 아이디            */
             , FRST_REGIST_DT                                                                                /* 최초 등록 일시                */
             , LAST_CHANGER_ID                                                                               /* 최종 변경자 아이디            */
             , LAST_CHANGE_DT                                                                                /* 최종 변경 일시                */
             )
         SELECT
               MDB.ENTRPS_NO                                                                                 /* 업체 번호                     */
             , MDB.DLVRG_NO                                                                                  /* 배송지 번호                   */
             , MDB.DLVRG_SE_DETAIL_SN                                                                        /* 배송지 구분 상세 순번         */
             , MDB.BASS_DLVRG_AT                                                                             /* 기본 배송지 여부              */
             , MDB.DLVRG_NM                                                                                  /* 배송지 명                     */
             , MDB.POST_NO                                                                                   /* 우편 번호                     */
             , MDB.ADRES                                                                                     /* 주소                          */
             , MDB.DETAIL_ADRES                                                                              /* 상세 주소                     */
             , MDB.RN_ADRES                                                                                  /* 도로명 주소                   */
             , MDB.RN_DETAIL_ADRES                                                                           /* 도로명 상세 주소              */
             , MDB.CRDNT_LA                                                                                  /* 좌표 위도                     */
             , MDB.CRDNT_LO                                                                                  /* 좌표 경도                     */
             , MDB.LEGALDONG_CODE                                                                            /* 법정동 코드                   */
             , MDB.DLVRG_CHARGER                                                                             /* 배송지 담당자                 */
             , MDB.DLVRG_CHARGER_CTTPC                                                                       /* 배송지 담당자 연락처          */
             , MDB.DELETE_AT                                                                                 /* 삭제 여부                     */
             , MDB.DELETE_DT                                                                                 /* 삭제 일시                     */
             , MDB.FRST_REGISTER_ID                                                                          /* 최초 등록자 아이디            */
             , MDB.FRST_REGIST_DT                                                                            /* 최초 등록 일시                */
             , MDB.LAST_CHANGER_ID                                                                           /* 최종 변경자 아이디            */
             , MDB.LAST_CHANGE_DT                                                                            /* 최종 변경 일시                */
      FROM dbo.MB_DLVRG_BAS AS MDB WITH (NOLOCK)                                                             /* 회원_배송지 기본              */
     WHERE 1=1
       AND MDB.ENTRPS_NO = #{entrpsNo}
    </insert>

    <select id="selectEntrpsEtrStplat" resultType="com.sorincorp.mfo.mb.model.EntrpsEtrVO">
        /*  entrpsEtr.selectEntrpsEtrStplat   */
        <![CDATA[
        SET TRANSACTION ISOLATION LEVEL READ UNCOMMITTED
            SELECT * FROM (
                SELECT ROWNUM
                    , Z.STPLAT_NO
                    , Z.STPLAT_CN_ONE
                    , Z.STPLAT_CN_TWO
                    , Z.STPLAT_SE_CODE
                    , dbo.fn_getCodeNm('STPLAT_SE_CODE', Z.STPLAT_SE_CODE) as STPLAT_SE_CODE_NM
                    , CONVERT(DATE, Z.STPLATREFORM_BEGIN_DE) AS STPLATREFORM_BEGIN_DE
                    , CASE
                        WHEN END_DAY < CONVERT(VARCHAR(8), GETDATE(), 112) THEN 'END' /*게시 만료 */
                        WHEN STPLATREFORM_BEGIN_DE <= CONVERT(VARCHAR(8), GETDATE(), 112) AND END_DAY >= CONVERT(VARCHAR(8), GETDATE(), 112) THEN 'ING' /*게시 중 */
                        WHEN STPLATREFORM_BEGIN_DE > CONVERT(VARCHAR(8), GETDATE(), 112) THEN 'YET' /*게시 대기 */
                      END AS "STPLAT_STTUS"
                FROM (
                    SELECT A.*
                      FROM (
                        SELECT row_number() OVER(ORDER BY STPLAT_SE_CODE) AS ROWNUM
                             , Z.STPLAT_NO /* 약관 번호 */
                             , Z.STPLAT_SE_CODE /* 약관구분 코드 */
                             , Z.STPLAT_CN_ONE /* 약관 내용 1 */
                             , Z.STPLAT_CN_TWO /* 약관 내용 2 */
                             , Z.STPLATREFORM_NOTICE_DE /* 약관개정 공지 일자 */
                             , Z.STPLATREFORM_BEGIN_DE /* 약관개정 시작 일자 */
                             , Z.DELETE_AT /* 삭제 여부 */
                             , ISNULL((SELECT TOP 1 CONVERT(VARCHAR(8), DATEADD(DD, -1, CONVERT(DATETIME, STPLATREFORM_BEGIN_DE)), 112)
                          FROM OP_SVC_STPLAT_BAS A
                         WHERE STPLATREFORM_BEGIN_DE > Z.STPLATREFORM_BEGIN_DE
                           AND DELETE_AT = 'N'
                           AND STPLAT_SE_CODE = Z.STPLAT_SE_CODE
                         ORDER BY STPLATREFORM_BEGIN_DE), '99991231') AS END_DAY
                          FROM OP_SVC_STPLAT_BAS Z
                         WHERE 1=1
                           AND DELETE_AT = 'N'
                           AND STPLAT_SE_CODE = Z.STPLAT_SE_CODE
                        ) A
                    ) Z
                )X
            WHERE 1=1
            AND STPLAT_STTUS = 'ING'
            ORDER BY ROWNUM ASC;
         ]]>
    </select>

    <insert id="insertAttachFile" parameterType="com.sorincorp.mfo.mb.model.DocInfoVO">
        /*  entrpsEtr.insertAttachFile   */
        INSERT INTO dbo.MB_ENTRPS_ATCH_FILE_RLS                                                              /* 회원_업체 첨부 파일 관계      */
             (
               ENTRPS_NO                                                                                     /* 업체 번호                     */
             , DOC_NO                                                                                        /* 문서 번호                     */
             , JOB_SE_CODE                                                                                   /* 업무 구분 코드                */
             , DOC_SJ                                                                                        /* 문서 제목                     */
             , DELETE_AT                                                                                     /* 삭제 여부                     */
             , FRST_REGISTER_ID                                                                              /* 최초 등록자 아이디            */
             , FRST_REGIST_DT                                                                                /* 최초 등록 일시                */
             , LAST_CHANGER_ID                                                                               /* 최종 변경자 아이디            */
             , LAST_CHANGE_DT                                                                                /* 최종 변경 일시                */
             , SCRIN_ID                                                                                      /*                               */
             )
        VALUES
             (
               #{entrpsNo}                                                                                   /* 업체 번호                     */
             , #{docNo}                                                                                      /* 문서 번호                     */
             , #{jobSeCode}                                                                                  /* 업무 구분 코드                */
             , #{docSj}                                                                                      /* 문서 제목                     */
             , 'N'                                                                                           /* 삭제 여부                     */
             , #{frstRegisterId}                                                                             /* 최초 등록자 아이디            */
             , GETDATE()                                                                                     /* 최초 등록 일시                */
             , #{lastChangerId}                                                                              /* 최종 변경자 아이디            */
             , GETDATE()                                                                                     /* 최종 변경 일시                */
             , #{scrinId}                                                                                    /*                               */
             )
    </insert>

    <insert id="insertMberMarktRecptnMediaBas" parameterType="com.sorincorp.mfo.mb.model.EntrpsEtrVO">
           /*  entrpsEtr.insertMberMarktRecptnMediaBas   */
        INSERT INTO dbo.MB_MBER_MARKT_RECPTN_MEDIA_BAS                                                        /* 회원_마케팅 수신 동의여부     */
            (
            MBER_NO                                                                                            /* 회원 번호                     */
            , MARKT_RECPTN_SMS                                                                                /* 회원 문자 수신 동의 여부      */
            , MARKT_RECPTN_EMAIL                                                                            /* 회원 메일 수신 동의 여부      */
            , MARKT_RECPTN_PUSH                                                                                /* 회원 push 수신 동의 여부         */
            , FRST_REGIST_DT                                                                                /* 최초 등록 일시                */
            , FRST_REGISTER_ID                                                                                /* 최초 등록 아이디              */
            )
        VALUES
            (
            #{mberNo}                                                                                        /* 회원 번호                     */
            , #{marktRecptnSms}                                                                                /* 회원 문자 수신 동의 여부      */
            , #{marktRecptnEmail}                                                                            /* 회원 메일 수신 동의 여부      */
            , #{marktRecptnPush}                                                                            /* 회원 push 수신 동의 여부         */
            , GETDATE()                                                                                       /* 최초 등록 일시                */
            , #{frstRegisterId}                                                                                /* 최초 등록 아이디              */
            )
    </insert>

    <insert id="insertMberMarktRecptnMediaHst" parameterType="com.sorincorp.mfo.mb.model.EntrpsEtrVO">
        /*  entrpsEtr.insertMberMarktRecptnMediaHst   */
        SET TRANSACTION ISOLATION LEVEL READ UNCOMMITTED
        INSERT INTO dbo.MB_MBER_MARKT_RECPTN_MEDIA_BAS_HST                                                        /* 회원_마케팅 수신 동의여부     */
            (
            MBER_NO                                                                                            /* 회원 번호                     */
            , MARKT_RECPTN_SMS                                                                                /* 회원 문자 수신 동의 여부      */
            , MARKT_RECPTN_EMAIL                                                                            /* 회원 메일 수신 동의 여부      */
            , MARKT_RECPTN_PUSH                                                                                 /* 회원 push 수신 동의 여부         */
            , FRST_REGIST_DT                                                                                /* 최초 등록 일시                */
            , FRST_REGISTER_ID                                                                                /* 최초 등록 아이디              */
            )
        SELECT
            #{mberNo}                                                                                        /* 회원 번호                     */
            , MMRMB.MARKT_RECPTN_SMS                                                                        /* 회원 문자 수신 동의 여부      */
            , MMRMB.MARKT_RECPTN_EMAIL                                                                        /* 회원 메일 수신 여부 일시      */
            , MMRMB.MARKT_RECPTN_PUSH                                                                        /* 회원 push 수신 동의 여부      */
            , MMRMB.FRST_REGIST_DT                                                                            /* 최초 등록 일시                */
            , MMRMB.FRST_REGISTER_ID                                                                         /* 최초 등록 아이디              */
        FROM dbo.MB_MBER_MARKT_RECPTN_MEDIA_BAS AS MMRMB WITH (NOLOCK)
        WHERE 1=1
            AND MMRMB.MBER_NO = #{mberNo}
    </insert>

    <select id="selectMbEntrpsMrtggCntrctBasUnMatchList" resultType="com.sorincorp.mfo.my.model.CorpInfoMgrVO">
       /*  entrpsEtr.selectMbEntrpsMrtggCntrctBasUnMatchList  */
       SET TRANSACTION ISOLATION LEVEL READ UNCOMMITTED
       SELECT
           MEMCB.BSNM_REGIST_NO
           , MEMCB.GRNTY_NO
           , MEMCB.ENTRPS_MRTGG_CNTRCT_SN
           , MEMCB.MRTGG_PROGRS_STTUS_CODE
           , MEMCB.GRNTY_AMOUNT
         FROM dbo.MB_ENTRPS_MRTGG_CNTRCT_BAS AS MEMCB
        WHERE 1=1
          AND MEMCB.BSNM_REGIST_NO                        = #{bsnmRegistNo}
          AND ISNULL(MEMCB.ENTRPS_NO, '')                 = ''
          AND MEMCB.CDTLN_SVC_SE_CODE                     = '01'          /* 여신서비스구분코드 01(전자상거래보증)*/
        ORDER BY MEMCB.FRST_REGIST_DT
    </select>

    <update id="updateMbEntrpsMrtGGCntrctBasEntrpsNo" parameterType="com.sorincorp.mfo.my.model.CorpInfoMgrVO">
        /*  entrpsEtr.updateMbEntrpsMrtGGCntrctBasEntrpsNo  */
        UPDATE dbo.MB_ENTRPS_MRTGG_CNTRCT_BAS
            SET ENTRPS_NO                           = #{entrpsNo}
                , ENTRPS_NM                         = #{entrpsnmKorean}
                , LAST_CHANGER_ID                   = #{lastChangerId}
                , LAST_CHANGE_DT                    = GETDATE()
         WHERE 1=1
           AND GRNTY_NO                             = #{grntyNo}
           AND ENTRPS_MRTGG_CNTRCT_SN               = #{entrpsMrtggCntrctSn}
    </update>

    <insert id="insertMbEntrpsMrtGGCntrctBasHst" parameterType="com.sorincorp.mfo.my.model.CorpInfoMgrVO">
        /*  entrpsEtr.insertMbEntrpsMrtGGCntrctBasHst  */
        SET TRANSACTION ISOLATION LEVEL READ UNCOMMITTED
        INSERT INTO dbo.MB_ENTRPS_MRTGG_CNTRCT_BAS_HST
        (
            BSNM_REGIST_NO
            , GRNTY_NO
            , ENTRPS_MRTGG_CNTRCT_SN
            , CPR_REGIST_NO
            , ENTRPS_NM
            , GRNTY_REQST_NO
            , RCEPT_DE
            , GRNTY_REQST_AMOUNT
            , CONFM_DE
            , CONFM_AMOUNT
            , MRTGG_PROGRS_STTUS_CODE
            , ISSU_DE
            , GRNTY_AMOUNT
            , GRNTY_TMLMT_BEGIN_DE
            , GRNTY_TMLMT_END_DE
            , FRST_REGISTER_ID
            , FRST_REGIST_DT
            , LAST_CHANGER_ID
            , LAST_CHANGE_DT
            , LAST_CNTRCT_AT
            , ENTRPS_NO
            , MP_FEE
            , MRTGG_CND_CHANGE_DETAIL_CODE
            , BATCH_REFLCT_AT
            , END_AT
            , MP_FEE_MDAT_AMOUNT
            , MP_FEE_MDAT_RESN
            , MRTGG_GRNTY_FEE_BND_MBY_AT
            , CDTLN_SVC_SE_CODE
        )
        SELECT TOP 1
            BSNM_REGIST_NO
            , GRNTY_NO
            , ENTRPS_MRTGG_CNTRCT_SN
            , CPR_REGIST_NO
            , ENTRPS_NM
            , GRNTY_REQST_NO
            , RCEPT_DE
            , GRNTY_REQST_AMOUNT
            , CONFM_DE
            , CONFM_AMOUNT
            , MRTGG_PROGRS_STTUS_CODE
            , ISSU_DE
            , GRNTY_AMOUNT
            , GRNTY_TMLMT_BEGIN_DE
            , GRNTY_TMLMT_END_DE
            , FRST_REGISTER_ID
            , FRST_REGIST_DT
            , LAST_CHANGER_ID
            , LAST_CHANGE_DT
            , LAST_CNTRCT_AT
            , ENTRPS_NO
            , MP_FEE
            , MRTGG_CND_CHANGE_DETAIL_CODE
            , BATCH_REFLCT_AT
            , END_AT
            , MP_FEE_MDAT_AMOUNT
            , MP_FEE_MDAT_RESN
            , MRTGG_GRNTY_FEE_BND_MBY_AT
            , CDTLN_SVC_SE_CODE
          FROM dbo.MB_ENTRPS_MRTGG_CNTRCT_BAS
         WHERE 1=1
           AND BSNM_REGIST_NO                           = #{bsnmRegistNo}
           AND GRNTY_NO                                 = #{grntyNo}
           AND ENTRPS_MRTGG_CNTRCT_SN                   = #{entrpsMrtggCntrctSn}
    </insert>

    <select id="selectMrtggBlce" parameterType="com.sorincorp.mfo.my.model.CorpInfoMgrVO" resultType="long">
        /*  entrpsEtr.selectMrtggBlce   */
        SET TRANSACTION ISOLATION LEVEL READ UNCOMMITTED
        SELECT TOP 1
            ISNULL(MRTGG_BLCE, 0)
          FROM dbo.MB_ENTRPS_MRTGG_LMT_DTL
         WHERE 1=1
           AND ENTRPS_NO                                = #{entrpsNo}
           AND GRNTY_NO                                 = #{grntyNo}
           AND ISNULL(DELETE_AT, 'N')                   = 'N'
         ORDER BY MRTGG_DELNG_DT DESC
    </select>

    <insert id="insertMbEntrpsMbEntrpsMrtggLmtDtl" parameterType="com.sorincorp.mfo.my.model.CorpInfoMgrVO" useGeneratedKeys="true" keyProperty="entrpsMrtggSn">
        /*  entrpsEtr.insertMbEntrpsMbEntrpsMrtggLmtDtl  */
        SET TRANSACTION ISOLATION LEVEL READ UNCOMMITTED
        INSERT INTO dbo.MB_ENTRPS_MRTGG_LMT_DTL
        (
            ENTRPS_NO                                                                   /* 업체번호     */
            , ENTRPS_MRTGG_CNTRCT_SN                                                    /* 전자상거래보증 계약순번     */
            , GRNTY_NO                                                                  /* 보증번호     */
            , MRTGG_DELNG_DT                                                            /* 거래일시     */
            , MRTGG_DELNG_TY_CODE                                                       /* 거래유형코드     */
            , MRTGG_SUMRY                                                               /* 적요     */
            , MRTGG_DELNG_AMOUNT                                                        /* 거래금액     */
            , MRTGG_BLCE                                                                /* 잔액     */
            , MRTGG_DFNNT                                                               /* 차액     */
            , DELETE_AT                                                                 /* 삭제여부     */
            , DELETE_DT                                                                 /* 삭제일시     */
            , FRST_REGISTER_ID                                                          /* 최초등록자     */
            , FRST_REGIST_DT                                                            /* 최초등록일시     */
            , LAST_CHANGER_ID                                                           /* 최종변경자     */
            , LAST_CHANGE_DT                                                            /* 최종변경일시     */
        )
        VALUES
        (
            #{entrpsNo}
            , #{entrpsMrtggCntrctSn}
            , #{grntyNo}
            , GETDATE()
            , #{mrtggDelngTyCode}
            , #{mrtggSumry}
            , #{mrtggDelngAmount}
            , #{mrtggBlce}
            , NULL
            , 'N'
            , NULL
            , #{lastChangerId}
            , GETDATE()
            , #{lastChangerId}
            , GETDATE()
        )
    </insert>

    <insert id="insertMbEntrpsMbEntrpsMrtggLmtDtlHst" parameterType="com.sorincorp.mfo.my.model.CorpInfoMgrVO">
        /*  entrpsEtr.insertMbEntrpsMbEntrpsMrtggLmtDtlHst  */
        SET TRANSACTION ISOLATION LEVEL READ UNCOMMITTED
        INSERT INTO dbo.MB_ENTRPS_MRTGG_LMT_DTL_HST
        (
            ENTRPS_MRTGG_SN                                                             /* 담보내역순번     */
            , ENTRPS_MRTGG_CNTRCT_SN                                                    /* 담보계약순번     */
            , ENTRPS_NO                                                                 /* 업체번호     */
            , GRNTY_NO                                                                  /* 보증번호     */
            , MRTGG_DELNG_DT                                                            /* 거래일시     */
            , MRTGG_DELNG_TY_CODE                                                       /* 거래유형     */
            , MRTGG_SUMRY                                                               /* 적요     */
            , MRTGG_DELNG_AMOUNT                                                        /* 거래금액     */
            , MRTGG_BLCE                                                                /* 잔액     */
            , MRTGG_DFNNT                                                               /* 차액     */
            , DELETE_AT                                                                 /* 삭제여부     */
            , DELETE_DT                                                                 /* 삭제일시     */
            , FRST_REGISTER_ID                                                          /* 최초등록자     */
            , FRST_REGIST_DT                                                            /* 최초등록일시     */
            , LAST_CHANGER_ID                                                           /* 최종변경자     */
            , LAST_CHANGE_DT                                                            /* 최종변경일시     */
        )
        SELECT TOP 1
            ENTRPS_MRTGG_SN
            , ENTRPS_MRTGG_CNTRCT_SN
            , ENTRPS_NO
            , GRNTY_NO
            , MRTGG_DELNG_DT
            , MRTGG_DELNG_TY_CODE
            , MRTGG_SUMRY
            , MRTGG_DELNG_AMOUNT
            , MRTGG_BLCE
            , MRTGG_DFNNT
            , DELETE_AT
            , DELETE_DT
            , FRST_REGISTER_ID
            , FRST_REGIST_DT
            , LAST_CHANGER_ID
            , LAST_CHANGE_DT
          FROM dbo.MB_ENTRPS_MRTGG_LMT_DTL
         WHERE 1=1
           AND ENTRPS_MRTGG_SN = #{entrpsMrtggSn}
    </insert>
    
	<select id="getEntrpsInfo" parameterType="String" resultType="com.sorincorp.mfo.mb.model.EntrpsEtrVO">
		/*  entrpsEtr.getEntrpsInfo  */
		SET TRANSACTION ISOLATION LEVEL READ UNCOMMITTED
		SELECT MMIB.MBER_NO
			 , MMIB.MOBLPHON_NO
		  FROM MB_MBER_INFO_BAS MMIB 
		 WHERE 1=1
		   AND DELETE_AT = 'N' 
		   AND ENTRPS_NO = #{entrpsNo}
	</select>

</mapper>