<?xml version="1.0" encoding="UTF-8"?>
<!DOCTYPE mapper PUBLIC "-//mybatis.org//DTD Mapper 3.0//EN" "http://mybatis.org/dtd/mybatis-3-mapper.dtd">

<mapper namespace="com.sorincorp.api.ehr.mapper.EhrMapper">

	<delete id="deleteCom" parameterType="int">

		DELETE CO_CPR_BAS
		FROM CO_CPR_BAS C
		WHERE  1 >
			(	SELECT COUNT(*)
				FROM IF_CPR_BAS B
				WHERE INTRFC_NO = #{INTRFC_NO}
				AND B.CPR_CODE = C.CPR_CODE
			)
		;

	</delete>
	<insert id="updateCom" parameterType="java.util.Map">
		/* 법인 정보 전체 조회 API */

		/* 원본 테이블 변경 */
		MERGE INTO CO_CPR_BAS A
		USING (
			SELECT #{CO_CD} AS CPR_CODE
		) B ON (A.CPR_CODE = B.CPR_CODE)
		WHEN MATCHED THEN
			UPDATE SET
			CMPNY_ESNTL_NO = #{CMP_ID}
			, KOREAN_CPR_NM = #{CO_NM}
			, ABRV_CPR_NM = #{CO_BNM}
			, CPR_OPBIZ_DE = #{FR_DT, jdbcType=DATE}
			, CPR_REGIST_NO = #{CO_NO}
			, POST_NO = #{ZIP_CD}
			, HDOFC_ADRES = #{ADDR}
			, RPRSNTV_NM = #{CEO_NAME}
			, RPRSNTV_INHBTNT_NO = #{CEO_ID}
			, CRNCY = #{CURY_BC}
			, LAST_UPDT_DE = #{UP_DEPT, jdbcType=DATE}

		WHEN NOT MATCHED THEN

			INSERT
				(
				CMPNY_ESNTL_NO			/*회사 고유 번호*/
				, CPR_CODE				/*법인 코드*/
				, KOREAN_CPR_NM			/*한글 법인 명*/
				, ABRV_CPR_NM			/*약칭 법인 명*/
				, CPR_OPBIZ_DE			/*법인 개업 일자*/
				, CPR_REGIST_NO			/*법인 등록 번호*/
				, POST_NO				/*우편 번호*/
				, HDOFC_ADRES			/*본점 주소*/
				, RPRSNTV_NM			/*대표자 명*/
				, RPRSNTV_INHBTNT_NO	/*대표자 주민 번호*/
				, CRNCY					/*통화*/
				, LAST_UPDT_DE			/*최종 수정 일자*/
				)
			VALUES
				(
				#{CMP_ID}
				, #{CO_CD}
				, #{CO_NM}
				, #{CO_BNM}
				, #{FR_DT, jdbcType=DATE}
				, #{CO_NO}
				, #{ZIP_CD}
				, #{ADDR}
				, #{CEO_NAME}
				, #{CEO_ID}
				, #{CURY_BC}
				, #{UP_DEPT, jdbcType=DATE}
				)
				;
	</insert>

	<insert id="insertIfCprBas" parameterType="java.util.Map">
		/* 히스토리 테이블 INSERT */
		INSERT INTO IF_CPR_BAS
			(
			INTRFC_NO
			, CMPNY_ESNTL_NO		/*회사 고유 번호*/
			, CPR_CODE				/*법인 코드*/
			, KOREAN_CPR_NM			/*한글 법인 명*/
			, ABRV_CPR_NM			/*약칭 법인 명*/
			, CPR_OPBIZ_DE			/*법인 개업 일자*/
			, CPR_REGIST_NO			/*법인 등록 번호*/
			, POST_NO				/*우편 번호*/
			, HDOFC_ADRES			/*본점 주소*/
			, RPRSNTV_NM			/*대표자 명*/
			, RPRSNTV_INHBTNT_NO	/*대표자 주민 번호*/
			, CRNCY					/*통화*/
			, LAST_UPDT_DE			/*최종 수정 일자*/
			, FRST_REGISTER_ID
			, FRST_REGIST_DT
			, LAST_CHANGER_ID
			, LAST_CHANGE_DT
			)
			VALUES
				(
				#{INTRFC_NO}
				, #{CMP_ID}
				, #{CO_CD}
				, #{CO_NM}
				, #{CO_BNM}
				, #{FR_DT, jdbcType=DATE}
				, #{CO_NO}
				, #{ZIP_CD}
				, #{ADDR}
				, #{CEO_NAME}
				, #{CEO_ID}
				, #{CURY_BC}
				, #{UP_DEPT, jdbcType=DATE}
				, #{INTRFC_ID}
				, getdate()
				, #{INTRFC_ID}
				, getdate()
				)
			;

	</insert>

	<delete id="deleteBU" parameterType="int">
		DELETE CO_BPLC_BAS
		FROM CO_BPLC_BAS C
		WHERE  1 >
			(	SELECT COUNT(*)
				FROM IF_BPLC_BAS B
				WHERE INTRFC_NO = #{INTRFC_NO}
				AND B.BPLC_CODE = C.BPLC_CODE
				AND B.CPR_CODE = C.CPR_CODE
			)
		;
	</delete>

	<insert id="updateBU" parameterType="java.util.Map">
		/* 사업장 정보 전체 조회 API CO_BPLC_BAS */

		/* 원본 테이블 변경 */
		MERGE INTO CO_BPLC_BAS A
		USING (
			SELECT #{BS_CD} AS BPLC_CODE, #{CO_CD} AS CPR_CODE
		) B ON ( A.BPLC_CODE = B.BPLC_CODE AND A.CPR_CODE = B.CPR_CODE )
		WHEN MATCHED THEN

			UPDATE SET
			CMPNY_ESNTL_NO = #{CMP_ID}
			, KOREAN_BPLC_NM = #{BS_NM}
			, ABRV_BPLC_NM = #{BS_BNM}
			, ENG_BPLC_NM = #{BS_ENM}
			, OPBIZ_DE = #{FR_DT, jdbcType=DATE}
			, BSNM_REGIST_NO = #{BIZ_NO}
			, POST_NO = #{ZIP_CD}
			, ADRES = #{ADDR}
			, RPRSNTV_NM = #{REPNM}
			, RPRSNTV_INHBTNT_NO = #{REPREGNO}
			, RPRSNTV_POST_NO = #{REPZIPCODE}
			, RPRSNTV_ADRES = #{REPADDR}
			, REPRSNT_TLPHON = #{TEL}
			, REPRSNT_FAX = #{FAX}
			, BIZCND = #{BIZ_TYPE}
			, INDUTY_CODE = #{BIZ_KIND}
			, CMPTNC_TAXOFC_CODE = #{TAX_OFC_CD}
			, CMPTNC_TAXOFC_NM = #{TAXNAME}
			, EMAIL = #{EMAIL}
			, HMPG = #{HOMEPAGE}
			, CLSBIZ_DE = #{TO_DT, jdbcType=DATE}
			, HMTAX_ID = #{HOMETAX_ID}
			, LAST_UPDT_DE = #{UP_DEPT, jdbcType=DATE}

		WHEN NOT MATCHED THEN

		INSERT
			(
			CMPNY_ESNTL_NO
			, BPLC_CODE
			, KOREAN_BPLC_NM
			, ABRV_BPLC_NM
			, ENG_BPLC_NM
			, CPR_CODE
			, OPBIZ_DE
			, BSNM_REGIST_NO
			, POST_NO
			, ADRES
			, RPRSNTV_NM
			, RPRSNTV_INHBTNT_NO
			, RPRSNTV_POST_NO
			, RPRSNTV_ADRES
			, REPRSNT_TLPHON
			, REPRSNT_FAX
			, BIZCND
			, INDUTY_CODE
			, CMPTNC_TAXOFC_CODE
			, CMPTNC_TAXOFC_NM
			, EMAIL
			, HMPG
			, CLSBIZ_DE
			, HMTAX_ID
			, LAST_UPDT_DE
			)
			VALUES
			(
			#{CMP_ID}
			, #{BS_CD}
			, #{BS_NM}
			, #{BS_BNM}
			, #{BS_ENM}
			, #{CO_CD}
			, #{FR_DT, jdbcType=DATE}
			, #{BIZ_NO}
			, #{ZIP_CD}
			, #{ADDR}
			, #{REPNM}
			, #{REPREGNO}
			, #{REPZIPCODE}
			, #{REPADDR}
			, #{TEL}
			, #{FAX}
			, #{BIZ_TYPE}
			, #{BIZ_KIND}
			, #{TAX_OFC_CD}
			, #{TAXNAME}
			, #{EMAIL}
			, #{HOMEPAGE}
			, #{TO_DT, jdbcType=DATE}
			, #{HOMETAX_ID}
			, #{UP_DEPT, jdbcType=DATE}
			)
			;
	</insert>

	<insert id="insertIfBplcBas" parameterType="java.util.Map">
		/* 히스토리 테이블 INSERT */
		INSERT INTO IF_BPLC_BAS
			(
			INTRFC_NO
			, CMPNY_ESNTL_NO
			, BPLC_CODE
			, KOREAN_BPLC_NM
			, ABRV_BPLC_NM
			, ENG_BPLC_NM
			, CPR_CODE
			, OPBIZ_DE
			, BSNM_REGIST_NO
			, POST_NO
			, ADRES
			, RPRSNTV_NM
			, RPRSNTV_INHBTNT_NO
			, RPRSNTV_POST_NO
			, RPRSNTV_ADRES
			, REPRSNT_TLPHON
			, REPRSNT_FAX
			, BIZCND
			, INDUTY_CODE
			, CMPTNC_TAXOFC_CODE
			, CMPTNC_TAXOFC_NM
			, EMAIL
			, HMPG
			, CLSBIZ_DE
			, HMTAX_ID
			, LAST_UPDT_DE
			, FRST_REGISTER_ID
			, FRST_REGIST_DT
			, LAST_CHANGER_ID
			, LAST_CHANGE_DT
			)
			VALUES
				(
				#{INTRFC_NO}
				, #{CMP_ID}
				, #{BS_CD}
				, #{BS_NM}
				, #{BS_BNM}
				, #{BS_ENM}
				, #{CO_CD}
				, #{FR_DT, jdbcType=DATE}
				, #{BIZ_NO}
				, #{ZIP_CD}
				, #{ADDR}
				, #{REPNM}
				, #{REPREGNO}
				, #{REPZIPCODE}
				, #{REPADDR}
				, #{TEL}
				, #{FAX}
				, #{BIZ_TYPE}
				, #{BIZ_KIND}
				, #{TAX_OFC_CD}
				, #{TAXNAME}
				, #{EMAIL}
				, #{HOMEPAGE}
				, #{TO_DT, jdbcType=DATE}
				, #{HOMETAX_ID}
				, #{UP_DEPT, jdbcType=DATE}
				, #{INTRFC_ID}
				, getdate()
				, #{INTRFC_ID}
				, getdate()
				)
			;
	</insert>

	<delete id="deleteDept" parameterType="int">

		DELETE CO_DEPT_BAS
		FROM CO_DEPT_BAS C
		WHERE  1 >
			(	SELECT COUNT(*)
				FROM IF_DEPT_BAS B
				WHERE INTRFC_NO = #{INTRFC_NO}
				AND B.DEPT_ESNTL_NO = C.DEPT_ESNTL_NO
			)
		;

	</delete>

	<insert id="updateDept" parameterType="java.util.Map">
		/* 부서 정보 전체 조회 API CO_DEPT_BAS */

		MERGE INTO CO_DEPT_BAS A
		USING (
			SELECT #{DEPT_CD} AS DEPT_ESNTL_NO
		) B ON (A.DEPT_ESNTL_NO = B.DEPT_ESNTL_NO)
		WHEN MATCHED THEN

			UPDATE SET
			CMPNY_ESNTL_NO = #{CMP_ID}
			, BSNM_NO = #{DEPT_NO}
			, KOREAN_DEPT_NM = #{DEPT_NAME}
			, ENG_DEPT_NM = #{DEPT_EN_NAME}
			, CHNSNT_DEPT_NM = #{DEPT_ZH_NAME}
			, JPNSNT_DEPT_NM = #{DEPT_JA_NAME}
			, SORT_ORDR = #{DEPT_SORT_ORDR}
			, BPLC_CODE = #{BS_CD}
			, CO_CD = #{CO_CD}
			, UPPER_DEPT_CODE = #{UP_DEPT_CD}
			, DEPT_STTUS = #{DEPT_STATUS}
			, DEPT_REGIST_DE = #{FR_DT, jdbcType=DATE}
			, DEPT_END_DE = #{TO_DT, jdbcType=DATE}
			, LAST_UPDT_DE = #{UP_DEPT, jdbcType=DATE}

		WHEN NOT MATCHED THEN

			INSERT
			(
			CMPNY_ESNTL_NO
			, DEPT_ESNTL_NO
			, BSNM_NO
			, KOREAN_DEPT_NM
			, ENG_DEPT_NM
			, CHNSNT_DEPT_NM
			, JPNSNT_DEPT_NM
			, SORT_ORDR
			, BPLC_CODE
			, CO_CD
			, UPPER_DEPT_CODE
			, DEPT_STTUS
			, DEPT_REGIST_DE
			, DEPT_END_DE
			, LAST_UPDT_DE
			)
			VALUES
			(
			#{CMP_ID}
			, #{DEPT_CD}
			, #{DEPT_NO}
			, #{DEPT_NAME}
			, #{DEPT_EN_NAME}
			, #{DEPT_ZH_NAME}
			, #{DEPT_JA_NAME}
			, #{DEPT_SORT_ORDR}
			, #{BS_CD}
			, #{CO_CD}
			, #{UP_DEPT_CD}
			, #{DEPT_STATUS}
			, #{FR_DT, jdbcType=DATE}
			, #{TO_DT, jdbcType=DATE}
			, #{UP_DEPT, jdbcType=DATE}
			)
			;
	</insert>

	<insert id="insertIfDeptBas" parameterType="java.util.Map">
		/* 히스토리 테이블 INSERT */
		INSERT INTO IF_DEPT_BAS
			(
			INTRFC_NO
			, CMPNY_ESNTL_NO
			, DEPT_ESNTL_NO
			, BSNM_NO
			, KOREAN_DEPT_NM
			, ENG_DEPT_NM
			, CHNSNT_DEPT_NM
			, JPNSNT_DEPT_NM
			, SORT_ORDR
			, BPLC_CODE
			, CO_CD
			, UPPER_DEPT_CODE
			, DEPT_STTUS
			, DEPT_REGIST_DE
			, DEPT_END_DE
			, LAST_UPDT_DE
			, FRST_REGISTER_ID
			, FRST_REGIST_DT
			, LAST_CHANGER_ID
			, LAST_CHANGE_DT
			)
			VALUES
				(
				#{INTRFC_NO}
				, #{CMP_ID}
				, #{DEPT_CD}
				, #{DEPT_NO}
				, #{DEPT_NAME}
				, #{DEPT_EN_NAME}
				, #{DEPT_ZH_NAME}
				, #{DEPT_JA_NAME}
				, #{DEPT_SORT_ORDR}
				, #{BS_CD}
				, #{CO_CD}
				, #{UP_DEPT_CD}
				, #{DEPT_STATUS}
				, #{FR_DT, jdbcType=DATE}
				, #{TO_DT, jdbcType=DATE}
				, #{UP_DEPT, jdbcType=DATE}
				, #{INTRFC_ID}
				, getdate()
				, #{INTRFC_ID}
				, getdate()
				)
			;
	</insert>

	<delete id="deleteSecond" parameterType="int">

		DELETE CO_CTS_BAS
		FROM CO_CTS_BAS C
		WHERE  1 >
			(	SELECT COUNT(*)
				FROM IF_CTS_BAS B
				WHERE INTRFC_NO = #{INTRFC_NO}
				AND B.EMPL_NO = C.EMPL_NO
				AND B.DEPT_ESNTL_NO = C.DEPT_ESNTL_NO
			)
		;

	</delete>

	<insert id="updateSecond" parameterType="java.util.Map">

		/* 겸직 정보 전체 조회 API CO_CTS_BAS */
		MERGE INTO CO_CTS_BAS A
		USING (
			SELECT #{EMP_NO} AS EMPL_NO, #{DEPT_CD} AS DEPT_ESNTL_NO
		) B ON (A.EMPL_NO = B.EMPL_NO AND A.DEPT_ESNTL_NO = B.DEPT_ESNTL_NO)
		WHEN MATCHED THEN

			UPDATE SET
			CMPNY_ESNTL_NO = #{CMP_ID}
			, BPLC_SE = #{BS_ID}
			, CO_CD = #{CO_CD}
			, BS_CD = #{BS_CD}
			, RSPOFC_ESNTL_NO = #{OFC_CD}
			, OFCPS_ESNTL_NO = #{POS_CD}
			, CLSF_ESNTL_NO = #{RANK_CD}
			, EMP_SORT_ORDR = #{EMP_SORT_ORDR}
			, REPRSNT_DEPT_AT = #{BASS_DEPT_YN}
			, LAST_UPDT_DE = #{UP_DEPT, jdbcType=DATE}

		WHEN NOT MATCHED THEN

			INSERT
				(
				CMPNY_ESNTL_NO
				, EMPL_NO
				, DEPT_ESNTL_NO
				, BPLC_SE
				, CO_CD
				, BS_CD
				, RSPOFC_ESNTL_NO
				, OFCPS_ESNTL_NO
				, CLSF_ESNTL_NO
				, EMP_SORT_ORDR
				, REPRSNT_DEPT_AT
				, LAST_UPDT_DE
				)
			VALUES
				(
				#{CMP_ID}
				, #{EMP_NO}
				, #{DEPT_CD}
				, #{BS_ID}
				, #{CO_CD}
				, #{BS_CD}
				, #{OFC_CD}
				, #{POS_CD}
				, #{RANK_CD}
				, #{EMP_SORT_ORDR}
				, #{BASS_DEPT_YN}
				, #{UP_DEPT, jdbcType=DATE}
				)
				;
	</insert>

	<insert id="insertIfCtsBas" parameterType="java.util.Map">
		/* 히스토리 테이블 INSERT */
		INSERT INTO IF_CTS_BAS
			(
			INTRFC_NO
			, CMPNY_ESNTL_NO
			, EMPL_NO
			, DEPT_ESNTL_NO
			, BPLC_SE
			, CO_CD
			, BS_CD
			, RSPOFC_ESNTL_NO
			, OFCPS_ESNTL_NO
			, CLSF_ESNTL_NO
			, EMP_SORT_ORDR
			, REPRSNT_DEPT_AT
			, LAST_UPDT_DE
			, FRST_REGISTER_ID
			, FRST_REGIST_DT
			, LAST_CHANGER_ID
			, LAST_CHANGE_DT
			)
			VALUES
				(
				#{INTRFC_NO}
				, #{CMP_ID}
				, #{EMP_NO}
				, #{DEPT_CD}
				, #{BS_ID}
				, #{CO_CD}
				, #{BS_CD}
				, #{OFC_CD}
				, #{POS_CD}
				, #{RANK_CD}
				, #{EMP_SORT_ORDR}
				, #{BASS_DEPT_YN}
				, #{UP_DEPT, jdbcType=DATE}
				, #{INTRFC_ID}
				, getdate()
				, #{INTRFC_ID}
				, getdate()
				)
			;
	</insert>

	<delete id="deleteDuty" parameterType="int">

		DELETE CO_RSPOFC_BAS
		FROM CO_RSPOFC_BAS C
		WHERE  1 >
			(	SELECT COUNT(*)
				FROM IF_RSPOFC_BAS B
				WHERE INTRFC_NO = #{INTRFC_NO}
				AND B.RSPOFC_ESNTL_NO = C.RSPOFC_ESNTL_NO
			)
		;

	</delete>

	<insert id="updateDuty" parameterType="java.util.Map">
		/* 직책 정보 전체 조회 API CO_RSPOFC_BAS */

		MERGE INTO CO_RSPOFC_BAS A
		USING (
			SELECT #{OFC_CD} AS RSPOFC_ESNTL_NO
		) B ON (A.RSPOFC_ESNTL_NO = B.RSPOFC_ESNTL_NO)
		WHEN MATCHED THEN

			UPDATE SET
			CMPNY_ESNTL_NO = #{CMP_ID}
			, KOREAN_RSPOFC_NM = #{OFC_NAME}
			, ENG_RSPOFC_NM = #{OFC_EN_NAME}
			, CHNSNT_RSPOFC_NM = #{OFC_ZH_NAME}
			, JPNSNT_RSPOFC_NM = #{OFC_JA_NAME}
			, RSPOFC_LEVEL = #{OFC_ORDR}
			, RSPOFC_STTUS = #{OFC_STATUS}
			, LAST_UPDT_DE = #{UP_DEPT, jdbcType=DATE}

		WHEN NOT MATCHED THEN
			INSERT
				(
				RSPOFC_ESNTL_NO
				, CMPNY_ESNTL_NO
				, KOREAN_RSPOFC_NM
				, ENG_RSPOFC_NM
				, CHNSNT_RSPOFC_NM
				, JPNSNT_RSPOFC_NM
				, RSPOFC_LEVEL
				, RSPOFC_STTUS
				, LAST_UPDT_DE
				)
			VALUES
				(
				#{OFC_CD}
				, #{CMP_ID}
				, #{OFC_NAME}
				, #{OFC_EN_NAME}
				, #{OFC_ZH_NAME}
				, #{OFC_JA_NAME}
				, #{OFC_ORDR}
				, #{OFC_STATUS}
				, #{UP_DEPT, jdbcType=DATE}
				)
				;
	</insert>

	<insert id="insertIfRspofcBas" parameterType="java.util.Map">
		/* 히스토리 테이블 INSERT */
		INSERT INTO IF_RSPOFC_BAS
			(
			INTRFC_NO
			, RSPOFC_ESNTL_NO
			, CMPNY_ESNTL_NO
			, KOREAN_RSPOFC_NM
			, ENG_RSPOFC_NM
			, CHNSNT_RSPOFC_NM
			, JPNSNT_RSPOFC_NM
			, RSPOFC_LEVEL
			, RSPOFC_STTUS
			, LAST_UPDT_DE
			, FRST_REGISTER_ID
			, FRST_REGIST_DT
			, LAST_CHANGER_ID
			, LAST_CHANGE_DT
			)
			VALUES
				(
				#{INTRFC_NO}
				, #{OFC_CD}
				, #{CMP_ID}
				, #{OFC_NAME}
				, #{OFC_EN_NAME}
				, #{OFC_ZH_NAME}
				, #{OFC_JA_NAME}
				, #{OFC_ORDR}
				, #{OFC_STATUS}
				, #{UP_DEPT, jdbcType=DATE}
				, #{INTRFC_ID}
				, getdate()
				, #{INTRFC_ID}
				, getdate()
				)
			;
	</insert>

	<delete id="deletePosition" parameterType="int">

		DELETE CO_OFCPS_BAS
		FROM CO_OFCPS_BAS C
		WHERE  1 >
			(	SELECT COUNT(*)
				FROM IF_OFCPS_BAS B
				WHERE INTRFC_NO = #{INTRFC_NO}
				AND B.OFCPS_ESNTL_NO = C.OFCPS_ESNTL_NO
			)
		;

	</delete>

	<insert id="updatePosition" parameterType="java.util.Map">
		/* 직위 정보 전체 조회 API CO_OFCPS_BAS */
		MERGE INTO CO_OFCPS_BAS A
		USING (
			SELECT #{POS_CD} AS OFCPS_ESNTL_NO
		) B ON (A.OFCPS_ESNTL_NO = B.OFCPS_ESNTL_NO)
		WHEN MATCHED THEN

			UPDATE SET
			CMPNY_ESNTL_NO = #{CMP_ID}
			, KOREAN_OFCPS_NM = #{POS_NAME}
			, ENG_OFCPS_NM = #{POS_EN_NAME}
			, CHNSNT_OFCPS_NM = #{POS_ZH_NAME}
			, JPNSNT_OFCPS_NM = #{POS_JA_NAME}
			, OFCPS_LEVEL = #{POS_ORDR}
			, OFCPS_STTUS = #{POS_STATUS}
			, LAST_UPDT_DE = #{UP_DEPT, jdbcType=DATE}

		WHEN NOT MATCHED THEN

			INSERT
				(
				CMPNY_ESNTL_NO
				, OFCPS_ESNTL_NO
				, KOREAN_OFCPS_NM
				, ENG_OFCPS_NM
				, CHNSNT_OFCPS_NM
				, JPNSNT_OFCPS_NM
				, OFCPS_LEVEL
				, OFCPS_STTUS
				, LAST_UPDT_DE
				)
			VALUES
				(
				#{CMP_ID}
				, #{POS_CD}
				, #{POS_NAME}
				, #{POS_EN_NAME}
				, #{POS_ZH_NAME}
				, #{POS_JA_NAME}
				, #{POS_ORDR}
				, #{POS_STATUS}
				, #{UP_DEPT, jdbcType=DATE}
				)
				;
	</insert>

	<insert id="insertIfOfcpsBas" parameterType="java.util.Map">
		/* 히스토리 테이블 INSERT */
		INSERT INTO IF_OFCPS_BAS
			(
			INTRFC_NO
			, CMPNY_ESNTL_NO
			, OFCPS_ESNTL_NO
			, KOREAN_OFCPS_NM
			, ENG_OFCPS_NM
			, CHNSNT_OFCPS_NM
			, JPNSNT_OFCPS_NM
			, OFCPS_LEVEL
			, OFCPS_STTUS
			, LAST_UPDT_DE
			, FRST_REGISTER_ID
			, FRST_REGIST_DT
			, LAST_CHANGER_ID
			, LAST_CHANGE_DT
			)
		VALUES
			(
			#{INTRFC_NO}
			, #{CMP_ID}
			, #{POS_CD}
			, #{POS_NAME}
			, #{POS_EN_NAME}
			, #{POS_ZH_NAME}
			, #{POS_JA_NAME}
			, #{POS_ORDR}
			, #{POS_STATUS}
			, #{UP_DEPT, jdbcType=DATE}
			, #{INTRFC_ID}
			, getdate()
			, #{INTRFC_ID}
			, getdate()
			)
			;

	</insert>

	<delete id="deleteRank" parameterType="int">

		DELETE CO_CLSF_BAS
		FROM CO_CLSF_BAS C
		WHERE  1 >
			(	SELECT COUNT(*)
				FROM IF_CLSF_BAS B
				WHERE INTRFC_NO = #{INTRFC_NO}
				AND B.CLSF_ESNTL_NO = C.CLSF_ESNTL_NO
			)
		;

	</delete>

	<insert id="updateRank" parameterType="java.util.Map">
		/* 직급 정보 전체 조회 API CO_CLSF_BAS */
		MERGE INTO CO_CLSF_BAS A
		USING (
			SELECT #{RANK_CD} AS CLSF_ESNTL_NO
		) B ON (A.CLSF_ESNTL_NO = B.CLSF_ESNTL_NO)
		WHEN MATCHED THEN

			UPDATE SET
			CMPNY_ESNTL_NO = #{CMP_ID}
			, KOREAN_CLSF_NM = #{RANK_NAME}
			, ENG_CLSF_NM = #{RANK_EN_NAME}
			, CHNSNT_CLSF_NM = #{RANK_ZH_NAME}
			, JPNSNT_CLSF_NM = #{RANK_JA_NAME}
			, CLSF_LEVEL = #{RANK_ORDR}
			, CLSF_STTUS = #{RANK_STATUS}
			, CO_CD = #{CO_CD}
			, BS_CD = #{BS_CD}
			, LAST_UPDT_DE = #{UP_DEPT, jdbcType=DATE}

		WHEN NOT MATCHED THEN

			INSERT
				(
				CMPNY_ESNTL_NO
				, CLSF_ESNTL_NO
				, KOREAN_CLSF_NM
				, ENG_CLSF_NM
				, CHNSNT_CLSF_NM
				, JPNSNT_CLSF_NM
				, CLSF_LEVEL
				, CLSF_STTUS
				, CO_CD
				, BS_CD
				, LAST_UPDT_DE
				)
			VALUES
				(
				#{CMP_ID}
				, #{RANK_CD}
				, #{RANK_NAME}
				, #{RANK_EN_NAME}
				, #{RANK_ZH_NAME}
				, #{RANK_JA_NAME}
				, #{RANK_ORDR}
				, #{RANK_STATUS}
				, #{CO_CD}
				, #{BS_CD}
				, #{UP_DEPT, jdbcType=DATE}
				)
				;
	</insert>

	<insert id="insertIfClsfBas" parameterType="java.util.Map">
		/* 히스토리 테이블 INSERT */
		INSERT INTO IF_CLSF_BAS
			(
			INTRFC_NO
			, CMPNY_ESNTL_NO
			, CLSF_ESNTL_NO
			, KOREAN_CLSF_NM
			, ENG_CLSF_NM
			, CHNSNT_CLSF_NM
			, JPNSNT_CLSF_NM
			, CLSF_LEVEL
			, CLSF_STTUS
			, CO_CD
			, BS_CD
			, LAST_UPDT_DE
			, FRST_REGISTER_ID
			, FRST_REGIST_DT
			, LAST_CHANGER_ID
			, LAST_CHANGE_DT
			)
		VALUES
			(
			#{INTRFC_NO}
			, #{CMP_ID}
			, #{RANK_CD}
			, #{RANK_NAME}
			, #{RANK_EN_NAME}
			, #{RANK_ZH_NAME}
			, #{RANK_JA_NAME}
			, #{RANK_ORDR}
			, #{RANK_STATUS}
			, #{CO_CD}
			, #{BS_CD}
			, #{UP_DEPT, jdbcType=DATE}
			, #{INTRFC_ID}
			, getdate()
			, #{INTRFC_ID}
			, getdate()
			)
			;
	</insert>

	<delete id="deleteEmp" parameterType="int">

		DELETE CO_EMPL_BAS
		FROM CO_EMPL_BAS C
		WHERE  1 >
			(	SELECT COUNT(*)
				FROM IF_EMPL_BAS B
				WHERE INTRFC_NO = #{INTRFC_NO}
				AND B.EMPL_NO = C.EMPL_NO
			)
		;

	</delete>

	<insert id="updateEmp" parameterType="java.util.Map">
		/* 사용자 정보 전체 조회 API CO_EMPL_BAS */
		MERGE INTO CO_EMPL_BAS A
		USING (
			SELECT #{EMP_NO} AS EMPL_NO
		) B ON (A.EMPL_NO = B.EMPL_NO)
		WHEN MATCHED THEN

			UPDATE SET
			CMPNY_ESNTL_NO = #{CMP_ID}
			, USER_ID = <choose>
							<when test="COMM_ID == null">
								<if test="CMP_EMAIL == null">
									#{EMP_NO}
								</if>
								<if test="CMP_EMAIL != null">
									LEFT(#{CMP_EMAIL}, CHARINDEX('@', #{CMP_EMAIL})-1)
								</if>
							</when>
							<otherwise>
								#{COMM_ID}
							</otherwise>
						</choose>
			, OFCPS_ESNTL_NO = #{POS_CD}
			, CLSF_ESNTL_NO = #{RANK_CD}
			, RSPOFC_ESNTL_NO = #{OFC_CD}
			, MARK_NM = #{DISPLAY_NAME}
			, NM = #{USER_NAME}
			, ENG_NM = #{USER_EN_NAME}
			, CHNSNT_NM = #{USER_ZH_NAME}
			, JPNSNT_NM = #{USER_JA_NAME}
			, BRTHDY = #{BIRTH_DATE}
			, ADRES = #{ADDR}
			, OWNHOM_TLPHON_NO = #{HOME_TEL}
			, EMP_STTUS = #{EMP_STATUS}
			, CRYAL_TLPHON_NO = #{CELL_PHONE}
			, CMPNY_TLPHON_NO = #{CMP_PHONE}
			, LXTN_NO = #{LXTN_NO}
			, FAX_NO = #{FAX_NO}
			, CMPNY_EMAIL = #{CMP_EMAIL}
			, ECNY_DE = #{ECNY_DATE}
			, RETIRE_DE = #{RETIRE_DATE}
			, AFFLTS_BASS_AT = #{AFFTLS_BASS_YN}
			, BPLC_SE = #{BS_ID}
			, LAST_UPDT_DE = #{UP_DEPT, jdbcType=DATE}

		WHEN NOT MATCHED THEN

			INSERT
				(
				CMPNY_ESNTL_NO
				, USER_ID
				, OFCPS_ESNTL_NO
				, CLSF_ESNTL_NO
				, RSPOFC_ESNTL_NO
				, MARK_NM
				, NM
				, ENG_NM
				, CHNSNT_NM
				, JPNSNT_NM
				, BRTHDY
				, ADRES
				, OWNHOM_TLPHON_NO
				, EMPL_NO
				, EMP_STTUS
				, CRYAL_TLPHON_NO
				, CMPNY_TLPHON_NO
				, LXTN_NO
				, FAX_NO
				, CMPNY_EMAIL
				, ECNY_DE
				, RETIRE_DE
				, AFFLTS_BASS_AT
				, BPLC_SE
				, LAST_UPDT_DE
		    	, BO_LOGIN_AT
				)
			VALUES
				(
				#{CMP_ID}
				,<choose>
					<when test="COMM_ID == null">
						<if test="CMP_EMAIL == null">
							#{EMP_NO}
						</if>
						<if test="CMP_EMAIL != null">
							LEFT(#{CMP_EMAIL}, CHARINDEX('@', #{CMP_EMAIL})-1)
						</if>
					</when>
					<otherwise>
						#{COMM_ID}
					</otherwise>
				</choose>
				, #{POS_CD}
				, #{RANK_CD}
				, #{OFC_CD}
				, #{DISPLAY_NAME}
				, #{USER_NAME}
				, #{USER_EN_NAME}
				, #{USER_ZH_NAME}
				, #{USER_JA_NAME}
				, #{BIRTH_DATE}
				, #{ADDR}
				, #{HOME_TEL}
				, #{EMP_NO}
				, #{EMP_STATUS}
				, #{CELL_PHONE}
				, #{CMP_PHONE}
				, #{LXTN_NO}
				, #{FAX_NO}
				, #{CMP_EMAIL}
				, #{ECNY_DATE}
				, #{RETIRE_DATE}
				, #{AFFTLS_BASS_YN}
				, #{BS_ID}
				, #{UP_DEPT, jdbcType=DATE}
		    	, 'N'
				)
				;
	</insert>

	<insert id="insertIfEmplBas" parameterType="java.util.Map">
		/* 히스토리 테이블 INSERT */
		INSERT INTO IF_EMPL_BAS
			(
			INTRFC_NO
			, CMPNY_ESNTL_NO
			, USER_ID
			, OFCPS_ESNTL_NO
			, CLSF_ESNTL_NO
			, RSPOFC_ESNTL_NO
			, MARK_NM
			, NM
			, ENG_NM
			, CHNSNT_NM
			, JPNSNT_NM
			, BRTHDY
			, ADRES
			, OWNHOM_TLPHON_NO
			, EMPL_NO
			, EMP_STTUS
			, CRYAL_TLPHON_NO
			, CMPNY_TLPHON_NO
			, LXTN_NO
			, FAX_NO
			, CMPNY_EMAIL
			, ECNY_DE
			, RETIRE_DE
			, AFFLTS_BASS_AT
			, BPLC_SE
			, LAST_UPDT_DE
			, FRST_REGISTER_ID
			, FRST_REGIST_DT
			, LAST_CHANGER_ID
			, LAST_CHANGE_DT
			<!-- 20210713 비밀번호 추가 사항 -->
			, PASSWORD
			)
		VALUES
			(
			#{INTRFC_NO}
			, #{CMP_ID}
			, #{COMM_ID}
			, #{POS_CD}
			, #{RANK_CD}
			, #{OFC_CD}
			, #{DISPLAY_NAME}
			, #{USER_NAME}
			, #{USER_EN_NAME}
			, #{USER_ZH_NAME}
			, #{USER_JA_NAME}
			, #{BIRTH_DATE}
			, #{ADDR}
			, #{HOME_TEL}
			, #{EMP_NO}
			, #{EMP_STATUS}
			, #{CELL_PHONE}
			, #{CMP_PHONE}
			, #{LXTN_NO}
			, #{FAX_NO}
			, #{CMP_EMAIL}
			, #{ECNY_DATE}
			, #{RETIRE_DATE}
			, #{AFFTLS_BASS_YN}
			, #{BS_ID}
			, #{UP_DEPT, jdbcType=DATE}
			, #{INTRFC_ID}
			, getdate()
			, #{INTRFC_ID}
			, getdate()
			, (SELECT PASSWORD FROM CO_EMPL_BAS WHERE EMPL_NO = #{EMP_NO})
			)
			;
	</insert>

</mapper>