<?xml version="1.0" encoding="UTF-8"?>
<!DOCTYPE mapper PUBLIC "-//mybatis.org//DTD Mapper 3.0//EN" "http://mybatis.org/dtd/mybatis-3-mapper.dtd">

<mapper namespace="com.sorincorp.fo.my.mapper.DashboardMapper">

	<select id="selectSetleMnInfo" parameterType="string" resultType="java.util.HashMap">
	    /* com.sorincorp.fo.my.mapper.Dashboard.selectSetleMnInfo */
        SET TRANSACTION ISOLATION LEVEL READ UNCOMMITTED
        SELECT
			A.ENTRPSNM_KOREAN AS entrpsnmKorean   												/* 업체명 한글    */
			, (SELECT TOP 1 ISNULL(EWALLET_BLCE, 0)
			 		FROM dbo.MB_ENTRPS_EWALLET_DTL
			 		WHERE ENTRPS_NO = A.ENTRPS_NO
			 		AND DELETE_AT = 'N'
			 		ORDER BY EWALLET_DELNG_DT DESC
		 		) AS ewalletBlce      																/* 이월렛 잔액    */
			, ISNULL(A.NEW_REFND_ACNUT_NO, ISNULL(A.REFND_ACNUT_NO,'')) AS refndAcnutNo			/* 환불 계좌 번호  */
			, ISNULL(A.EWALLET_ACNUT_NO, '') AS ewalletAcnutNo										/* 이월렛 계좌 번호   */
			, A.ENTRPS_GRAD AS entrpsGrad															/* 업체 등급 */
			, dbo.fn_getCodeNm('ENTRPS_GRAD_CODE', ISNULL(A.ENTRPS_GRAD, '01')) AS entrpsGradNm 	/* 업체 등급 코드명 */
			, ISNULL(A.CDTLN_SVC_SE_CODE, '') AS cdtlnSvcSeCode									/* 여신 서비스 구분 코드 */
			, B.RETURN_STTUS AS returnSttus															/* 출금가능여부 */
			, B.RETURN_MSG AS returnMsg																/* 출금가능여부 메세지 */
		FROM dbo.MB_ENTRPS_INFO_BAS AS A										/* 회원_업체 정보 기본 T */
		LEFT JOIN dbo.fn_getEwalletRefndSttus('2', #{entrpsNo} ) as B ON 1=1
		WHERE 1=1
		   AND A.ENTRPS_NO = #{entrpsNo}
		   AND A.DELETE_AT = 'N'
	</select>

	<select id="selectRecentOrderDtls" parameterType="java.util.HashMap" resultType="com.sorincorp.fo.my.model.DashboardVO">
	    /* com.sorincorp.fo.my.mapper.Dashboard.selectRecentOrderDtls */
		SET TRANSACTION ISOLATION LEVEL READ UNCOMMITTED
		SELECT
		       ISNULL(SUM(A.ORDER_COMPT),0) AS ORDER_COMPT                         /* 주문완료 */
		     , ISNULL(SUM(A.DLVY_WAIT),0) AS DLVY_WAIT							/* 배송대기 */
		     , ISNULL(SUM(A.DLVY_PRPARE),0) AS DLVY_PRPARE                         /* 배송준비 */
		     , ISNULL(SUM(A.DLVY_DRCT)  ,0) AS DLVY_DRCT                           /* 출고지시 */
		     , ISNULL(SUM(A.CARALCING)  ,0) AS CARALCING                           /* 배차중 */
		     , ISNULL(SUM(A.DLVYING)    ,0) AS DLVYING                             /* 배송중 */
		     , ISNULL(SUM(A.DLVY_COMPT) ,0) AS DLVY_COMPT                          /* 배송완료 */
		  FROM (
				SELECT
			           CASE WHEN OOB.ORDER_STTUS_CODE = '10' THEN 1 ELSE 0 END        AS ORDER_COMPT
		           	 , CASE WHEN OOB.ORDER_STTUS_CODE = '13' THEN 1 ELSE 0 END        AS DLVY_WAIT
			         , CASE WHEN OOB.ORDER_STTUS_CODE = '15' THEN 1 ELSE 0 END        AS DLVY_PRPARE
			         , CASE WHEN OOB.ORDER_STTUS_CODE = '20' THEN 1 ELSE 0 END        AS DLVY_DRCT
			         , CASE WHEN OOB.ORDER_STTUS_CODE = '21' THEN 1 ELSE 0 END        AS CARALCING
			         , CASE WHEN OOB.ORDER_STTUS_CODE = '22' THEN 1 ELSE 0 END        AS DLVYING
			         , CASE WHEN OOB.ORDER_STTUS_CODE = '30' THEN 1 ELSE 0 END        AS DLVY_COMPT
		          FROM OR_ORDER_BAS           AS OOB                                                                  /* 주문_주문 기본                */
		         INNER JOIN OR_DLVRG_BAS      AS ODB                                                                  /* 주문_배송지 기본              */
		        	ON OOB.ORDER_NO         = ODB.ORDER_NO
		           AND ODB.CANCL_EXCHNG_RTNGUD_NO = '00000000-000000'
		           AND OOB.ORDER_DLVRG_NO   = ODB.ORDER_DLVRG_NO
		         INNER JOIN MB_MBER_INFO_BAS  AS MMIB                                                                 /* 회원_회원 정보 기본            */
		        	ON OOB.MBER_NO  = MMIB.MBER_NO
		         INNER JOIN IT_ITM_INFO_BAS   AS IIIB                                                                /* 상품_아이템 기본      */
			        ON OOB.ITM_SN           = IIIB.ITM_SN
		          LEFT JOIN CO_DOC_BAS        AS CDB                                                                 /* 공통_문서 기본                */
			        ON IIIB.PC_IMAGE_ONE_SN = CDB.DOC_NO
				 WHERE 1=1
				   AND CONVERT(date, OOB.ORDER_DE) BETWEEN DATEADD(d, -30, CONVERT(date,GETDATE())) AND CONVERT(date,GETDATE())
				   AND OOB.DELETE_AT = 'N'
				   AND OOB.ENTRPS_NO = #{entrpsNo}
				 <if test="memberSecode != null and '03'.equals(memberSecode)">
				   AND OOB.MBER_NO = #{mberNo}
				 </if>
		        ) A
	</select>

	<select id="selectRecentNtcn" parameterType="string" resultType="com.sorincorp.fo.my.model.DashboardVO">
        /* com.sorincorp.fo.my.mapper.Dashboard.selectRecentNtcn */
		SET TRANSACTION ISOLATION LEVEL READ UNCOMMITTED
		SELECT TOP 3
		       OMSH.MSSAGE_SJ           /* 메시지 제목 */
		     , OMSH.COMMERCE_NTCN_CN    /* 커머스 알림 내용 */
		     , OMSH.FRST_REGIST_DT      /* 최초 등록 일시 */
		  FROM OP_MESSAGE_SNDNG_HST AS OMSH
		 INNER JOIN (SELECT
		                   MBER_NO
		                 , ENTRPS_NO
		              FROM MB_MBER_INFO_BAS
		             WHERE ENTRPS_NO = #{value}
		            ) AS MMIB
		    ON OMSH.MBER_NO = MMIB.MBER_NO
		 WHERE COMMERCE_NTCN_AT       = 'Y'
		   AND ISNULL(DELETE_AT, 'N') = 'N'
		   AND DATEDIFF(HOUR, FRST_REGIST_DT, GETDATE()) <![CDATA[<]]> 24
		 ORDER BY FRST_REGIST_DT DESC
	</select>

	<select id="selectRecentInqryAnswer" parameterType="String" resultType="com.sorincorp.fo.my.model.InqryDtlsVO">
	    /* com.sorincorp.fo.my.mapper.Dashboard.selectRecentInqryAnswer */
		SET TRANSACTION ISOLATION LEVEL READ UNCOMMITTED
		SELECT  TOP 3
				A.*
		  FROM (
		  		SELECT
				       ROW_NUMBER() OVER(ORDER BY INQRY_SN DESC) AS NUM
				     , CIB.INQRY_SN                                                                                  /* 문의 순번                     */
				     , CIB.INQRY_ANSWER_SE_CODE                                                                      /* 문의 답변 구분 코드           */
				     , CIB.INQRY_ANSWER_MBER_NO                                                                      /* 문의 회원 번호                */
				     , MMIB.MBER_ID                                                                                  /* 회원 아이디                 */
				     , CIB.INQRY_CMPNYNM                                                                             /* 문의 회사명                   */
				     , CIB.INQRY_CNSLT_SE_CODE                                                                       /* 문의 상담 구분 코드           */
				     , CIB.INQRY_SE_CODE                                                                             /* 문의 구분 코드                */
				     , dbo.fn_getCodeNm('INQRY_SE_CODE', CIB.INQRY_SE_CODE) AS INQRY_SE_NM                           /* 문의 구분명                  */
				     , CIB.INQRY_SE_DETAIL_CODE                                                                      /* 문의 구분 상세 코드           */
				     , dbo.fn_getCodeNm('INQRY_SE_DETAIL_CODE', CIB.INQRY_SE_DETAIL_CODE) AS INQRY_SE_DETAIL_NM      /* 문의 구분 상세명              */
				     , CIB.INQRY_ORDER_NO                                                                            /* 문의 주문 번호                */
				     , CIB.INQRY_GOODS_CODE                                                                          /* 문의 상품 코드                */
				     , CIB.INQRY_ANSWER_SJ                                                                           /* 문의 답변 제목                */
				     , CIB.INQRY_PROCESS_STTUS_CODE                                                                  /* 문의 처리 상태 코드           */
				     , dbo.fn_getCodeNm('INQRY_PROCESS_STTUS_CODE', CIB.INQRY_PROCESS_STTUS_CODE) AS INQRY_PROCESS_STTUS_NM                             /* 문의 처리 상태명           */
				     , FORMAT(CIB.INQRY_ANSWER_DT, 'yyyy-MM-dd HH:mm:ss') AS INQRY_ANSWER_DT                         /* 문의 답변 일시             */
				  FROM dbo.CS_INQRY_BAS AS CIB                                                                       /* CS 문의 기본               */
				 INNER JOIN MB_MBER_INFO_BAS AS MMIB                                                                 /* 회원_회원 정보 기본            */
				    ON CIB.INQRY_ANSWER_MBER_NO = MMIB.MBER_NO
				 WHERE 1=1
				   AND CIB.INQRY_ANSWER_SE_CODE = '01'                                       /* 문의 답변 구분 코드         */
				   AND CIB.DELETE_AT            != 'Y'                                        /* 삭제 여부                   */
				   AND MMIB.ENTRPS_NO           = #{entrpsNo}                                /* 업체 번호                     */
		     ) A
	</select>

	<select id="selectRecentSimpleInqryAnswer" parameterType="String" resultType="com.sorincorp.fo.my.model.InqryDtlsVO">
	    /* com.sorincorp.fo.my.mapper.Dashboard.selectRecentSimpleInqryAnswer */
		 SET TRANSACTION ISOLATION LEVEL READ UNCOMMITTED
		 SELECT  TOP 3
				A.*
		  FROM (
		  		SELECT
				       ROW_NUMBER() OVER(ORDER BY INQRY_SN DESC) AS NUM
				     , CIB.INQRY_SN                                                                                  /* 문의 순번                     */
				     , CIB.INQRY_ANSWER_SE_CODE                                                                      /* 문의 답변 구분 코드           */
				     , CIB.INQRY_ANSWER_MBER_NO                                                                      /* 문의 회원 번호                */
				     , MSMIB.SIMPL_MBER_ID                                                                           /* 회원 아이디                   */
				     , CIB.INQRY_CMPNYNM                                                                             /* 문의 회사명                   */
				     , CIB.INQRY_CNSLT_SE_CODE                                                                       /* 문의 상담 구분 코드           */
				     , CIB.INQRY_SE_CODE                                                                             /* 문의 구분 코드                */
				     , dbo.fn_getCodeNm('INQRY_SE_CODE', CIB.INQRY_SE_CODE) AS INQRY_SE_NM                           /* 문의 구분명                   */
				     , CIB.INQRY_SE_DETAIL_CODE                                                                      /* 문의 구분 상세 코드           */
				     , dbo.fn_getCodeNm('INQRY_SE_DETAIL_CODE', CIB.INQRY_SE_DETAIL_CODE) AS INQRY_SE_DETAIL_NM      /* 문의 구분 상세명              */
				     , CIB.INQRY_ORDER_NO                                                                            /* 문의 주문 번호                */
				     , CIB.INQRY_GOODS_CODE                                                                          /* 문의 상품 코드                */
				     , CIB.INQRY_ANSWER_SJ                                                                           /* 문의 답변 제목                */
				     , CIB.INQRY_PROCESS_STTUS_CODE                                                                  /* 문의 처리 상태 코드           */
				     , dbo.fn_getCodeNm('INQRY_PROCESS_STTUS_CODE', CIB.INQRY_PROCESS_STTUS_CODE) AS INQRY_PROCESS_STTUS_NM                             /* 문의 처리 상태명           */
				     , FORMAT(CIB.INQRY_ANSWER_DT, 'yyyy-MM-dd HH:mm:ss') AS INQRY_ANSWER_DT                         /* 문의 답변 일시                */
				  FROM dbo.CS_INQRY_BAS AS CIB                                                                       /* CS 문의 기본               	  */
				 INNER JOIN MB_SIMPL_MBER_INFO_BAS AS MSMIB                                                          /* 회원_간편 회원 정보 기본           */
				    ON CIB.INQRY_ANSWER_MBER_NO = MSMIB.SIMPL_MBER_NO
				 WHERE 1=1
				   AND CIB.INQRY_ANSWER_SE_CODE = '01'                                       /* 문의 답변 구분 코드           */
				   AND CIB.DELETE_AT            != 'Y'                                        /* 삭제 여부                     */
				   AND MSMIB.SIMPL_MBER_NO      = #{mberNo}                            		 /* 회원 번호                     */
		     ) A
	</select>

	<!-- 사용암함 -->
	<select id="selectOrderProgrsInfo" parameterType="String" resultType="java.util.HashMap">
        /* com.sorincorp.fo.my.mapper.Dashboard.selectOrderProgrsInfo */
        SET TRANSACTION ISOLATION LEVEL READ UNCOMMITTED
        SELECT
		       ISNULL(SUM(A.CNT), 0)                                                      AS orderProgrsCnt   /* 주문 진행 건수 */
		     , (SELECT TOP 1
		               ISNULL(MEED.EWALLET_BLCE,0) /* 이월렛 잔액 */
		          FROM MB_ENTRPS_EWALLET_DTL AS MEED
		         WHERE 1=1
		           AND MEED.ENTRPS_NO = #{entrpsNo}
		           AND MEED.DELETE_AT ='N'
		         ORDER BY MEED.EWALLET_DELNG_DT DESC) - ISNULL(SUM(A.DELNG_AMOUNT), 0)    AS diffAmount       /* 차이금액(이월렛 잔액-요청 및 실패 총 거래금액) */
		  FROM (SELECT
		               Z.CNT
		             , CONVERT(bigint, Z.DELNG_AMOUNT) AS DELNG_AMOUNT
		          FROM (SELECT
		                       CASE WHEN A.SETLE_STTUS_CODE = '02' AND A.DELNG_AMOUNT != A.SLEPC THEN COUNT(*)
		                            ELSE 0
		                        END              AS CNT
		                     , CASE WHEN A.SETLE_STTUS_CODE = '01' OR A.SETLE_STTUS_CODE = '03'  THEN DELNG_AMOUNT
		                            ELSE 0
		                        END              AS DELNG_AMOUNT
		                  FROM (SELECT
		                               OOB.ORDER_NO
		                             , OSB.SETLE_STTUS_CODE
		                             , OOB.SLEPC
		                             , SUM(ISNULL(CONVERT(INT, OSB.DELNG_AMOUNT), 0)) AS DELNG_AMOUNT
		                          FROM OR_ORDER_BAS      AS OOB
		                         INNER JOIN OR_SETLE_BAS AS OSB
		                            ON OSB.ORDER_NO         = OOB.ORDER_NO
		                           AND OSB.CANCL_EXCHNG_RTNGUD_NO = '00000000-000000'
		                           AND OSB.SETLE_SE_CODE    =  '10'  /* 결제 구분 코드 : 10 주문 */
		                           AND OSB.SETLE_TY_CODE    =  '10'  /* 결제 유형 코드 : 10 정산 (케이지트레이딩 계좌에서 가상계좌로) */
		                         WHERE 1=1
		                           AND OOB.ENTRPS_NO        = #{entrpsNo}
		                           AND OOB.ORDER_STTUS_CODE <![CDATA[>=]]> '10'   /* 주문진행상태: 결제완료 */
		                           AND OOB.DELETE_AT        = 'N'
		                         GROUP BY OOB.ORDER_NO, OSB.SETLE_STTUS_CODE, OOB.SLEPC
		                       ) A
		                 GROUP BY A.SETLE_STTUS_CODE
		                        , A.DELNG_AMOUNT
		                        , A.SLEPC
		                 ) Z
		                 UNION ALL
		                 SELECT
		                        COUNT(*) AS CNT
		                      , 0 AS DELNG_AMOUNT
		                   FROM OR_ORDER_BAS AS OOB
		                  WHERE 1=1
		                    AND OOB.ENTRPS_NO        = #{entrpsNo}
		                    AND OOB.ORDER_STTUS_CODE = '00'   /* 주문진행상태: 주문접수 */
		                    AND OOB.DELETE_AT        = 'N'
		       ) A
	</select>

	<!--  사용안함 -->
	<select id="selectRefndProgrsCnt" parameterType="String" resultType="Integer">
	   /* com.sorincorp.fo.my.mapper.Dashboard.selectRefndProgrsCnt */
		SET TRANSACTION ISOLATION LEVEL READ UNCOMMITTED
		SELECT
		      ISNULL(MAX(A.REFND_PROGRS_CNT), 0) AS REFND_PROGRS_CNT
		FROM
		    (SELECT
		           DISTINCT REQ.RCPMNY_ACNUT_NO, REQ.DELNG_SEQ_NO, RES.TRTMNT_INSTT_CODE
		         , (CASE WHEN RES.TRTMNT_INSTT_CODE IS NULL THEN 1
		                ELSE 0
		            END) AS REFND_PROGRS_CNT
		      FROM IF_EWALLET_DEFRAY_TRANSFR_REQUST      AS REQ
		      LEFT JOIN IF_EWALLET_DEFRAY_TRANSFR_RSPNS  AS RES
		        ON REQ.DELNG_SEQ_NO      = RES.DELNG_SEQ_NO
		       AND REQ.TRTMNT_INSTT_CODE = RES.TRTMNT_INSTT_CODE
		     WHERE 1=1
		       AND REQ.RCPMNY_ACNUT_NO = #{rcpmnyAcnutNo}
		    ) A
	</select>

	<insert id="insertRefundRequst" parameterType="java.util.HashMap">
        /* com.sorincorp.fo.my.mapper.Dashboard.insertRefundRequst */
        <selectKey keyProperty="refndRequstDt" resultType="String" order="AFTER">
        	SET TRANSACTION ISOLATION LEVEL READ UNCOMMITTED
            SELECT TOP 1
                   FORMAT(REFND_REQUST_DT, 'yyyy-MM-dd HH:mm:ss') AS REFND_REQUST_DT
              FROM MB_REFND_REQUST_HST
             WHERE ENTRPS_NO = #{entrpsNo}
               AND REFND_REQUST_MBY_CODE = '01'
             ORDER BY REFND_REQUST_DT DESC
        </selectKey>

        INSERT INTO dbo.MB_REFND_REQUST_HST                                                                  /* 회원_환불 요청 이력           */
             (
               ENTRPS_NO                                                                                     /* 업체 번호                     */
             , REFND_REQUST_DT                                                                               /* 환불 요청 일시                */
             , REFND_REQUST_MBY_CODE                                                                         /* 환불 요청 주체 코드            */
             , REFND_REQUST_AMOUNT                                                                           /* 환불 요청 금액                */
             , REFND_REQUST_HOUR_BLCE                                                                        /* 환불 요청 시 잔액              */
             , REFND_REQUST_STTUS_CODE                                                                       /* 환불 요청 상태 코드           */
             , DELETE_AT                                                                                     /* 삭제 여부                     */
             , FRST_REGISTER_ID                                                                              /* 최초 등록자 아이디            */
             , FRST_REGIST_DT                                                                                /* 최초 등록 일시                */
             , LAST_CHANGER_ID                                                                               /* 최종 변경자 아이디            */
             , LAST_CHANGE_DT                                                                                /* 최종 변경 일시                */
             )
        VALUES
             (
               #{entrpsNo}                                                                                   /* 업체 번호                     */
             , FORMAT(GETDATE() , 'yyyy-MM-dd HH:mm:ss')                                                     /* 환불 요청 일시                */
             , '01'                                                                                          /* 환불 요청 주체 코드            */
             , #{refndRequstAmount}                                                                          /* 환불 요청 금액                */
             , #{refndRequstHourBlce}                                                                        /* 환불 요청 시 잔액              */
             , '01'                                                                                          /* 환불 요청 상태 코드           */
             , 'N'                                                                                           /* 삭제 여부                     */
             , #{mberId}                                                                                     /* 최초 등록자 아이디            */
             , GETDATE()                                                                                     /* 최초 등록 일시                */
             , #{mberId}                                                                                     /* 최종 변경자 아이디            */
             , GETDATE()                                                                                     /* 최종 변경 일시                */
             )
	</insert>

	<update id="updateRefundRequstSttu" parameterType="java.util.HashMap">
	    /* com.sorincorp.fo.my.mapper.Dashboard.updateRefundRequstSttu */
        UPDATE MB_REFND_REQUST_HST
           SET REFND_REQUST_STTUS_CODE = '04'                                                                /* 환불 요청 상태 코드           */
             , REFND_REQUST_PROCESS_DT = GETDATE()                                                           /* 환불 요청 처리 일시           */
             , LAST_CHANGER_ID         = #{mberId}                                                           /* 최종 변경자 아이디            */
             , LAST_CHANGE_DT          = GETDATE()                                                           /* 최종 변경 일시                */
         WHERE ENTRPS_NO               = #{entrpsNo}
           AND REFND_REQUST_DT         = #{refndRequstDt}
           AND REFND_REQUST_MBY_CODE   = '01'
	</update>

	<!-- 결제예정액 영역 조회 -->
	<select id="selectUnSetleAmount" parameterType="string" resultType="java.util.HashMap">
		/* com.sorincorp.fo.my.mapper.Dashboard.selectUnSetleAmount */
		SET TRANSACTION ISOLATION LEVEL READ UNCOMMITTED
		SELECT
				ISNULL(sum(t1.TOT_MRTGG_UN_SETLE_AMOUNT), 0) + ISNULL(sum(t1.TOT_EWALLET_UN_SETLE_AMOUNT), 0)  AS totUnSetleAmount		/* 총결졔예정액 */
				,ISNULL(sum(t1.TOT_MRTGG_UN_SETLE_AMOUNT), 0)  AS totMrtggUnSetleAmount		/* 담보미결제액 */
				,ISNULL(sum(t1.TOT_EWALLET_UN_SETLE_AMOUNT), 0)  AS totEwalletUnSetleAmount	/* 이월렛미결제액 */
				,ISNULL((
					SELECT
						TOP 1 MRTGG_BLCE
					FROM dbo.MB_ENTRPS_MRTGG_LMT_DTL B
					WHERE ENTRPS_NO = #{entrpsNo}												/* 업체번호 */
					AND ENTRPS_MRTGG_CNTRCT_SN = (
						SELECT TOP 1 ENTRPS_MRTGG_CNTRCT_SN
						FROM MB_ENTRPS_MRTGG_CNTRCT_BAS A
						WHERE 1=1
						AND ENTRPS_NO = #{entrpsNo}												/* 업체번호 */
						AND CONVERT(char(8), getdate(), 112) BETWEEN GRNTY_TMLMT_BEGIN_DE AND GRNTY_TMLMT_END_DE
						AND LAST_CNTRCT_AT = 'Y'
						ORDER BY  ENTRPS_MRTGG_CNTRCT_SN DESC
					)
					ORDER BY MRTGG_DELNG_DT DESC
				), 0) AS mrtggBlce															/* 전자상거래보증남은한도액 */
		FROM (
				SELECT DISTINCT
						oob.ENTRPS_NO
						,sum(CASE WHEN oob.SETLE_MTHD_CODE IN ('20', '40') THEN oob.UN_SETLE_AMOUNT ELSE 0 END) OVER(PARTITION BY SETLE_MTHD_CODE) AS TOT_MRTGG_UN_SETLE_AMOUNT
						,sum(CASE WHEN oob.SETLE_MTHD_CODE = '90' THEN oob.UN_SETLE_AMOUNT ELSE 0 END) OVER(PARTITION BY SETLE_MTHD_CODE) AS TOT_EWALLET_UN_SETLE_AMOUNT
				FROM dbo.OR_ORDER_BAS oob
				INNER JOIN dbo.MB_ENTRPS_INFO_BAS meib
					ON meib.ENTRPS_NO = oob.ENTRPS_NO
				WHERE 1=1
				AND oob.DELETE_AT = 'N'
				AND oob.ENTRPS_NO = #{entrpsNo}												/* 업체번호 */
				<![CDATA[
				AND oob.ORDER_STTUS_CODE >= '10' AND oob.ORDER_STTUS_CODE != '11'			/* 주문상태코드 결제완료 이상, 주문취소 제외 */
				AND ISNULL(oob.UN_SETLE_AMOUNT, 0) > 0										/* 미결제금액이 남은 주문건 */
				]]>
		) t1
	</select>

	<!-- 결제예정 내역 목록 조회 -->
	<select id="selectListUnSetleAmountDtl" parameterType="string" resultType="com.sorincorp.fo.my.model.PaytEsamtVO">
		/* com.sorincorp.fo.my.mapper.Dashboard.selectListUnSetleAmountDtl */
		SET TRANSACTION ISOLATION LEVEL READ UNCOMMITTED
		SELECT
			SUM(CASE WHEN SETLE_STTUS = '미납' THEN 1 ELSE 0 END) OVER(PARTITION BY ENTRPS_NO) AS SETLE_CNT_NPY
			,SUM(CASE WHEN SETLE_STTUS = '연체' THEN 1 ELSE 0 END) OVER(PARTITION BY ENTRPS_NO) AS SETLE_CNT_ARRRG
			,SUM(CASE WHEN SETLE_STTUS = '예정' THEN 1 ELSE 0 END) OVER(PARTITION BY ENTRPS_NO) AS SETLE_CNT_PREARNGE
			,t1.*
		FROM (
			SELECT
				ROW_NUMBER() OVER(ORDER BY t.BASE_SETLE_PREARNGE_DE, t.ORDER_NO) AS ROWNUM	<!-- 정렬 : 결제예정일, 주문번호 내림차순 -->
				,t.*
				,cdb.DOC_FILE_REAL_COURS AS ITM_IMG_SRC										/* 아이템 이미지 */
				,ISNULL(CCOB.CNTRCT_NO, '') AS CNTRCT_NO									/* 계약번호 */
			FROM (
				SELECT
					CASE
						WHEN o.UN_SETLE_AMOUNT = 0
			    		THEN '완료'
			    		<!--
			    		/* 대출일때 and 대출완료가 아닌 건 */
			    		WHEN SETLE_MTHD_CODE = '90' AND SETLE_MTHD_DETAIL_CODE = '9030'
			    				AND 1 = (
				    				SELECT count(1) FROM dbo.OR_LON_BAS
				    				WHERE ORDER_NO = o.ORDER_NO
				    					AND LON_STTUS_CODE != '60'
			    				)
			    		THEN '대기'
			    		/* 담보일때 상환 정보가 하나도 없을 때 */
	    				WHEN SETLE_MTHD_CODE = '20' AND SETLE_MTHD_DETAIL_CODE IS NULL AND SETLE_AMOUNT = 0
	   					THEN '대기'
	   					-->
				 		<![CDATA[
			    		WHEN o.UN_SETLE_AMOUNT > 0 AND CONVERT(CHAR(8),GETDATE(),112) <= o.BASE_SETLE_PREARNGE_DE
				     	THEN CASE WHEN o.ADIT_AMOUNT > 0 AND o.MRTGG_STTUS_CODE = '50'
	                    		  THEN '추가결제'
	                    		  ELSE '예정'
	                    	 END
				     	WHEN o.UN_SETLE_AMOUNT > 0
						     	AND CONVERT(CHAR(8),GETDATE(),112) BETWEEN o.BASE_SETLE_PREARNGE_DE AND dbo.fn_getSettleSttusDe(o.BASE_SETLE_PREARNGE_DE, 6)
						THEN CASE WHEN o.SETLE_MTHD_CODE IN ('20','40')
						 		  THEN CASE WHEN o.ORDER_STTUS_CODE = '30'
			                        	  	THEN '미납'
				                            WHEN o.ORDER_STTUS_CODE != '30'
				                            THEN '예정'
				                            ELSE ''
				                        END
				                  ELSE '미납'
				             END		/* 결제예정일이 지났으나 연체 이자가 발생하기 전 */
				     	WHEN o.UN_SETLE_AMOUNT > 0
				     			AND CONVERT(CHAR(8),GETDATE(),112) > dbo.fn_getSettleSttusDe(o.BASE_SETLE_PREARNGE_DE, 6)
			     		THEN '연체'	/* 결제예정일로 부터 5 영업일 지난 */
				     	ELSE ''
					 END AS SETLE_STTUS 				/* 결제상태 */
					 ]]>
					, CONVERT(DATE, o.BASE_SETLE_PREARNGE_DE) AS SETLE_PREARNGE_DE
					, o.ORDER_NO
					, o.SETLE_AMOUNT
					, o.SETLE_DT
					, o.TOT_SETLE_COMPT_DT
					, o.SETLE_MTHD_CODE
					, o.SETLE_MTHD_DETAIL_CODE
					, o.FRST_SETLE_AMOUNT
					, o.UN_SETLE_AMOUNT
					, o.WRTM_MUMM_WRTM_RATE
					, o.SETLE_KND
					, o.BASE_SETLE_PREARNGE_DE
					, o.MBER_NO
				    , o.ENTRPS_NO
				    , o.ENTRPS_GRAD_NO
				    , o.SLE_MTHD_CODE
				    , o.ORDRR_NM
				    , o.ORDRR_MOBLPHON_NO
				    , o.ORDRR_EMAIL
				    , o.ORDER_ENTRPS_NM
				    , o.ORDER_ENTRPS_TELNO
				    , o.ORDER_STTUS_CODE
				    , o.DLVY_MN_CODE
				    , o.METAL_CODE
				    , o.METAL_CODE_NM
				    , o.METAL_CODE_NM_EN
				    , o.SLEPC
				    , o.ORDER_COMPT_DT
				    , o.CLOS_TIME
				    , o.ITM_SN
					, dbo.fn_getEntrpsSetleMnYn(o.ENTRPS_NO, '02', '') AS WRTM_USE_AT 					/* 증거금사용여부 */
				    , SUBSTRING(o.DLIVY_REQUST_DE,0,5)+'-'+ SUBSTRING(o.DLIVY_REQUST_DE, 5, 2) + '-' + SUBSTRING(o.DLIVY_REQUST_DE, 7,2) AS DLIVY_REQUST_DE
					, SUBSTRING(o.ORDER_DE,0,5)+'-'+ SUBSTRING(o.ORDER_DE, 5, 2) + '-' + SUBSTRING(o.ORDER_DE, 7,2) AS ORDER_DE
<!-- 					, CASE -->
<!-- 						WHEN dbo.fn_getEntrpsSetleMnYn(o.ENTRPS_NO, '03', '') = 'Y' OR dbo.fn_getEntrpsSetleMnYn(o.ENTRPS_NO, '05', '') = 'Y' -->
<!-- 							THEN 'Y' -->
<!-- 							ELSE 'N' -->
<!-- 						END -->
<!-- 						AS MRTGG_GRNTY_USE_AT 															/* 전자상거래보증사용여부 */ -->
					, dbo.fn_getEntrpsSetleMnYn(o.ENTRPS_NO, '04', '') AS LON_GRNTY_USE_AT 				/* 대출보증사용여부 */
					, ISNULL(olb2.LON_STTUS_CODE, '') AS LON_STTUS_CODE									/* 대출상태코드 */
					, ISNULL(olb2.BANK_CODE, '') AS BANK_CODE											/* 대출은행코드 */
					, dbo.fn_getBankCodeUrl(olb2.BANK_CODE) AS BANK_URL									/* 대출은행URL */
					, dbo.fn_getRepyPossAt(o.ORDER_NO) AS repyPossAt									/* 상환가능여부 (결졔에정일당일 이후시) */
					, o.ADIT_AMOUNT																		/* 추가 금액 */
					, o.MRTGG_STTUS_CODE																/* 담보상태코드 */
					, o.SETLE_PREARNGE_COUNT															/* 미상환된 중도상환 건 갯수 */
					, o.UNTPC_DCSN_AT																	/* 가단가 주문의 단가 확정 여부 */
					, o.UNTPC_DCSN_MXMM_DE																/* 단가 확정 최대 일자 */
				FROM (
						SELECT
							oob.ORDER_NO                                                                                  /* 주문 번호                     */
							 ,oob.ORDER_DE
							 , CASE WHEN oob.SETLE_MTHD_CODE IN ('10', '20', '40') THEN ISNULL(a.SETLE_AMOUNT, 0)
									WHEN oob.SETLE_MTHD_CODE = '90' THEN ISNULL((a.SETLE_AMOUNT - oob.FRST_SETLE_AMOUNT), 0)
								END AS SETLE_AMOUNT 																		 /* 입금액                      */
							 , CONVERT(VARCHAR, a.SETLE_COMPT_DT, 120) AS SETLE_DT                                        	/* 입금 일시                     */
							 , CASE WHEN oob.UN_SETLE_AMOUNT = 0 THEN CONVERT(VARCHAR, a.SETLE_COMPT_DT, 120)
						  		    ELSE ''
						  	    END AS TOT_SETLE_COMPT_DT	  						 										 /* 결제 완료일                   */
						     , oob.SETLE_MTHD_CODE                                                                           /* 결제 방식 코드                */
						     , oob.SETLE_MTHD_DETAIL_CODE                                                                    /* 결제 방식 상세 코드           */
						     , oob.FRST_SETLE_AMOUNT                                                                         /* 최초 결제 금액(선결제)                */
						     , ISNULL(ISNULL(OMMRD.UN_SETLE_AMOUNT, oob.UN_SETLE_AMOUNT), 0) AS UN_SETLE_AMOUNT              /* 미 결제 금액                  */
						     , oob.WRTM_MUMM_WRTM_RATE                                                                       /* 증거금 최소 증거금 비율       */
						     , CASE WHEN oob.SETLE_MTHD_CODE = '20' THEN '전자상거래보증'
						     		WHEN oob.SETLE_MTHD_CODE = '40' THEN (
						     			CASE
						     				WHEN oob.SETLE_MTHD_DETAIL_CODE = '4010' THEN '케이지크레딧'
						     				ELSE '케이지크레딧'
					     				END
						     		)
						     		WHEN oob.SETLE_MTHD_CODE = '90' THEN (
						     			CASE
								 			WHEN oob.SETLE_MTHD_DETAIL_CODE = '9010' THEN '증거금(e-wallet)'
								 			WHEN oob.SETLE_MTHD_DETAIL_CODE = '9030' THEN '증거금(구매자금)'
								 			ELSE '증거금'
							 			END
						 			)
						 			ELSE 'e-wallet'
						 		END AS SETLE_KND                                                                       	 	 /* 결제 종류 20 전자상거래보증 9010 계약금 9030 계약금(대출보증)		*/
							 , CASE WHEN oob.SETLE_MTHD_CODE IN ('20', '40') THEN ISNULL(OMMRD.SETLE_PREARNGE_DE, a.SETLE_PREARNGE_DE)
						 			ELSE oob.WRTM_SETLE_PREARNGE_DE
								END AS BASE_SETLE_PREARNGE_DE                                                                /* 결제 예정 일자  	              */
						 	 , oob.MBER_NO                                                                                   /* 회원 번호                     */
						     , oob.ENTRPS_NO                                                                                 /* 업체 번호                     */
						     , oob.ENTRPS_GRAD_NO                                                                            /* 업체 등급 번호                */
						     , oob.SLE_MTHD_CODE                                                                             /* 판매 방식 코드                */
						     , oob.ORDRR_NM                                                                                  /* 주문자 명                     */
						     , oob.ORDRR_MOBLPHON_NO                                                                         /* 주문자 휴대폰 번호            */
						     , oob.ORDRR_EMAIL                                                                               /* 주문자 이메일                 */
						     , oob.ORDER_ENTRPS_NM                                                                           /* 주문 업체 명                  */
						     , oob.ORDER_ENTRPS_TELNO                                                                        /* 주문 업체 전화번호            */
						     , oob.ORDER_STTUS_CODE                                                                          /* 주문 상태 코드                */
						     , oob.DLVY_MN_CODE																				 /* 배송 수단 코드 */
						     , oob.DLIVY_REQUST_DE                                                                           /* 출고 요청 일자                */
						     , oob.METAL_CODE                                                                                /* 금속 코드                     */
						     , (SELECT CODE_CHRCTR_REFRNSIX FROM CO_CMMN_CD
							     WHERE MAIN_CODE = 'METAL_CODE'
							     AND SUB_CODE = oob.METAL_CODE) AS METAL_CODE_NM				 							/* 금속 코드명 */
						     , (SELECT CODE_NM FROM CO_CMMN_CD
							     WHERE MAIN_CODE = 'METAL_CODE'
							     AND SUB_CODE = oob.METAL_CODE) AS METAL_CODE_NM_EN				 							/* 금속 코드명 en */
						     , ISNULL(ooib.AVRGPC_SLEPC, oob.SLEPC) AS SLEPC                                                        /* 판매가 */
						     , oob.ORDER_COMPT_DT                                                                            /* 주문 완료 일시 */
						     <!-- 시작시간, 마감시간 모두 필요하다면 OrderMapper.chkSameDayDelivery 참고할 것 -->
						     , (
									SELECT
										CONCAT(
											CONCAT(HH, '시'), CONCAT(MM, '분')
										) AS CLOS_TIME
									FROM (
										SELECT
											  SUBSTRING(CHK_CLOS_TIME, 1, 2) AS HH
											, SUBSTRING(CHK_CLOS_TIME, 3, 2) AS MM
											, SUBSTRING(CHK_CLOS_TIME, 5, 2) AS SS
										FROM (
											SELECT
												  APPLC_DE                                                                                 /* 적용 여부 */
												, METAL_CODE                                                                               /* 금속 코드 */
												, CASE WHEN oob.DLVY_MN_CODE = '01' THEN SORIN_TODAY_DLIVY_CLOS_TIME /* 케이지트레이딩 */
													ELSE MANATMB_TODAY_DLIVY_CLOS_TIME /* 자차 */
													END AS CHK_CLOS_TIME
											FROM dbo.IT_BSN_DLVY_MANAGE_BAS
											WHERE 1=1
											AND APPLC_DE = (SELECT MAX(APPLC_DE) AS APPLC_DE FROM dbo.IT_BSN_MANAGE_BAS WHERE DELETE_AT = 'N' AND APPLC_DE <![CDATA[<=]]> CONVERT(CHAR(8), GETDATE(), 112))
											AND DELETE_AT = 'N'
											AND METAL_CODE = oob.METAL_CODE
										) TABA
									) TABB
								) AS CLOS_TIME						/* 당일배송 시간 */
							, oob.ITM_SN 							/* 아이템 순번 */
							, oob.ADIT_AMOUNT						/* 추가 금액 */
							, ISNULL(omb.MRTGG_STTUS_CODE, 50) AS MRTGG_STTUS_CODE								/* 담보상태코드 */
							, OMMRD.SETLE_PREARNGE_COUNT																	
                       			+ IIF(OOB.ADIT_AMOUNT > 0 AND ISNULL(ADIT.SETLED_ADIT_AMOUNT, 0) = 0, 1, 0) AS SETLE_PREARNGE_COUNT 		/* 미상환된 중도상환 건 갯수*/
                       		, IIF(oob.SLE_MTHD_CODE = '05' AND oob.GOODS_UNTPC IS NULL, 'N', 'Y') AS UNTPC_DCSN_AT			/* 가단가 주문의 단가 확정 여부 */
                     		, CONVERT(DATE, ooib.UNTPC_DCSN_MXMM_DE) AS UNTPC_DCSN_MXMM_DE									/* 단가 확정 최대 일자 */
						FROM dbo.OR_ORDER_BAS AS oob
						LEFT JOIN dbo.OR_ORDER_INFO_BAS AS ooib					/* 주문_주문 정보 기본 T 평균가 */
							ON ooib.ORDER_NO = oob.ORDER_NO
						INNER JOIN (
							 SELECT
							 		osb.ORDER_NO
							 	  , '' AS SETLE_PREARNGE_DE
								  , SUM(CONVERT(BIGINT, osb.DELNG_AMOUNT)) AS SETLE_AMOUNT
							 	  , MAX(osb.SETLE_COMPT_DT) AS SETLE_COMPT_DT
							   FROM dbo.OR_SETLE_BAS AS osb
							   INNER JOIN dbo.OR_ORDER_BAS AS oob2
							  	ON oob2.ORDER_NO = osb.ORDER_NO
							  WHERE 1=1
							  	AND oob2.DELETE_AT = 'N'
							  	AND oob2.ENTRPS_NO = #{entrpsNo}
							  	AND oob2.SETLE_MTHD_CODE IN ('10', '90')					/* 담보제외 */
							  	AND (oob2.SETLE_MTHD_DETAIL_CODE IS NULL OR oob2.SETLE_MTHD_DETAIL_CODE = '9010') /* 구매자금 제외 */
							    AND osb.DELETE_AT = 'N'
							    AND osb.SETLE_TY_CODE = '10'
							    AND osb.SETLE_SE_CODE = '10'
							    AND osb.SETLE_STTUS_CODE = '02' 				/* 완료 */
							  GROUP BY osb.ORDER_NO

							UNION ALL
							SELECT
									olb.ORDER_NO
							     , olb.SETLE_PREARNGE_DE
							     , SUM(olb.SETLE_AMOUNT) AS SETLE_AMOUNT
							 	 , MAX(olb.SETLE_DE) AS SETLE_COMPT_DT
							  FROM dbo.OR_LON_BAS AS olb
							  INNER JOIN dbo.OR_ORDER_BAS AS oob3
							  	ON oob3.ORDER_NO = olb.ORDER_NO
							 WHERE 1=1
							  	AND oob3.DELETE_AT = 'N'
							  	AND oob3.ENTRPS_NO = #{entrpsNo}
							  	AND oob3.SETLE_MTHD_DETAIL_CODE = '9030'
							 	AND olb.DELETE_AT = 'N'
							 GROUP BY olb.ORDER_NO, olb.SETLE_PREARNGE_DE

						 	UNION ALL
							 SELECT
							 		ombb.ORDER_NO
							     , ombb.SETLE_PREARNGE_DE
							     , (SELECT
							     		SUM(CASE WHEN REPY_SE_CODE != '02' 		/* 01:중량정산, 02:상환입금, 03:단가정산, 04:최종정산 */
									  	  	    THEN
									  	  	    	CASE WHEN SETLE_AMOUNT <![CDATA[<]]> 0
									  	  	    		THEN SETLE_AMOUNT*-1
									  	  	    		ELSE SETLE_AMOUNT
									  	  	    		END
									  	  	    ELSE SETLE_AMOUNT
									  	    END)
							 		 FROM dbo.OR_MRTGG_DTL
							        WHERE 1=1
							          AND MRTGG_NO = ombb.MRTGG_NO
							          AND MRTGG_REPY_STTUS_CODE = '20' 			/* 담보 상환 상태 코드: 20. 상환 정보 전송 성공 */
							        ) AS SETLE_AMOUNT
							     , (SELECT MAX(SETLE_COMPT_DT) FROM dbo.OR_SETLE_BAS
							     	WHERE ORDER_NO = ombb.ORDER_NO) AS SETLE_COMPT_DT 						/* 이월렛테이블-상환일 */
							  FROM dbo.OR_MRTGG_BAS AS ombb
							  INNER JOIN dbo.OR_ORDER_BAS AS oob4
							  	ON oob4.ORDER_NO = ombb.ORDER_NO
							 WHERE 1=1
							  	AND oob4.DELETE_AT = 'N'
							  	AND oob4.ENTRPS_NO = #{entrpsNo}
							 	AND ombb.DELETE_AT = 'N'
							 GROUP BY ombb.ORDER_NO, ombb.MRTGG_NO, ombb.SETLE_PREARNGE_DE
						) a
						ON oob.ORDER_NO = a.ORDER_NO
						AND oob.ENTRPS_NO = #{entrpsNo}									/* 업체번호 */
						<![CDATA[
						AND ISNULL(oob.UN_SETLE_AMOUNT, 0) > 0										/* 미결제금액이 남은 주문건 */
						AND oob.ORDER_STTUS_CODE >= '10' AND oob.ORDER_STTUS_CODE != '11'			/* 주문상태코드 결제완료 이상, 주문취소 제외 */
						]]>
						LEFT JOIN OR_MRTGG_BAS omb
						ON omb.DELETE_AT = 'N'
						AND omb.ORDER_NO = oob.ORDER_NO
						LEFT JOIN (
							SELECT 
								   ROW_NUMBER() OVER(PARTITION BY OMMRD.MRTGG_NO, OMMRD.ORDER_NO ORDER BY OMMRD.SETLE_PREARNGE_DE) AS RN
								 , COUNT(1) OVER(PARTITION BY OMMRD.MRTGG_NO, OMMRD.ORDER_NO) AS SETLE_PREARNGE_COUNT
								 , OMMRD.MRTGG_NO
								 , OMMRD.ORDER_NO
								 , OMMRD.SETLE_PREARNGE_DE
								 , OMMRD.RCPMNY_REQUST_AMOUNT AS UN_SETLE_AMOUNT
							  FROM dbo.OR_MRTGG_MDSTRM_REPY_DTL OMMRD
							 WHERE OMMRD.DELETE_AT = 'N'
							   AND OMMRD.REPY_COMPT_CODE = 'N'
						) OMMRD
						ON OMMRD.MRTGG_NO = omb.MRTGG_NO
						AND OMMRD.ORDER_NO = omb.ORDER_NO
						AND OMMRD.RN = 1
						LEFT JOIN (
							SELECT
								   OOB.ORDER_NO
								 , COUNT( IIF(OOB.ADIT_AMOUNT > 0 AND MEED.EWALLET_DELNG_SE_CODE = '09', 1, NULL)) AS SETLED_ADIT_AMOUNT
							  FROM OR_SETLE_BAS OSB 
							  JOIN OR_ORDER_BAS OOB
							    ON OOB.DELETE_AT = 'N'
							   AND OOB.ORDER_NO = OSB.ORDER_NO 
							  LEFT
							  JOIN MB_ENTRPS_EWALLET_DTL MEED 
							    ON MEED.DELETE_AT = 'N'
							   AND MEED.ORDER_NO = OSB.ORDER_NO 
							   AND MEED.DELNG_SEQ_NO = OSB.DELNG_SEQ_NO 
							 WHERE 1=1
							   AND OSB.SETLE_STTUS_CODE = '02'
							   AND OSB.DELNG_AMOUNT != 0
							 GROUP BY OOB.ORDER_NO
						) ADIT
						ON ADIT.ORDER_NO = OOB.ORDER_NO
				) o
				OUTER APPLY (
					SELECT TOP 1 * FROM dbo.OR_LON_BAS
					WHERE ORDER_NO = o.ORDER_NO
					ORDER BY LAST_CHANGE_DT DESC
				) olb2
			) t
			INNER JOIN dbo.IT_ITM_INFO_BAS  AS iiib  				/* 상품_아이템 기본 */
				ON iiib.ITM_SN = t.ITM_SN
			LEFT JOIN dbo.CO_DOC_BAS AS cdb    						/* 공통_문서 기본 */
				ON cdb.DOC_NO = iiib.PC_IMAGE_ONE_SN
			LEFT JOIN dbo.CN_CNTRCT_ORDER_BAS AS CCOB				/* 계약 발주 기본 T */
				ON CCOB.ORDER_NO = t.ORDER_NO
		) t1
		ORDER BY ROWNUM
	</select>

	<select id="selectListEntrpsBank" parameterType="string" resultType="com.sorincorp.fo.my.model.BankInfoVO">
		/* com.sorincorp.fo.my.mapper.Dashboard.selectListEntrpsBank */
		SET TRANSACTION ISOLATION LEVEL READ UNCOMMITTED
		SELECT
				A.BANK_CODE
				,B.CODE_NM as BANK_NM
		FROM dbo.MB_ENTRPS_LON_GRNTY_BANK_INFO_BAS  A
		INNER JOIN dbo.CO_CMMN_CD  B
			ON B.SUB_CODE = A.BANK_CODE
			AND B.MAIN_CODE = 'BANK_CODE'
			AND B.USE_AT = 'Y'
		WHERE 1=1
		AND A.USE_AT = 'Y'
		AND A.DELETE_AT = 'N'
		AND A.ENTRPS_NO = #{entrpsNo}	/* 업체번호 */
	</select>


	<select id="setleDtlsList" parameterType="hashmap" resultType="com.sorincorp.fo.my.model.SetleDtlsDetailVO">
		/* com.sorincorp.fo.my.mapper.Dashboard.setleDtlsList */
		SET TRANSACTION ISOLATION LEVEL READ UNCOMMITTED
		<choose>
			<when test="setleMthdCode == '20' or setleMthdCode == '40' ">	/* 여신, 담보 */
				SELECT
					ROW_NUMBER() OVER(ORDER BY DELNG_DT) AS ROWNUM
					,t.*
				FROM (
						/* 계약내역(주문) */
						SELECT
						    oob.ENTRPS_NO
						    ,omb.FRST_REGIST_DT AS DELNG_DT                 				/* 최초 등록 일시 */
						    ,omb.ORDER_NO
						    ,memld.MRTGG_DELNG_TY_CODE AS DELNG_SE_CODE         			/* 담보 상태 코드 (의미없음) */
						    ,'주문' AS DELNG_SE                               				/* 유형 (고정) */
						    ,'전자상거래보증' AS SETLE_MN                          				/* 결제수단 (의미없음) */
						    , memld.MRTGG_DELNG_AMOUNT AS DELNG_AMOUNT                      /* 담보 거래 금액 */
						    , memld.MRTGG_SUMRY AS SUMRY                    				/* 담보 적요 */
						    , memld.MRTGG_DELNG_AMOUNT AS UN_SETLE_AMOUNT                   /* 미결제금 */
						FROM dbo.OR_MRTGG_BAS omb
						INNER JOIN dbo.OR_ORDER_BAS oob
						    ON oob.ORDER_NO = omb.ORDER_NO
						    AND oob.ENTRPS_NO = #{entrpsNo}
						LEFT JOIN dbo.MB_ENTRPS_MRTGG_LMT_DTL memld
						    ON memld.ORDER_NO = omb.ORDER_NO
						    AND memld.MRTGG_DELNG_TY_CODE = '02'            	/* 주문:02, 상환:03, 정산:04 */
						WHERE omb.ORDER_NO = #{orderNo}
					UNION ALL
						/* 상환내역(정산, 상환) */
						SELECT *
						FROM (
							SELECT
								t1.ENTRPS_NO
								,t1.DELNG_DT
								,t1.ORDER_NO
								,t1.DELNG_SE_CODE
								,t1.DELNG_SE
								,t1.SETLE_MN
								,t1.DELNG_AMOUNT
								,t1.SUMRY
								,(SELECT top 1 NRDMP_AMOUNT   FROM dbo.OR_MRTGG_DTL
									WHERE MRTGG_NO = t1.MRTGG_NO  AND MRTGG_DETAIL_SN = t1.RNUM
									) AS UN_SETLE_AMOUNT
							FROM (
							    SELECT
							    	ROW_NUMBER() OVER(ORDER BY memld.MRTGG_DELNG_DT) AS RNUM	/* 담보상세에서 값을 뽑아내기 위한 순번 */
							        ,omb.MRTGG_NO												/* 담보상세에서 값을 뽑아내기 위한 조건 */
							        ,oob.ENTRPS_NO
							        ,memld.MRTGG_DELNG_DT AS DELNG_DT                   		/* 최초 등록 일시 */
							        ,omb.ORDER_NO
								    ,memld.MRTGG_DELNG_TY_CODE AS DELNG_SE_CODE         		/* 담보 상태 코드 (의미없음) */
							        ,dbo.fn_getCodeNm('MRTGG_DELNG_TY_CODE', memld.MRTGG_DELNG_TY_CODE) AS DELNG_SE                                 /* 유형 (고정) */
							        ,'전자상거래보증' AS SETLE_MN                          			/* 결제수단 (의미없음) */
							        ,memld.MRTGG_DELNG_AMOUNT AS DELNG_AMOUNT                   /* 담보 거래 금액 */
							        ,memld.MRTGG_SUMRY AS SUMRY                    				/* 담보 적요 */
							    FROM dbo.OR_MRTGG_BAS omb
							    LEFT JOIN dbo.OR_ORDER_BAS oob
							        ON oob.ORDER_NO = omb.ORDER_NO
							        AND oob.ENTRPS_NO = #{entrpsNo}
							    LEFT JOIN dbo.MB_ENTRPS_MRTGG_LMT_DTL memld
							        ON memld.ORDER_NO = omb.ORDER_NO
							        AND memld.MRTGG_DELNG_TY_CODE IN ('03', '04')	/* 주문:02, 상환:03, 정산:04 */
							    LEFT JOIN dbo.OR_ORDER_INFO_BAS ooib
							        ON ooib.ORDER_NO = omb.ORDER_NO
							    WHERE omb.ORDER_NO = #{orderNo}
							) t1
						) t2
						WHERE t2.UN_SETLE_AMOUNT IS NOT NULL
				) t
			</when>
			<otherwise>		/* 이월렛, 증거금 */
				SELECT
					ROW_NUMBER() OVER(ORDER BY t1.DELNG_DT ) AS ROWNUM
					,t1.*
					,oob.SLEPC
					,CASE WHEN SUM(oob.SLEPC - t1.DELNG_AMOUNT) OVER(ORDER BY DELNG_DT) = oob.SLEPC
						THEN 0
						ELSE SUM(oob.SLEPC - t1.DELNG_AMOUNT) OVER(ORDER BY DELNG_DT)
						END
						AS UN_SETLE_AMOUNT
				FROM (
						SELECT
							MEED.ENTRPS_NO 														/* 업체 번호                     */
							, MEED.EWALLET_DELNG_DT AS DELNG_DT 								/* 이월렛 거래 일시              */
							, MEED.ORDER_NO 													/* 주문 번호                     */
							, MEED.EWALLET_DELNG_SE_CODE AS DELNG_SE_CODE 						/* 이월렛 거래 구분 코드         */
							, dbo.fn_getCodeNm('EWALLET_DELNG_SE_CODE', MEED.EWALLET_DELNG_SE_CODE) AS DELNG_SE /* 유형                    */
							, 'e-Wallet' AS SETLE_MN 											/* 결제수단                 */
							, MEED.EWALLET_DELNG_AMOUNT AS DELNG_AMOUNT 						/* 이월렛 거래 금액              */
							, MEED.EWALLET_SUMRY AS SUMRY 										/* 이월렛 적요                   */
						FROM dbo.MB_ENTRPS_EWALLET_DTL AS MEED 			/* 회원_업체 이월렛 상세 T */
						WHERE 1 = 1
						AND MEED.DELETE_AT = 'N '
						AND MEED.EWALLET_DELNG_SE_CODE = '04' 			/* 고객 이월렛계좌에서 케이지트레이딩계좌로 */
						AND MEED.ENTRPS_NO = #{entrpsNo}
						AND MEED.ORDER_NO = #{orderNo}
					UNION ALL
						SELECT
							MELLD.ENTRPS_NO 													/* 업체 번호                     */
							, MELLD.LON_DELNG_DT AS DELNG_DT 									/* 대출 거래 일시                */
							, MELLD.ORDER_NO 													/* 주문 번호                     */
							, MELLD.LON_DELNG_TY_CODE AS DELNG_SE_CODE 							/* 대출 거래 유형 코드           */
							, dbo.fn_getCodeNm('LON_DELNG_TY_CODE', MELLD.LON_DELNG_TY_CODE) AS DELNG_SE /* 유형                    */
							, '대출보증' AS SETLE_MN 												/* 결제수단                 */
							, MELLD.LON_DELNG_AMOUNT AS DELNG_AMOUNT 							/* 대출 거래 금액                */
							, MELLD.LON_SUMRY AS SUMRY 											/* 대출 적요                     */
						FROM dbo.MB_ENTRPS_LON_LMT_DTL AS MELLD 		/* 회원_업체 대출 한도 상세 T */
						WHERE 1 = 1
						AND MELLD.DELETE_AT = 'N'
						AND MELLD.ENTRPS_NO = #{entrpsNo}
						AND MELLD.ORDER_NO = #{orderNo}
				) t1
				LEFT JOIN OR_ORDER_BAS oob
					ON oob.ORDER_NO = t1.ORDER_NO
					AND oob.DELETE_AT = 'N'
			</otherwise>
		</choose>
	</select>

	<select id="selectEwalletRspnCode" parameterType="string" resultType="string">
		/***** com.sorincorp.fo.my.mapper.Dashboard.selectEwalletRspnCode *****/
		SET TRANSACTION ISOLATION LEVEL READ UNCOMMITTED
		SELECT RSPNS_CODE
		FROM dbo.IF_EWALLET_DEFRAY_TRANSFR_RSPNS
		WHERE 1=1
		AND DELNG_SEQ_NO = #{delngSeqNo}
		AND DELNG_DE = CONVERT(CHAR(8), GETDATE(), 112)
	</select>
	
	<select id="selectMbEntrpsGradStdrPurchsQy"  resultType="com.sorincorp.fo.mb.model.MbEntrpsGradVO">
	    /* com.sorincorp.fo.my.mapper.Dashboard.selectMbEntrpsGradStdrPurchsQy */
		SET TRANSACTION ISOLATION LEVEL READ UNCOMMITTED
		SELECT TOP(1)
					FIRST_GRAD_PURCHS_QY,
					SCND_GRAD_PURCHS_QY,
					THIRD_GRAD_PURCHS_QY,
					FOURTH_GRAD_PURCHS_QY
		  FROM MB_ENTRPS_GRAD_STDR_PURCHS_QY
		 WHERE DELETE_AT = 'N'
		 ORDER BY PURCHS_QY_SN DESC
	</select>

	<select id="selectMbGradDscntAmountList"  resultType="com.sorincorp.fo.mb.model.MbEntrpsGradVO">
	    /* com.sorincorp.fo.my.mapper.Dashboard.selectMbGradDscntAmountList */
		SET TRANSACTION ISOLATION LEVEL READ UNCOMMITTED
		SELECT ISNULL(MEGMAMD.DSCNT_AMOUNT,0) AS DSCNT_AMOUNT 
		 FROM MB_ENTRPS_GRAD_BNEF_BAS MEGBB 
	LEFT JOIN MB_ENTRPS_GRAD_METAL_ACCTO_MANAGE_DTL MEGMAMD
		     ON MEGBB.ENTRPS_GRAD_SN	= MEGMAMD.ENTRPS_GRAD_SN 
		WHERE MEGMAMD.DELETE_AT 		= 'N'
		   AND MEGMAMD.METAL_CODE 	= '7' 
	ORDER BY MEGMAMD.ENTRPS_GRAD_SN 
	</select>

	<select id="selectMbTotRealOrderWtSum"  parameterType="String" resultType="int">
	    /* com.sorincorp.fo.my.mapper.Dashboard.selectMbTotRealOrderWtSum */
		SET TRANSACTION ISOLATION LEVEL READ UNCOMMITTED
		SELECT ISNULL(TOT_REAL_ORDER_WT,0) AS TOT_REAL_ORDER_WT_SUM
	 	 FROM MB_ENTRPS_INFO_BAS MEIB1
 	LEFT JOIN (SELECT OOB.ENTRPS_NO AS ENTRPS_NO,
							  SUM(TOT_REAL_ORDER_WT) AS TOT_REAL_ORDER_WT
					FROM OR_ORDER_BAS OOB 
				 LEFT JOIN MB_ENTRPS_INFO_BAS MEIB
						  ON OOB.ENTRPS_NO = MEIB.ENTRPS_NO
   					 WHERE MEIB.DELETE_AT = 'N'
  						AND OOB.ORDER_STTUS_CODE != '01'  --실패 건
  						AND OOB.ORDER_DE LIKE CONVERT(VARCHAR(6),GETDATE(), 112)+'%'
		      	GROUP BY OOB.ENTRPS_NO ) C
    	      ON C.ENTRPS_NO = MEIB1.ENTRPS_NO
    	WHERE MEIB1.ENTRPS_NO = #{entrpsNo}
	</select>

	<select id="mbEntrpsMnbyPurchsInfo"  parameterType="String" resultType="com.sorincorp.fo.mb.model.MbEntrpsGradVO">
	    /* com.sorincorp.fo.my.mapper.Dashboard.selectMbTotRealOrderWtSum */
		SET TRANSACTION ISOLATION LEVEL READ UNCOMMITTED
		SELECT MEIB.ENTRPS_NO, 
				   ISNULL(C.TO_LSMTH_AVRG_PURCHS_MT,0) AS TO_LSMTH_AVRG_PURCHS_MT,
				   ISNULL(C.TO_LSMTH_ADUP_PURCHS_MT,0) AS TO_LSMTH_ADUP_PURCHS_MT,
				   ISNULL(C.TO_LSMTH_MXMM_PURCHS_MT,0) AS TO_LSMTH_MXMM_PURCHS_MT,
				   ISNULL(C.TO_LSMTH_MIN_PURCHS_MT,0) AS TO_LSMTH_MIN_PURCHS_MT,
				   ISNULL(C.THSMON_ADUP_PURCHS_MT,0) AS THSMON_ADUP_PURCHS_MT,
				   ISNULL(C.CEIL_AVG_TOT_REAL_ORDER_WT,0) AS CEIL_AVG_TOT_REAL_ORDER_WT,
				   ISNULL(C.FLOOR_AVG_TOT_REAL_ORDER_WT,0) AS FLOOR_AVG_TOT_REAL_ORDER_WT,
				   ISNULL(C.MXMM_PURCHS_MT_ACHIV_AT,'N') AS MXMM_PURCHS_MT_ACHIV_AT,
				   ISNULL(C.AVRG_PURCHS_MT_RISING_AT,'N') AS AVRG_PURCHS_MT_RISING_AT,
				   ISNULL(C.AVRG_PURCHS_MT_MNTNC_AT,'N') AS AVRG_PURCHS_MT_MNTNC_AT
 	 	 FROM MB_ENTRPS_INFO_BAS MEIB 
 	LEFT JOIN ( SELECT ENTRPS_NO, TO_LSMTH_AVRG_PURCHS_MT,
							   TO_LSMTH_ADUP_PURCHS_MT,
							   TO_LSMTH_MXMM_PURCHS_MT,
							   TO_LSMTH_MIN_PURCHS_MT,
							   THSMON_ADUP_PURCHS_MT,
							   MXMM_PURCHS_MT_ACHIV_AT,
							   AVRG_PURCHS_MT_RISING_AT,
							   AVRG_PURCHS_MT_MNTNC_AT,
							   CEIL_AVG_TOT_REAL_ORDER_WT,
							   FLOOR_AVG_TOT_REAL_ORDER_WT
			  		   FROM MB_ENTRPS_MNBY_PURCHS_BNEF_BAS MEMPBB 
		 			 WHERE TRGET_YM = CONVERT(VARCHAR(6), DATEADD(MM,-1, DATEADD(DAY,1- DAY(GETDATE()) ,GETDATE())), 112)) C
 			ON MEIB.ENTRPS_NO = C.ENTRPS_NO
 	   WHERE MEIB.ENTRPS_NO = #{entrpsNo}
	</select>
	
	<select id="selectcpAtmcIsuCouponInfoList" resultType="com.sorincorp.fo.mb.model.MbEntrpsGradVO">
	    /* com.sorincorp.fo.my.mapper.Dashboard.selectcpAtmcIsuCouponInfoList */
		SET TRANSACTION ISOLATION LEVEL READ UNCOMMITTED
		SELECT UNTPC_DSCNT_AMOUNT 
		 FROM CP_ATMC_ISU_COUPON_INFO_BAS caicib 
		WHERE DELETE_AT = 'N' 
		ORDER BY ATMC_ISU_CND_CODE DESC
	</select>
	
	<insert id="insertOrSetleBas" parameterType="Map">
		/* com.sorincorp.fo.my.mapper.Dashboard.insertOrSetleBas */
		/******  INSERT : OR_SETLE_BAS(주문_결제 기본)                                     ******/
        INSERT INTO dbo.OR_SETLE_BAS                                    /* 주문_결제 기본                */
             (
               SETLE_NO                                                 /* 결제 번호                    */
             , ORDER_NO                                                 /* 주문 번호                    */
             , CANCL_EXCHNG_RTNGUD_NO                                   /* 취소 교환 반품 번호          	 */
             , SETLE_SE_CODE                                            /* 결제 구분 코드                */
             , SETLE_TY_CODE                                            /* 결제 유형 코드                */
             , SETLE_STTUS_CODE                                         /* 결제 상태 코드                */
             , SETLE_REQUST_DT                                          /* 결제 요청 일시                */
             , DELNG_AMOUNT 											/* 거래 금액 					 */
             , SMS_SNDNG_AT                                             /* SMS 발송 여부                */
             , FEE                                                      /* 수수료                      */
             , REFND_SE_CODE											/* 환불 구분 코드				 */
             , DELETE_AT                                                /* 삭제 여부                    */
             , FRST_REGISTER_ID                                         /* 최초 등록자 아이디            	  */
             , FRST_REGIST_DT                                           /* 최초 등록 일시                 */
             , LAST_CHANGER_ID                                          /* 최종 변경자 아이디            	  */
             , LAST_CHANGE_DT                                           /* 최종 변경 일시                 */
             )
        VALUES
             (
               #{setleNo}                                               /* 결제 번호                     */
             , #{orderNo}                                               /* 주문 번호                     */
             , '00000000-000000'                                        /* 취소 교환 반품 번호           */
             , '10'                                                     /* 결제 구분 코드 : 10 (주문)    */
             , '20'                                                     /* 결제 유형 코드 : 20 (환불, 케이지트레이딩계좌 ==> 가상계좌) */
             , '01'                                                     /* 결제 상태 코드 : 01 (요청)    */
             , GETDATE()                                                /* 결제 요청 일시                */
             , #{rcppayTrgetAmount}										/* 거래 금액 				   	 */
             , 'Y'                                                      /* SMS 발송 여부                 */
             , (
                SELECT TOP 1
                    EWALLET_RCPMNY_FEE
                FROM IT_BSN_MANAGE_BAS
                WHERE CONVERT(CHAR(8), GETDATE(), 112) <![CDATA[ >= ]]> APPLC_DE
                ORDER BY APPLC_DE DESC
                )                                                       /* 수수료                         */
             , '02'											            /* 환불 구분 코드 : 02 (단가환불) */
             , 'N'                                                      /* 삭제 여부                      */
             , #{mberId}                                                /* 최초 등록자 아이디             */
             , GETDATE()                                                /* 최초 등록 일시                 */
             , #{mberId}                                                /* 최종 변경자 아이디             */
             , GETDATE()                                                /* 최종 변경 일시                 */
             );
	</insert>
	
	<select id="selectOrPcChangegldBas" parameterType="com.sorincorp.fo.my.model.OrPcChangegldBasVO" resultType="com.sorincorp.fo.my.model.OrPcChangegldBasVO">
		/* com.sorincorp.fo.my.mapper.Dashboard.selectOrPcChangegldBas */
		SET TRANSACTION ISOLATION LEVEL READ UNCOMMITTED
		SELECT OPCB.ORDER_NO
			 , OPCB.OCCRRNC_SN
			 , OPCB.RCPPAY_TRGET_AMOUNT
		  FROM OR_PC_CHANGEGLD_BAS OPCB 							/* 주문_가격 변동금 기본 */
		 WHERE OPCB.DELETE_AT = 'N'									
		   AND OPCB.ORDER_NO = #{orderNo}							/* 주문 번호 */
		   AND OPCB.OCCRRNC_SN IN (<foreach collection="occrrncSns" item="occrrncSn" separator=",">#{occrrncSn}</foreach>)	/* 발생 순번 */
		   AND OPCB.PC_CHANGEGLD_STTUS_CODE = '40'					/* 가격 변동금 상태 코드 : 40 (출금 대상) */
		 ORDER BY OPCB.ORDER_NO, OPCB.OCCRRNC_SN
	</select>
	
	<update id="updateOrPcChangegldBas" parameterType="com.sorincorp.fo.my.model.OrPcChangegldBasVO">
		/* com.sorincorp.fo.my.mapper.Dashboard.updateOrPcChangegldBas */
		/******  UPDATE : OR_PC_CHANGEGLD_BAS(주문_가격 변동금 기본)                                                                     ******/
		UPDATE dbo.OR_PC_CHANGEGLD_BAS                                                                       /* 주문_가격 변동금 기본         */
		   SET
		       PC_CHANGEGLD_STTUS_CODE                          = '50'                                       /* 가격 변동금 상태 코드 : 50 (출금 완료) */
		     , LAST_CHANGER_ID                                  = #{mberId}                                  /* 최종 변경자 아이디            */
		     , LAST_CHANGE_DT                                   = GETDATE()                                  /* 최종 변경 일시                */
		 WHERE 1=1
		   AND ORDER_NO                                         = #{orderNo}                                 /* 주문 번호                     */
		   AND OCCRRNC_SN                                       = #{occrrncSn}                               /* 발생 순번                     */
	</update>
</mapper>