<?xml version="1.0" encoding="UTF-8"?>
<!DOCTYPE mapper PUBLIC "-//mybatis.org//DTD Mapper 3.0//EN" "http://mybatis.org/dtd/mybatis-3-mapper.dtd">
<mapper namespace="com.sorincorp.fo.my.mapper.DeliveryDtlsMapper">
	<sql id="deliveryDtlsListBaseQry">
		SELECT ROW_NUMBER() OVER(ORDER BY B.ORDER_NO DESC) AS RN
			 , B.* 
		  FROM (
				SELECT CASE WHEN A.DLVY_PROGRESS = 0
							THEN '미출고'
							WHEN A.DLVY_PROGRESS = 100
							THEN '출고완료'
							ELSE '부분출고'
						END AS DLVY_STTUS 
					 , A.*
				  FROM (
						SELECT 
							   OOB.ORDER_NO
							 , OOB.ORDER_DE
							 , OOB.MBER_NO
							 , OOB.ENTRPS_NO
							 , OOB.DLVY_MN_CODE
							 , dbo.fn_getCodeNm('DLVY_MN_CODE', OOB.DLVY_MN_CODE) AS DLVY_MN
							 , OOB.TOT_REAL_ORDER_WT
							 , FORMAT(IIF(OOB.ORDER_STTUS_CODE = '30', OOB.TOT_DCSN_WT, NULL), '0.000') AS TOT_DCSN_WT
							 , OOB.TOT_BUNDLE_QY 
							 , IIF(OOB.ORDER_STTUS_CODE = '30', BUNDLE.TOT_DCSN_BUNDLE_QY, NULL) AS TOT_DCSN_BUNDLE_QY
							 , CASE WHEN OOB.ORDER_STTUS_CODE = '30'
							 		THEN 100
							 		ELSE CEILING(ISNULL(BUNDLE.TOT_DCSN_BUNDLE_QY, 0) / CAST(IIF(OOB.TOT_BUNDLE_QY = 0, NULL, OOB.TOT_BUNDLE_QY) AS FLOAT) * 100)
							    END AS DLVY_PROGRESS
							 , BRAND.BRAND_NM
							 , IIF(WRHOUS.WRHOUS_COUNT > 1, CONCAT(WRHOUS.WRHOUS_NM, ' 외 ', (WRHOUS.WRHOUS_COUNT -1), '건'), WRHOUS.WRHOUS_NM) AS WRHOUS_NM 
							 , IIF(
									ODB.RECEPT_ENTRPS_RN_ADRES IS NULL
									, CONCAT(ODB.RECEPT_ENTRPS_ADRES, ' ', ODB.RECEPT_ENTRPS_DETAIL_ADRES)
									, CONCAT(ODB.RECEPT_ENTRPS_RN_ADRES, ' ', ODB.RECEPT_ENTRPS_RN_DETAIL_ADRES)
								 ) AS RECEPT_ADRES
						  FROM OR_ORDER_BAS OOB
						  LEFT 
						  JOIN OR_DLVRG_BAS ODB
						    ON ODB.DELETE_AT = 'N'
						   AND ODB.ORDER_NO = OOB.ORDER_NO
						   AND ODB.ORDER_DLVRG_NO = OOB.ORDER_DLVRG_NO
						  LEFT 
						  JOIN (
						  		SELECT ODOBD.ORDER_NO, ODOBD.CANCL_EXCHNG_RTNGUD_NO, SUM(ODOBD.DCSN_BUNDLE_QY) AS TOT_DCSN_BUNDLE_QY
								  FROM OR_DLVY_ODR_BL_DTL ODOBD 
								 WHERE ODOBD.DELETE_AT = 'N'
								 GROUP BY ODOBD.ORDER_NO, ODOBD.CANCL_EXCHNG_RTNGUD_NO
						  	   ) AS BUNDLE
						    ON BUNDLE.ORDER_NO = OOB.ORDER_NO
						   AND BUNDLE.CANCL_EXCHNG_RTNGUD_NO = dbo.fn_getOrderNo(OOB.ORDER_NO, '2')
						  LEFT
						  JOIN IT_ITM_INFO_BAS IIIB
						    ON IIIB.DELETE_AT = 'N'
						   AND OOB.ITM_SN = IIIB.ITM_SN
						  LEFT 
						  JOIN (
						  		SELECT OOD.ORDER_NO, IBIB.BRAND_NM
						  		  FROM OR_ORDER_DTL OOD
						  		  JOIN IT_BRAND_INFO_BAS IBIB
						  		    ON IBIB.DELETE_AT = 'N'
						  		   AND IBIB.BRAND_CODE = OOD.BRAND_CODE
						  		 WHERE OOD.DELETE_AT = 'N'
						  		 GROUP BY OOD.ORDER_NO, IBIB.BRAND_NM
						  	   ) AS BRAND
						  	ON BRAND.ORDER_NO = OOB.ORDER_NO
						  LEFT
						  JOIN (
						  		SELECT OOD.ORDER_NO, MAX(LWIB.WRHOUS_NM) AS WRHOUS_NM, COUNT(LWIB.WRHOUS_NM) AS WRHOUS_COUNT
						  		  FROM OR_ORDER_DTL OOD
						  		  JOIN LO_WRHOUS_INFO_BAS LWIB
						  		    ON LWIB.DELETE_AT = 'N'
						  		   AND LWIB.WRHOUS_CODE = OOD.WRHOUS_CODE
						  		 WHERE OOD.DELETE_AT = 'N'
						  		 GROUP BY OOD.ORDER_NO
						  	   ) AS WRHOUS
						    ON WRHOUS.ORDER_NO = OOB.ORDER_NO
						 WHERE OOB.DELETE_AT = 'N'
						   AND OOB.ORDER_STTUS_CODE > 11
						   AND OOB.ORDER_STTUS_CODE NOT IN ('90','91')
						) A
				) B
		   WHERE 1=1
		   AND B.ENTRPS_NO = #{entrpsNo}
         <if test='memberSecode != null and "03" eq memberSecode '>
           AND B.MBER_NO = #{mberNo}
         </if>
         <if test='keyword != null and keyword != "" '>
           AND B.ORDER_NO LIKE '%' + #{keyword} + '%'
         </if>
         <if test='dlvyMnCode != null and dlvyMnCode != "" and dlvyMnCode != "전체" '>
           AND B.DLVY_MN_CODE = #{dlvyMnCode}
         </if>
         <if test='dlvySttusList != null and dlvySttusList.size != 0 and !dlvySttusList.contains("전체")'>
           AND B.DLVY_STTUS IN (<foreach collection="dlvySttusList" item="item" separator=",">#{item}</foreach>)
         </if>
         <if test='searchDateFrom != null and searchDateFrom != "" and searchDateTo != null and searchDateTo != "" '>
           AND B.ORDER_DE BETWEEN REPLACE(#{searchDateFrom}, '-', '') AND REPLACE(#{searchDateTo}, '-', '')
         </if>
	</sql>

	<select id="selectDeliveryDtlsList" parameterType="com.sorincorp.fo.my.model.DeliveryDtlsVO" resultType="com.sorincorp.fo.my.model.DeliveryDtlsVO">
		/* DeliveryDtls.selectDeliveryDtlsList */
		SET TRANSACTION ISOLATION LEVEL READ UNCOMMITTED
        SELECT *
        FROM (<include refid="deliveryDtlsListBaseQry"></include>) O
        WHERE O.RN BETWEEN #{startIndex} AND #{endIndex}
	</select>
	
	<select id="selectDeliveryDtlsTotCnt" parameterType="com.sorincorp.fo.my.model.DeliveryDtlsVO" resultType="int">
		/* DeliveryDtls.selectDeliveryDtlsTotCnt */
		SET TRANSACTION ISOLATION LEVEL READ UNCOMMITTED
        SELECT COUNT(*)
        FROM (<include refid="deliveryDtlsListBaseQry"></include>) O
	</select>
	
	<select id="selectDeliveryDetailDtlsList" parameterType="String" resultType="com.sorincorp.fo.my.model.DeliveryDetailDtlsVO">
		/* DeliveryDtls.selectDeliveryDetailDtlsList */
		SET TRANSACTION ISOLATION LEVEL READ UNCOMMITTED
		-- 자차배송 상세내역 > 요청 정보
		SELECT 
			   OVOD.BL_NO
			 , dbo.fn_getCodeNm('VHCLE_GROUP_CODE', OVB.VHCLE_GROUP_CODE) AS VHCLE_GROUP_NM
			 , OVOD.ODR_BUNDLE_QY
			 , OVB.VHCLE_WRHOUSNG_DE
			 , NULL AS PICK_DT
			 , NULL AS DLVY_PROGRS_STTUS
			 , OVB.VHCLE_NO
			 , OVB.DRVER_NM
			 , OVB.DRVER_TLPHON_NO
			 , NULL AS DLIVY_COMPT_DT
			 , NULL AS TOT_DCSN_WT
			 , NULL AS TOT_DCSN_BUNDLE_QY
			 , 0 AS DCSN_INFO_AT
			 , OVOD.VHCLE_ORDER_SN AS ODR
			 , NULL AS PLAN_NO
		  FROM OR_VHCLE_ORDER_DTL OVOD 
		  JOIN OR_VHCLE_BAS OVB 
		    ON OVB.DELETE_AT = 'N'
		   AND OVB.VHCLE_SN = OVOD.VHCLE_SN 
		 WHERE OVOD.DELETE_AT = 'N'
		   AND OVOD.ORDER_NO = #{orderNo}
		   
		UNION ALL
		
		-- 케이지배송 상세내역, 자차배송 상세내역 > 확정 정보
		SELECT 
			   NULL AS BL_NO
			 , dbo.fn_getCodeNm('VHCLE_GROUP_CODE', ODOB.VHCLE_GROUP_CODE) AS VHCLE_GROUP_NM
			 , NULL AS ODR_BUNDLE_QY
			 , FORMAT(ODOB.PICK_DT, 'yyyy-MM-dd') AS VHCLE_WRHOUSNG_DE
			 , FORMAT(ODOB.PICK_DT, 'yyyy-MM-dd HH:mm') AS PICK_DT
			 , dbo.fn_getCodeNm('DLVY_PROGRS_STTUS_CODE', DLVY_PROGRS_STTUS_CODE) AS DLVY_PROGRS_STTUS
			 , ODOB.VHCLE_NO
			 , ODOB.DRVER_NM
			 , ODOB.DRVER_TLPHON_NO
			 , FORMAT(ODOB.DLIVY_COMPT_DT, 'yyyy-MM-dd') AS DLIVY_COMPT_DT
			 , FORMAT(ODOBD.TOT_DCSN_WT, '0.000') AS TOT_DCSN_WT
			 , ODOBD.TOT_DCSN_BUNDLE_QY
			 , 1 AS DCSN_INFO_AT
			 , ODOB.DLVY_ODR AS ODR
			 , ODOB.PLAN_NO
		  FROM OR_DLVY_ODR_BAS ODOB 
		  LEFT
		  JOIN (
		  		SELECT ODOBD.ORDER_NO
		  			 , ODOBD.CANCL_EXCHNG_RTNGUD_NO 
		  			 , ODOBD.DLVY_ODR
		  			 , SUM(ODOBD.NET_DCSN_WT) AS TOT_DCSN_WT
		  			 , SUM(ODOBD.DCSN_BUNDLE_QY) AS TOT_DCSN_BUNDLE_QY
		  		  FROM OR_DLVY_ODR_BL_DTL ODOBD
		  		 WHERE ODOBD.DELETE_AT = 'N'
		  		 GROUP BY ODOBD.ORDER_NO, ODOBD.CANCL_EXCHNG_RTNGUD_NO, ODOBD.DLVY_ODR
		  	   ) AS ODOBD
		  	ON ODOBD.ORDER_NO = ODOB.ORDER_NO
		   AND ODOBD.CANCL_EXCHNG_RTNGUD_NO = ODOB.CANCL_EXCHNG_RTNGUD_NO
		   AND ODOBD.DLVY_ODR = ODOB.DLVY_ODR
		 WHERE ODOB.DELETE_AT = 'N'
		   AND ODOB.ORDER_NO = #{orderNo}
		 ORDER BY DCSN_INFO_AT, ODR
	</select>
</mapper>