<?xml version="1.0" encoding="UTF-8"?>
<!DOCTYPE mapper PUBLIC "-//mybatis.org//DTD Mapper 3.0//EN" "http://mybatis.org/dtd/mybatis-3-mapper.dtd">

<mapper namespace="com.sorincorp.fo.my.mapper.MemberMgrMapper">
    <select id="selectMyCorpMemberList" parameterType="com.sorincorp.fo.my.model.MemberMgrVO" resultType="com.sorincorp.fo.my.model.MemberMgrVO">
        /*  memberMgr.selectMyCorpMemberList    */
        SET TRANSACTION ISOLATION LEVEL READ UNCOMMITTED
        SELECT
            MMIB.MBER_NO
            , MMIB.ENTRPS_NO
            , MMIB.MBER_ID
            , MMIB.MBER_NM
            , MMIB.MOBLPHON_NO
            , FORMAT(MMIB.MBER_ETR_DT, 'yyyy-MM-dd HH:mm:ss') AS MBER_ETR_DT
            , FORMAT(MMIB.MBER_RECENT_VISIT_DT, 'yyyy-MM-dd HH:mm:ss') AS MBER_RECENT_VISIT_DT
            , MMIB.RECENT_CONECT_DT
            , CASE
                WHEN MMIB.MBER_SE_CODE = '02' THEN 5
                WHEN MMIB.MBER_SE_CODE = '03' THEN 4
                WHEN MMIB.MBER_SE_CODE = '04' THEN 4
                WHEN MMIB.MBER_SE_CODE = '05' THEN 1
               ELSE 0
            END REGIST_AUTH_CNT
            , MMIB.MBER_STTUS_CODE
            , dbo.fn_getCodeNm('MBER_STTUS_CODE', MMIB.MBER_STTUS_CODE) AS MBER_STTUS_CODE_NM
          FROM dbo.MB_MBER_INFO_BAS AS MMIB
         WHERE 1=1
           AND MMIB.ENTRPS_NO                           = #{entrpsNo}
           <if test="mberSttusCode != null and mberSttusCode != ''">
           AND MMIB.MBER_STTUS_CODE = '01'
           </if>
           AND MMIB.MBER_SE_CODE IN ('02','03','04','05')
           AND ISNULL(MMIB.DELETE_AT, 'N')              = 'N'
         ORDER BY MMIB.MBER_SE_CODE
    </select>

    <select id="selectMemberDetailInfo" parameterType="com.sorincorp.fo.my.model.MemberMgrVO" resultType="com.sorincorp.fo.my.model.MemberMgrVO">
        /*  memberMgr.selectMemberDetailInfo    */
        SET TRANSACTION ISOLATION LEVEL READ UNCOMMITTED
        SELECT TOP 1
            MMIB.MBER_NO
            , MMIB.ENTRPS_NO
            , MMIB.MBER_ID
            , MMIB.MBER_NM
            , MMIB.MOBLPHON_NO
            , MMIB.TLPHON_NO
            , MMIB.MBER_EMAIL
            , MMIB.MBER_STTUS_CODE
            , MMIB.MBER_SE_CODE
          FROM dbo.MB_MBER_INFO_BAS AS MMIB
         WHERE 1=1
           AND MMIB.ENTRPS_NO              = #{entrpsNo}
           AND MMIB.MBER_NO                = #{mberNo}
    </select>

    <select id="getMberSeCodeList" resultType="com.sorincorp.fo.my.model.MemberMgrVO">
        /*  memberMgr.getMberSeCodeList    */
        SET TRANSACTION ISOLATION LEVEL READ UNCOMMITTED
        SELECT
            CCC.SUB_CODE AS MBER_SE_CODE
            , CCC.CODE_NM AS MBER_SE_CODE_NM
            , CCC.CODE_DCONE AS MBER_ORDER_POSS
            , CCC.CODE_DCTWO AS MBER_POSS_DESC
          FROM dbo.CO_CMMN_CD AS CCC
         WHERE 1=1
           AND CCC.MAIN_CODE             = 'MBER_SE_CODE'
           AND CCC.USE_AT                = 'Y'
           AND CCC.DELETE_AT             = 'N'
           AND CCC.SUB_CODE             != '@'
           AND CCC.SUB_CODE             != '01'
         ORDER BY CCC.CODE_ORDR
    </select>

    <select id="selectMberIdDupYn" parameterType="com.sorincorp.fo.my.model.MemberMgrVO" resultType="String">
        /*  memberMgr.selectMberIdDupYn    */
        SET TRANSACTION ISOLATION LEVEL READ UNCOMMITTED
        SELECT
            CASE WHEN COUNT(MMIB.MBER_ID) > 0 THEN 'Y' ELSE 'N' END DUP_YN
          FROM dbo.MB_MBER_INFO_BAS AS MMIB
         WHERE 1=1
           AND MMIB.MBER_ID                               = #{mberId}
           AND MMIB.MBER_NO                              != #{mberNo}
           AND ISNULL(MMIB.DELETE_AT, 'N')                = 'N'
    </select>

    <insert id="insertMberInfo" parameterType="com.sorincorp.fo.my.model.MemberMgrVO">
        /*  memberMgr.selectMemberDetailInfo    */
        INSERT INTO dbo.MB_MBER_INFO_BAS                                                                     /* 회원_회원 정보 기본           */
        (
               MBER_NO                                                                                       /* 회원 번호                     */
             , ENTRPS_NO                                                                                     /* 업체 번호                     */
             , MBER_ID                                                                                       /* 회원 아이디                   */
             , MBER_SECRET_NO                                                                                /* 패스워드                      */
             , MBER_ETR_DT                                                                                   /* 회원 가입 일시                */
             , MBER_RECENT_VISIT_DT                                                                          /* 회원 최근 방문 일시           */
             , RECENT_CONECT_DT                                                                              /* 회원 최근 접속 일시           */
             , MBER_NM                                                                                       /* 회원 이름                     */
             , MOBLPHON_NO                                                                                   /* 휴대전화 번호                 */
             , TLPHON_NO                                                                                     /* 전화 번호                     */
             , MBER_EMAIL                                                                                    /* 회원 이메일                   */
             , MBER_STTUS_CODE                                                                               /* 회원 상태 코드                */
             , MBER_SE_CODE                                                                                  /* 회원 구분 코드                */
             , MBER_CONFM_STTUS_CODE                                                                         /* 회원 승인 상태 코드           */
             , REQUST_RESN                                                                                   /* 요청 사유                     */
             , REQUST_DT                                                                                     /* 요청 일시                     */
             , FRST_REGISTER_ID                                                                              /* 최초 등록자 아이디            */
             , FRST_REGIST_DT                                                                                /* 최초 등록 일시                */
             , LAST_CHANGER_ID                                                                               /* 최종 변경자 아이디            */
             , LAST_CHANGE_DT                                                                                /* 최종 변경 일시                */
             , DELETE_AT                                                                                     /* 삭제 여부                     */
             , DELETE_DT                                                                                     /* 삭제 일시                     */
        )
        VALUES
        (
               #{mberNo}                                                                                     /* 회원 번호                     */
             , #{entrpsNo}                                                                                   /* 업체 번호                     */
             , #{mberId}                                                                                     /* 회원 아이디                   */
             , #{mberSecretNo}                                                                               /* 패스워드                      */
             , GETDATE()                                                                                     /* 회원 가입 일시                */
             , GETDATE()                                                                                     /* 회원 최근 방문 일시           */
             , GETDATE()                                                                                     /* 회원 최근 접속 일시           */
             , #{mberNm}                                                                                     /* 회원 이름                     */
             , #{moblphonNo}                                                                                 /* 휴대전화 번호                 */
             , #{tlphonNo}                                                                                   /* 전화 번호                     */
             , #{mberEmail}                                                                                  /* 회원 이메일                   */
             , #{mberSttusCode}                                                                              /* 회원 상태 코드                */
             , #{mberSeCode}                                                                                 /* 회원 구분 코드                */
             , #{mberConfmSttusCode}                                                                         /* 회원 승인 상태 코드           */
             , '신규멤버등록(마스터)'                                                                             /* 요청 사유                     */
             , GETDATE()                                                                                     /* 요청 일시                     */
             , #{frstRegisterId}                                                                             /* 최초 등록자 아이디            */
             , GETDATE()                                                                                     /* 최초 등록 일시                */
             , #{lastChangerId}                                                                              /* 최종 변경자 아이디            */
             , GETDATE()                                                                                     /* 최종 변경 일시                */
             , 'N'
             , NULL
        )
    </insert>

    <update id="updateMberInfo" parameterType="com.sorincorp.fo.my.model.MemberMgrVO">
        /*  memberMgr.updateMberInfo    */
        /******  UPDATE : MB_MBER_INFO_BAS(회원_회원 정보 기본)                                                                          ******/
        UPDATE dbo.MB_MBER_INFO_BAS                                                                          /* 회원_회원 정보 기본           */
           SET
               MBER_ID                                          = #{mberId}                                  /* 회원 아이디                   */
             , MBER_NM                                          = #{mberNm}                                  /* 회원 이름                     */
             , MOBLPHON_NO                                      = #{moblphonNo}                              /* 휴대전화 번호                 */
             , TLPHON_NO                                        = #{tlphonNo}                                /* 전화 번호                     */
             , MBER_EMAIL                                       = #{mberEmail}                               /* 회원 이메일                   */
             , MBER_STTUS_CODE                                  = #{mberSttusCode}                           /* 회원 상태 코드                */
             , MBER_SE_CODE                                     = #{mberSeCode}                              /* 회원 구분 코드                */
             <if test="mberSecretNo != null and mberSecretNo != ''">
             , MBER_SECRET_NO                                   = #{mberSecretNo}                            /* 패스워드                */
             </if>
             <if test="masterChg == true">
             , MBER_CONFM_PROCESS_DT                            = GETDATE()
             </if>
             , LAST_CHANGER_ID                                  = #{lastChangerId}                           /* 최종 변경자 아이디            */
             , LAST_CHANGE_DT                                   = GETDATE()                                  /* 최종 변경 일시                */
         WHERE 1=1
           AND MBER_NO                                          = #{mberNo}                                  /* 회원 번호                     */
    </update>

    <update id="updateMasterMember" parameterType="com.sorincorp.fo.my.model.MemberMgrVO">
        /*  memberMgr.updateMasterMember    */
        UPDATE dbo.MB_MBER_INFO_BAS
            SET MBER_SE_CODE                                     = #{mberSeCode}                                                     /* 회원 구분 코드                */
                , LAST_CHANGER_ID                                = #{lastChangerId}                                                  /* 최종 변경자 아이디            */
                , LAST_CHANGE_DT                                 = GETDATE()                                                         /* 최종 변경 일시                */
         WHERE 1=1
           AND MBER_NO                                           = #{mberNo}
    </update>

    <insert id="insertmberInfoHst" parameterType="com.sorincorp.fo.my.model.MemberMgrVO">
        /*  memberMgr.insertmberInfoHst    */
        SET TRANSACTION ISOLATION LEVEL READ UNCOMMITTED
        INSERT INTO dbo.MB_MBER_INFO_BAS_HST                                                                 /* 회원_회원 정보 기본 이력      */
        (
               MBER_NO                                                                                       /* 회원 번호                     */
             , ENTRPS_NO                                                                                     /* 업체 번호                     */
             , MBER_ID                                                                                       /* 회원 아이디                   */
             , MBER_SECRET_NO                                                                                /* 회원 비밀 번호                */
             , MBER_ETR_DT                                                                                   /* 회원 가입 일시                */
             , MBER_RECENT_VISIT_DT                                                                          /* 회원 최근 방문 일시           */
             , MBER_CONFM_STTUS_CODE                                                                         /* 회원 승인 상태 코드           */
             , MBER_CONFM_PROCESS_DT                                                                         /* 회원 승인 처리 일시           */
             , CONFMER_NM                                                                                    /* 승인자 명                     */
             , REQUST_RESN                                                                                   /* 요청 사유                     */
             , CONFM_RESN                                                                                    /* 승인 사유                     */
             , MBER_NM                                                                                       /* 회원 이름                     */
             , MOBLPHON_NO                                                                                   /* 휴대전화 번호                 */
             , TLPHON_NO                                                                                     /* 전화 번호                     */
             , MBER_EMAIL                                                                                    /* 회원 이메일                   */
             , USE_STPLAT_AGRE_AT                                                                            /* 이용 약관 동의 여부           */
             , USE_STPLAT_AGRE_DT                                                                            /* 이용 약관 동의 일시           */
             , ELCTRN_FNNC_DELNG_STPLAT_AGRE_AT                                                              /* 전자 금융 거래 약관 동의 여부 */
             , ELCTRN_FNNC_DELNG_STPLAT_AGRE_DT                                                              /* 전자 금융 거래 약관 동의 일시 */
             , INDVDL_INFO_PROCESS_POLCY_AGRE_AT                                                             /* 개인 정보 처리 방침 동의 여부 */
             , INDVDL_INFO_PROCESS_POLCY_AGRE_DT                                                             /* 개인 정보 처리 방침 동의 일시 */
             , INDVDL_INFO_COLCT_USE_AGRE_AT                                                                 /* 개인 정보 수집 이용 동의 여부 */
             , INDVDL_INFO_COLCT_USE_AGRE_DT                                                                 /* 개인 정보 수집 이용 동의 일시 */
             , MBER_EMAIL_RECPTN_AGRE_AT                                                                     /* 회원 메일 수신 동의 여부      */
             , MBER_EMAIL_RECPTN_AGRE_DT                                                                     /* 회원 메일 수신 일시           */
             , MBER_CHRCTR_RECPTN_AGRE_AT                                                                    /* 회원 문자 수신 동의 여부      */
             , MBER_CHRCTR_RECPTN_AGRE_DT                                                                    /* 회원 문자 수신 동의 일시      */
             , NSLT_REQST_AT                                                                                 /* 뉴스레터 신청 여부            */
             , NSLT_REQST_DT                                                                                 /* 뉴스레터 신청 일시            */
             , SELF_CRTFC_AT                                                                                 /* 본인 인증 여부                */
             , SELF_CRTFC_DT                                                                                 /* 본인 인증 일시                */
             , LOGIN_FAILR_RTRVL                                                                             /* 로그인 실패 회수              */
             , SECRET_NO_ERROR_CO                                                                            /* 비밀 번호 오류 횟수           */
             , SECRET_NO_UPDT_DT                                                                             /* 비밀 번호 수정 일시           */
             , NEXT_SECRET_NO_CHANGE_DT                                                                      /* 다음 비밀 번호 변경 일시      */
             , RECENT_CONECT_DT                                                                              /* 최근 접속 일시                */
             , MBER_STTUS_CODE                                                                               /* 회원 상태 코드                */
             , MBER_SE_CODE                                                                                  /* 회원 구분 코드                */
             , AUTHOR_CHANGE_AGRE_AT                                                                         /* 권한 변경 동의 여부           */
             , DELETE_AT                                                                                     /* 삭제 여부                     */
             , DELETE_DT                                                                                     /* 삭제 일시                     */
             , FRST_REGISTER_ID                                                                              /* 최초 등록자 아이디            */
             , FRST_REGIST_DT                                                                                /* 최초 등록 일시                */
             , LAST_CHANGER_ID                                                                               /* 최종 변경자 아이디            */
             , LAST_CHANGE_DT                                                                                /* 최종 변경 일시                */
             , REQUST_DT                                                                                     /* 요청 일시                     */
             , AUTHOR_NO                                                                                     /* 권한번호                      */
             , ADVRTS_RECPTN_AGRE_AT                                                                         /* 마케팅 수신 동의 여부         */
		     , ADVRTS_RECPTN_AGRE_DT                                                                         /* 마케팅 수신 동의 일시         */
        )
        SELECT
               MMIB.MBER_NO                                                                                  /* 회원 번호                     */
             , MMIB.ENTRPS_NO                                                                                /* 업체 번호                     */
             , MMIB.MBER_ID                                                                                  /* 회원 아이디                   */
             , MMIB.MBER_SECRET_NO                                                                           /* 회원 비밀 번호                */
             , MMIB.MBER_ETR_DT                                                                              /* 회원 가입 일시                */
             , MMIB.MBER_RECENT_VISIT_DT                                                                     /* 회원 최근 방문 일시           */
             , MMIB.MBER_CONFM_STTUS_CODE                                                                    /* 회원 승인 상태 코드           */
             , MMIB.MBER_CONFM_PROCESS_DT                                                                    /* 회원 승인 처리 일시           */
             , MMIB.CONFMER_NM                                                                               /* 승인자 명                     */
             , MMIB.REQUST_RESN                                                                              /* 요청 사유                     */
             , MMIB.CONFM_RESN                                                                               /* 승인 사유                     */
             , MMIB.MBER_NM                                                                                  /* 회원 이름                     */
             , MMIB.MOBLPHON_NO                                                                              /* 휴대전화 번호                 */
             , MMIB.TLPHON_NO                                                                                /* 전화 번호                     */
             , MMIB.MBER_EMAIL                                                                               /* 회원 이메일                   */
             , MMIB.USE_STPLAT_AGRE_AT                                                                       /* 이용 약관 동의 여부           */
             , MMIB.USE_STPLAT_AGRE_DT                                                                       /* 이용 약관 동의 일시           */
             , MMIB.ELCTRN_FNNC_DELNG_STPLAT_AGRE_AT                                                         /* 전자 금융 거래 약관 동의 여부 */
             , MMIB.ELCTRN_FNNC_DELNG_STPLAT_AGRE_DT                                                         /* 전자 금융 거래 약관 동의 일시 */
             , MMIB.INDVDL_INFO_PROCESS_POLCY_AGRE_AT                                                        /* 개인 정보 처리 방침 동의 여부 */
             , MMIB.INDVDL_INFO_PROCESS_POLCY_AGRE_DT                                                        /* 개인 정보 처리 방침 동의 일시 */
             , MMIB.INDVDL_INFO_COLCT_USE_AGRE_AT                                                            /* 개인 정보 수집 이용 동의 여부 */
             , MMIB.INDVDL_INFO_COLCT_USE_AGRE_DT                                                            /* 개인 정보 수집 이용 동의 일시 */
             , MMIB.MBER_EMAIL_RECPTN_AGRE_AT                                                                /* 회원 메일 수신 동의 여부      */
             , MMIB.MBER_EMAIL_RECPTN_AGRE_DT                                                                /* 회원 메일 수신 여부 일시      */
             , MMIB.MBER_CHRCTR_RECPTN_AGRE_AT                                                               /* 회원 문자 수신 동의 여부      */
             , MMIB.MBER_CHRCTR_RECPTN_AGRE_DT                                                               /* 회원 문자 수신 동의 일시      */
             , MMIB.NSLT_REQST_AT                                                                            /* 뉴스레터 신청 여부            */
             , MMIB.NSLT_REQST_DT                                                                            /* 뉴스레터 신청 일시            */
             , MMIB.SELF_CRTFC_AT                                                                            /* 본인 인증 여부                */
             , MMIB.SELF_CRTFC_DT                                                                            /* 본인 인증 일시                */
             , MMIB.LOGIN_FAILR_RTRVL                                                                        /* 로그인 실패 회수              */
             , MMIB.SECRET_NO_ERROR_CO                                                                       /* 비밀 번호 오류 횟수           */
             , MMIB.SECRET_NO_UPDT_DT                                                                        /* 비밀 번호 수정 일시           */
             , MMIB.NEXT_SECRET_NO_CHANGE_DT                                                                 /* 다음 비밀 번호 변경 일시      */
             , MMIB.RECENT_CONECT_DT                                                                         /* 최근 접속 일시                */
             , MMIB.MBER_STTUS_CODE                                                                          /* 회원 상태 코드                */
             , MMIB.MBER_SE_CODE                                                                             /* 회원 구분 코드                */
             , MMIB.AUTHOR_CHANGE_AGRE_AT                                                                    /* 권한 변경 동의 여부           */
             , MMIB.DELETE_AT                                                                                /* 삭제 여부                     */
             , MMIB.DELETE_DT                                                                                /* 삭제 일시                     */
             , MMIB.FRST_REGISTER_ID                                                                         /* 최초 등록자 아이디            */
             , MMIB.FRST_REGIST_DT                                                                           /* 최초 등록 일시                */
             , MMIB.LAST_CHANGER_ID                                                                          /* 최종 변경자 아이디            */
             , MMIB.LAST_CHANGE_DT                                                                           /* 최종 변경 일시                */
             , MMIB.REQUST_DT                                                                                /* 요청 일시                     */
             , MMIB.AUTHOR_NO                                                                                /* 권한번호                      */
             , MMIB.ADVRTS_RECPTN_AGRE_AT                                                                    /* 마케팅 수신 동의 여부         */
		     , MMIB.ADVRTS_RECPTN_AGRE_DT                                                                    /* 마케팅 수신 동의 일시         */
          FROM dbo.MB_MBER_INFO_BAS AS MMIB                                                                  /* 회원_회원 정보 기본           */
         WHERE 1=1
           AND MMIB.MBER_NO                                     = #{mberNo}                                  /* 회원 번호                     */
    </insert>
</mapper>