<?xml version="1.0" encoding="UTF-8"?>
<!DOCTYPE mapper PUBLIC "-//mybatis.org//DTD Mapper 3.0//EN" "http://mybatis.org/dtd/mybatis-3-mapper.dtd">

<mapper namespace="com.sorincorp.fo.my.mapper.MileageMngMapper">
	<select id="selectMbMileageMngList" parameterType="com.sorincorp.fo.my.model.MileageMngVO" resultType="com.sorincorp.fo.my.model.MileageMngVO">
		/*  mileageMng.selectMbMileageMngList */
		SET TRANSACTION ISOLATION LEVEL READ UNCOMMITTED
		/******  SELECT : MB_ENTRPS_MLG_INFO_DTL(회원_업체 마일리지 내역 상세)                                                           ******/
		SELECT
            T1.*
        FROM (
			SELECT
				   ROW_NUMBER() OVER(
					ORDER BY MEMID.MLG_DELNG_DT DESC
				   )AS SEQ                                                                                      /* 마일리지 순번                 */
				 , MEMID.ENTRPS_NO                                                                              /* 업체 번호                    */
				 , CONVERT(VARCHAR(10), MEMID.MLG_DELNG_DT, 21) AS MLG_DELNG_DT                                 /* 마일리지 거래 일시            */
				 , MEMID.MLG_END_DE	                  												            /* 마일리지 만료 일자            */
				 , CASE
				    WHEN DATEDIFF(D, GETDATE(), MEMID.MLG_END_DE) > 0 THEN DATEDIFF(D, GETDATE(), MEMID.MLG_END_DE)
				    ELSE '0'
				    END AS MLG_DATE_DIFF																		/* 마일리지 날짜 차이             */
				 , MEMID.MLG_SE																					/* 마일리지 구분    	        */
				 , MEMID.MLG_TY																					/* 마일리지 유형 	           */
				 , dbo.fn_getCodeNm('ENTRPS_MLG_SE_CODE',  MEMID.MLG_SE) AS MLG_SE_NM                       	/* 마일리지 구분 코드명            */
				 , dbo.fn_getCodeNm('ENTRPS_MLG_TY_CODE',  MEMID.MLG_TY) AS MLG_TY_NM                      		/* 마일리지 유형 코드명            */
				 , MEMID.MLG_DETAIL_DTLS                                                                         /* 마일리지 상세 내역            */
				 , MEMID.DELNG_MLG                                                                               /* 거래 마일리지                 */
				 , MEMID.ORDER_NO																				 /* 주문번호                 */
				 , MEMID.ACCML_EXTSH_AT																			 /* 소멸 여부                 */
      			 , MEMID.USE_MLG																				 /* 사용 마일리지                */
				 , (SELECT TOP 1 ISNULL(IIF(REMNDR_MLG > 0 ,REMNDR_MLG ,'0'), '0')
						  FROM dbo.MB_ENTRPS_MLG_INFO_DTL
						  WHERE 1=1
						    AND DELETE_AT 						= 'N'
						    AND ISNULL(ACCML_EXTSH_AT, 'N')     = 'N'
						    AND ENTRPS_NO 						= #{entrpsNo}
						  ORDER BY MLG_SN DESC) AS USE_ABLE_MLG
			  FROM dbo.MB_ENTRPS_MLG_INFO_DTL AS MEMID                                                           /* 회원_업체 마일리지 내역 상세  */
			 INNER JOIN dbo.MB_ENTRPS_INFO_BAS AS MEIB														     /* 회원_업체 정보 기본  */
				ON MEMID.ENTRPS_NO = MEIB.ENTRPS_NO
			 WHERE 1=1
			   AND MEMID.DELETE_AT                                  = 'N'
			   AND MEIB.DELETE_AT                                   = 'N'
			   AND MEMID.ENTRPS_NO                                  = #{entrpsNo}
			   AND MEMID.MLG_SE 								   != '02'
			  <if test="mlgSe != null and mlgSe != ''">
			   AND MEMID.MLG_SE	= #{mlgSe}
			  </if>
			  <if test="startDate != null and startDate != ''">
			   AND CONVERT(VARCHAR(10), MEMID.MLG_DELNG_DT, 21) BETWEEN #{startDate} AND #{endDate}
			  </if>
			 ) AS T1
			WHERE 1=1
			<if test="startIndex != null and startIndex != ''">
			 AND T1.SEQ BETWEEN #{startIndex} AND #{endIndex}
			</if>
			 ORDER BY T1.SEQ
	</select>
	<select id="selectMbMileageMngListCnt" parameterType="com.sorincorp.fo.my.model.MileageMngVO" resultType="Integer">
		/*  mileageMng.selectMbMileageMngListCnt */
		SET TRANSACTION ISOLATION LEVEL READ UNCOMMITTED
		/******  SELECT : MB_ENTRPS_MLG_INFO_DTL(회원_업체 마일리지 내역 상세)                                                           ******/
		SELECT
            COUNT(T1.SEQ)
        FROM (
			SELECT
				   ROW_NUMBER() OVER(
					ORDER BY MEMID.MLG_DELNG_DT DESC
				   )AS SEQ                                                                                      /* 마일리지 순번                 */
				 , MEMID.ENTRPS_NO                                                                              /* 업체 번호                    */
				 , CONVERT(VARCHAR(10), MEMID.MLG_DELNG_DT, 21) AS MLG_DELNG_DT                                 /* 마일리지 거래 일시            */
				 , MLG_END_DE	                  												                /* 마일리지 만료 일자            */
				 , MEMID.MLG_SE																					/* 마일리지 구분    	        */
				 , MEMID.MLG_TY																					/* 마일리지 유형 	           */
				 , dbo.fn_getCodeNm('ENTRPS_MLG_SE_CODE',  MEMID.MLG_SE) AS MLG_SE_NM                       	/* 마일리지 구분 코드명            */
				 , dbo.fn_getCodeNm('ENTRPS_MLG_TY_CODE',  MEMID.MLG_TY) AS MLG_TY_NM                      		/* 마일리지 유형 코드명            */
				 , MEMID.MLG_DETAIL_DTLS                                                                         /* 마일리지 상세 내역            */
				 , MEMID.DELNG_MLG                                                                               /* 거래 마일리지                 */
				 , MEMID.ORDER_NO																				 /* 주문번호                 */
				 , MEIB.ENTRPSNM_KOREAN																			 /* 업체명                 */
			  FROM dbo.MB_ENTRPS_MLG_INFO_DTL AS MEMID                                                           /* 회원_업체 마일리지 내역 상세  */
			 INNER JOIN dbo.MB_ENTRPS_INFO_BAS AS MEIB															 /* 회원_업체 정보 기본  */
				ON MEMID.ENTRPS_NO = MEIB.ENTRPS_NO
			 WHERE 1=1
			   AND MEMID.DELETE_AT                                  = 'N'
			   AND MEIB.DELETE_AT                                   = 'N'
			   AND MEMID.ENTRPS_NO                                  = #{entrpsNo}
			   AND MEMID.MLG_SE 								   != '02'
			  <if test="mlgSe != null and mlgSe != ''">
			   AND MEMID.MLG_SE	= #{mlgSe}
			  </if>
			  <if test="startDate != null and startDate != ''">
			   AND CONVERT(VARCHAR(10), MEMID.MLG_DELNG_DT, 21) BETWEEN #{startDate} AND #{endDate}
			  </if>
			 ) AS T1
			 WHERE 1=1
	</select>
	<select id="selectMbMileageMngSeList" parameterType="com.sorincorp.fo.my.model.MileageMngVO" resultType="com.sorincorp.fo.my.model.MileageMngVO">
			/*  mileageMng.selectMbMileageMngSeList */
			SET TRANSACTION ISOLATION LEVEL READ UNCOMMITTED
			/******  SELECT : MB_ENTRPS_MLG_INFO_DTL(회원_업체 마일리지 내역 상세)  ******/
			SELECT
				   ISNULL(IIF(SUM([01]) > 0 ,SUM([01]) ,'0'),'0') AS TOT_ACCML_MLG								/* 총 적립 마일리지            */
				 , ISNULL(IIF(SUM([02]) > 0 ,SUM([02]) ,'0'),'0') AS TOT_ACCML_PREARNGE_MLG						/* 총 적립 예정 마일리지            */
				 , ISNULL(IIF(SUM([03]) > 0 ,SUM([03]) ,'0'),'0') AS TOT_USE_MLG								/* 총 사용 마일리지            */
				 , (SELECT TOP 1
				 		   ISNULL(IIF(REMNDR_MLG > 0 ,REMNDR_MLG ,'0'), '0')
						  FROM dbo.MB_ENTRPS_MLG_INFO_DTL
						  WHERE 1=1
						  AND DELETE_AT 					   = 'N'
						  AND ISNULL(ACCML_EXTSH_AT, 'N')      = 'N'
						  AND ENTRPS_NO 					   = #{entrpsNo}
						  ORDER BY MLG_SN DESC) AS USE_ABLE_MLG													/*  사용 가능 마일리지            */
			   FROM (
			SELECT
				   MEMID.MLG_SE
				 , MEMID.DELNG_MLG
			  FROM dbo.MB_ENTRPS_MLG_INFO_DTL AS MEMID                                                           /* 회원_업체 마일리지 내역 상세  */
			 INNER JOIN dbo.MB_ENTRPS_INFO_BAS AS MEIB															 /* 회원_업체 정보 기본  */
				ON MEMID.ENTRPS_NO = MEIB.ENTRPS_NO
			 WHERE 1=1
			   AND MEMID.DELETE_AT                                  = 'N'										 /* 삭제 여부                     */
			   AND MEIB.DELETE_AT                                   = 'N'										 /* 삭제 여부                     */
			   AND MEMID.MLG_TY                                    != '05'										 /* 마일리지 유형                     */
			   AND ISNULL(MEMID.ACCML_EXTSH_AT, 'N')				= 'N'										 /* 적립 소멸 여부                     */
			   AND MEMID.ENTRPS_NO                                  = #{entrpsNo}
			 ) AS MLG
			 PIVOT (SUM(DELNG_MLG)
			   FOR MLG_SE IN([01], [02], [03])) AS PVT
	</select>
</mapper>