<?xml version="1.0" encoding="UTF-8"?>
<!DOCTYPE mapper PUBLIC "-//mybatis.org//DTD Mapper 3.0//EN" "http://mybatis.org/dtd/mybatis-3-mapper.dtd">
<mapper namespace="com.sorincorp.batch.or.mapper.EstmtPurchsMapper">

	<select id="getFirstOrLastBusinessDayOfMonth" resultType="String">
		/******  com.sorincorp.batch.or.mapper.EstmtPurchsMapper.getFirstOrLastBusinessDayOfMonth     ******/
		SET TRANSACTION ISOLATION LEVEL READ UNCOMMITTED
		SELECT TOP 1 rtn_val_1									/* 해당 영업일의 날짜 */ 
		  FROM dbo.fn_getWorkDay(#{time}, #{time}, 'N', '2')	/* 해당 월의 영업일 목록을, LME 휴일을 포함시키지 않고 도출 */
		 WHERE rtn_val_2 = '' 									/* 빈 칸('')이면 영업일 */
		 <if test=' executeTimePoint != null and executeTimePoint == "FIRST" '>
		 ORDER BY rtn_val_1 ASC									/* 해당 월의 첫번째 영업일을 구하기 위해 정순 정렬 */
		 </if>
		 <if test=' executeTimePoint != null and executeTimePoint == "LAST" '>
		 ORDER BY rtn_val_1 DESC								/* 해당 월의 마지막 영업일을 구하기 위해 역순 정렬 */
		 </if>
	</select>

    <!-- 금속별, 월별 평균 LME CSP 구하기 -->
    <select id="selectBfeMtAvrgLmeCspList" parameterType="com.sorincorp.batch.or.model.EstmtPurchsVO" resultType="com.sorincorp.batch.or.model.EstmtPurchsVO">
        /******  com.sorincorp.batch.or.mapper.EstmtPurchsMapper.selectBfeMtAvrgLmeCspList     ******/
		SET TRANSACTION ISOLATION LEVEL READ UNCOMMITTED;
		/***
		 * 현재월에서 12개월 이전까지의 아이템별 누적 LME CSP
		 */
		WITH TEMP AS (
			SELECT SUBSTRING(B.OCCRRNC_DE, 1, 6) AS LME_CSP_DCSN_MT							/* LEM CSP 확정 월		*/
					, B.METAL_CODE															/* 금속 코드				*/
					, B.ITM_SN																/* 아이템 순번				*/
					, B.DSTRCT_LCLSF_CODE													/* 권역 대분류 코드			*/
					, B.BRAND_GROUP_CODE													/* 브랜드 그룹 코드			*/
					, B.BRAND_CODE															/* 브랜드 코드				*/
					, ISNULL(FORMAT(AVG(B.LME_CSP), '#####0.00'), '') AS AVRG_LME_CSP       /* 소수점 셋째자리에서 Round  */
			FROM (
						SELECT IMISB.METAL_CODE
							 , IMISB.ITM_SN
							 , IMISB.DSTRCT_LCLSF_CODE
							 , IMISB.BRAND_GROUP_CODE
							 , IMISB.BRAND_CODE
							 , IMISB.STDR_ITM_AT
						  FROM IT_METAL_ITM_STDR_BAS AS IMISB
						 WHERE 1=1
						   AND DELETE_AT = 'N'
						   AND SLE_MTHD_CODE = '01'
			) A
			INNER JOIN ST_EVEMTH_ACCMLT_DALY_AVG_PC_BAS B
					ON  A.METAL_CODE = B.METAL_CODE
					   AND A.ITM_SN = B.ITM_SN
					   AND A.DSTRCT_LCLSF_CODE = B.DSTRCT_LCLSF_CODE
					   AND A.BRAND_GROUP_CODE = B.BRAND_GROUP_CODE
					   AND A.BRAND_CODE = B.BRAND_CODE
					   AND B.DELETE_AT = 'N'
					   AND SUBSTRING(B.OCCRRNC_DE, 1, 6) <![CDATA[>=]]>
					   				CONVERT(CHAR(6), DATEADD(MONTH, -12, CONVERT(DATE, CONVERT(CHAR(6), DATEADD(MONTH, -1, GETDATE()) , 112)+ '01')), 112)
			GROUP BY SUBSTRING(B.OCCRRNC_DE, 1, 6), B.METAL_CODE, B.ITM_SN, B.DSTRCT_LCLSF_CODE, B.BRAND_GROUP_CODE, B.BRAND_CODE
		)
		SELECT X.*, TEMP.AVRG_LME_CSP
		FROM (
				SELECT DISTINCT D.AVRGPC_FTRS_REQUST_NO							/* 평균가 선물 요청 번호			*/
						, D.CNTRCT_NO											/* 계약 번호					*/
						, D.CNTRCT_YM											/* 계약 년월					*/
						, D.CNTRCT_YM_SN										/* 계약 년월 순번				*/
						, D.BL_NO												/* BL 번호					*/
						, D.METAL_CODE											/* 금속 코드					*/
						, D.CNCLS_FTRSPROFS_SE_CODE								/* 체결 선물사 구분 코드			*/
						, B.QP_CODE												/* QP 코드					*/
						, CONVERT(CHAR(6),
											DATEADD(MONTH, CONVERT(INT, B.QP_CODE)
														, CONVERT(DATE, C.CNTRCT_YM + '01')), 112) AS LME_CSP_DCSN_MT   /* LEM CSP 확정 월 */
				FROM CN_CNTRCT_BAS A
				INNER JOIN CN_CNTRCT_MT_DTL B
					ON A.CNTRCT_NO = B.CNTRCT_NO
							AND B.DELETE_AT = 'N'
				INNER JOIN CN_CNTRCT_MT_ASGN_INVNTRY_DTL C
					ON B.CNTRCT_NO = C.CNTRCT_NO
							AND B.CNTRCT_YM = C.CNTRCT_YM
							AND B.CNTRCT_YM_SN = C.CNTRCT_YM_SN
							AND C.INVNTRY_ASGN_SE_CODE = '20' 				-- 평균가
							AND C.DELETE_AT = 'N'
				INNER JOIN CN_AVRGPC_FTRS_BAS D
					ON C.CNTRCT_NO = D.CNTRCT_NO
						AND C.CNTRCT_YM = D.CNTRCT_YM
						AND C.CNTRCT_YM_SN = D.CNTRCT_YM_SN
						AND C.BL_NO = D.BL_NO
						AND (ISNULL(D.LME, 0) = 0 OR ISNULL(D.FINAL_PC, 0) = 0)
						AND D.DELETE_AT = 'N'
				WHERE 1=1
						<choose>
							<when test='occrrncMt != null and occrrncMt != ""'>  <!--  평균가 적용 월 -->
							AND CONVERT(CHAR(6), DATEADD(MONTH, CONVERT(INT, B.QP_CODE), CONVERT(DATE, C.CNTRCT_YM + '01')), 112) <![CDATA[<]]> #{occrrncMt}
							</when>
							<otherwise>
							AND CONVERT(CHAR(6), DATEADD(MONTH, CONVERT(INT, B.QP_CODE), CONVERT(DATE, C.CNTRCT_YM + '01')), 112) <![CDATA[<]]> CONVERT(CHAR(6), GETDATE() , 112)
							</otherwise>
						</choose>
						AND A.DELETE_AT = 'N'
		) X
		INNER JOIN TEMP
			ON X.METAL_CODE = TEMP.METAL_CODE AND X.LME_CSP_DCSN_MT = TEMP.LME_CSP_DCSN_MT
    </select>

    <!-- 계약_평균가 선물 기본 테이블의 LME 가격 수정 -->
    <update id="updateCnAvrgpcFtrsBasLmeCsp" parameterType="com.sorincorp.batch.or.model.EstmtPurchsVO">
        /******  com.sorincorp.batch.or.mapper.EstmtPurchsMapper.updateCnAvrgpcFtrsBasLmeCsp     ******/
        /******  UPDATE : CN_AVRGPC_FTRS_BAS(계약_평균가 선물 기본 테이블)                                                             ******/
		UPDATE dbo.CN_AVRGPC_FTRS_BAS								/* 계약_평균가 선물 기본		  					  */
		SET LME = #{avrgLmeCsp}										/* LME                     					  */
	        ,FINAL_PC =  FORMAT((convert(numeric,#{avrgLmeCsp}) + SPREAD) * 4 / 6400, '#####0.00')		/* 최종 가격 (lme+spread)*4/6400, 소수점 셋째자리에서 Round        */
		    ,LAST_CHANGER_ID = 'BATCH'
		    ,LAST_CHANGE_DT = GETDATE()
		WHERE 1=1
		AND AVRGPC_FTRS_REQUST_NO = #{avrgpcFtrsRequstNo}			/* 평균가 선물 요청 번호         */
		AND CNTRCT_NO = #{cntrctNo}									/* 계약 번호                  */
		AND CNTRCT_YM = #{cntrctYm}									/* 계약 년월                  */
		AND CNTRCT_YM_SN = #{cntrctYmSn}							/* 계약 년월 순번              */
		AND BL_NO = #{blNo}											/* BL 번호                  */
		AND LME IS NULL
		AND SPREAD IS NOT NULL
		AND DELETE_AT = 'N'
    </update>

	<!-- 계약_평균가 선물 기본 이력 등록 -->
	<insert id="insertCnAvrgpcFtrsBasHst" parameterType="com.sorincorp.batch.or.model.EstmtPurchsVO">
		/*** com.sorincorp.batch.or.mapper.EstmtPurchsMapper.insertCnAvrgpcFtrsBasHst ***/
		/******  INSERT : CN_AVRGPC_FTRS_BAS_HST(계약_평균가 선물 기본 이력)                                                             ******/
		INSERT INTO dbo.CN_AVRGPC_FTRS_BAS_HST                                                           /* 계약_평균가 선물 기본 이력    */
	     (
	       AVRGPC_FTRS_REQUST_NO                                                                         /* 평균가 선물 요청 번호         */
	     , CNTRCT_NO                                                                                     /* 계약 번호                     */
	     , CNTRCT_YM                                                                                     /* 계약 년월                     */
	     , CNTRCT_YM_SN                                                                                  /* 계약 년월 순번                */
	     , BL_NO                                                                                         /* BL 번호                       */
	     , CNCLS_REQUST_STTUS_AT                                                                         /* 체결 요청 상태 여부           */
	     , METAL_CODE                                                                                    /* 금속 코드                     */
	     , POSTN                                                                                         /* 포지션                        */
	     , FTRSPROFS_SE_CODE                                                                             /* 선물사 구분 코드              */
	     , PC_OPTN                                                                                       /* 가격 옵션                     */
	     , BEGIN_DE                                                                                      /* 시작 일자                     */
	     , END_DE                                                                                        /* 종료 일자                     */
	     , QY                                                                                            /* 수량                          */
	     , LOT_QY                                                                                        /* LOT 수량                      */
	     , LME                                                                                           /* LME                           */
	     , SPREAD                                                                                        /* 스프레드                      */
	     , FINAL_PC                                                                                      /* 최종 가격                     */
	     , EXPRTN_DE                                                                                     /* 만기 일자                     */
	     , ORDER_RQESTER                                                                                 /* 주문 요청자                   */
	     , ASGN_INVNTRY																					 /* 할당 재고                   */
	     , ASGN_BUNDLE_INVNTRY                                                                           /* 할당 번들 재고                */
	     , CNCLS_FTRSPROFS_SE_CODE                                                                       /* 체결 선물사 구분 코드           */
	     , DELETE_DT                                                                                     /* 삭제 일시                     */
	     , DELETE_AT                                                                                     /* 삭제 여부                     */
	     , FRST_REGISTER_ID                                                                              /* 최초 등록자 아이디            */
	     , FRST_REGIST_DT                                                                                /* 최초 등록 일시                */
	     , LAST_CHANGER_ID                                                                               /* 최종 변경자 아이디            */
	     , LAST_CHANGE_DT                                                                                /* 최종 변경 일시                */
	     , FTRS_ORDER_DE																				/* 선물 요청 일자 */
	     )
		SELECT
			   CAFB.AVRGPC_FTRS_REQUST_NO                                                                    /* 평균가 선물 요청 번호         */
			 , CAFB.CNTRCT_NO                                                                                /* 계약 번호                     */
			 , CAFB.CNTRCT_YM                                                                                /* 계약 년월                     */
			 , CAFB.CNTRCT_YM_SN                                                                             /* 계약 년월 순번                */
			 , CAFB.BL_NO                                                                                    /* BL 번호                       */
			 , CAFB.CNCLS_REQUST_STTUS_AT                                                                    /* 체결 요청 상태 여부           */
			 , CAFB.METAL_CODE                                                                               /* 금속 코드                     */
			 , CAFB.POSTN                                                                                    /* 포지션                        */
			 , CAFB.FTRSPROFS_SE_CODE                                                                        /* 선물사 구분 코드              */
			 , CAFB.PC_OPTN                                                                                  /* 가격 옵션                     */
			 , CAFB.BEGIN_DE                                                                                 /* 시작 일자                     */
			 , CAFB.END_DE                                                                                   /* 종료 일자                     */
			 , CAFB.QY                                                                                       /* 수량                          */
			 , CAFB.LOT_QY                                                                                   /* LOT 수량                      */
			 , CAFB.LME                                                                                      /* LME                           */
			 , CAFB.SPREAD                                                                                   /* 스프레드                      */
			 , CAFB.FINAL_PC                                                                                 /* 최종 가격                     */
			 , CAFB.EXPRTN_DE                                                                                /* 만기 일자                     */
			 , CAFB.ORDER_RQESTER                                                                            /* 주문 요청자                   */
			 , CAFB.ASGN_INVNTRY																			 /* 할당 재고                    */
			 , CAFB.ASGN_BUNDLE_INVNTRY                                                                      /* 할당 번들 재고                */
			 , CAFB.CNCLS_FTRSPROFS_SE_CODE                                                                  /* 체결 선물사 구분 코드           */
			 , CAFB.DELETE_DT                                                                                /* 삭제 일시                     */
			 , CAFB.DELETE_AT                                                                                /* 삭제 여부                     */
			 , CAFB.FRST_REGISTER_ID                                                                         /* 최초 등록자 아이디            */
			 , CAFB.FRST_REGIST_DT                                                                           /* 최초 등록 일시                */
			 , CAFB.LAST_CHANGER_ID                                                                          /* 최종 변경자 아이디            */
			 , CAFB.LAST_CHANGE_DT                                                                           /* 최종 변경 일시                */
			 , FTRS_ORDER_DE																				/* 선물 요청 일자 */
		  FROM dbo.CN_AVRGPC_FTRS_BAS AS CAFB WITH(NOLOCK)                                                                /* 계약_평균가 선물 기본         */
		 WHERE 1=1
		   AND CAFB.AVRGPC_FTRS_REQUST_NO                       = #{avrgpcFtrsRequstNo}                      /* 평균가 선물 요청 번호         */
		   AND CAFB.CNTRCT_NO                                   = #{cntrctNo}                                /* 계약 번호                     */
		   AND CAFB.CNTRCT_YM                                   = #{cntrctYm}                                /* 계약 년월                     */
		   AND CAFB.CNTRCT_YM_SN                                = #{cntrctYmSn}                              /* 계약 년월 순번                */
		   AND CAFB.BL_NO                                       = #{blNo}                                    /* BL 번호                       */
		   AND LAST_CHANGER_ID = 'BATCH'
	</insert>

	<!-- 주문_주문 선물 상세 테이블의 체결 단가, SPREAD 값 조회 -->
	<select id="selectCntrctFtrsDtlList" parameterType="com.sorincorp.batch.or.model.EstmtPurchsVO" resultType="com.sorincorp.batch.or.model.EstmtPurchsVO">
        /******  com.sorincorp.batch.or.mapper.EstmtPurchsMapper.selectCnAvrgpcFtrsBasCntrctList     ******/
        SET TRANSACTION ISOLATION LEVEL READ UNCOMMITTED;
		SELECT A.AVRGPC_FTRS_REQUST_NO                                             /* 평균가 선물 요청 번호           */
			   	, A.CNTRCT_NO                                                      /* 계약 번호                    */
				, A.CNTRCT_YM                                                      /* 계약 년월                    */
		   		, A.CNTRCT_YM_SN                                                   /* 계약 년월 순번                */
		   		, A.BL_NO                                                          /* BL 번호						*/
		   		, A.LME						AS AVRG_LME_CSP						   /* LME                       */
		   		, A.SPREAD					AS AVRGPC_SPREAD					   /* SPREAD                    */
		   		, A.CNCLS_FTRSPROFS_SE_CODE					   					   /* 체결 선물사 구분 코드           */
		   		, C.REQUST_FTRS_CMPNY_SE_CODE                                      /* 요청 선물사 구분 코드           */
				, D.FTRS_REQUST_ORDER_NO										   /* 선물 요청 주문 번호			    */
				, D.FTRS_REQUST_DETAIL_SN										   /* 선물 요청 상세 순번				*/
				, ISNULL(D.LQD_EXECUT_ID, '') AS LQD_EXECUT_ID
		FROM CN_AVRGPC_FTRS_BAS A
		INNER JOIN CN_AVRGPC_FTRS_PROCESS_DTL B
			ON A.AVRGPC_FTRS_REQUST_NO = B.AVRGPC_FTRS_REQUST_NO
				AND B.DELETE_AT = 'N'
		INNER JOIN OR_ORDER_FTRS_BAS C
			ON B.FTRS_REQUST_ORDER_NO = C.FTRS_REQUST_ORDER_NO AND C.DELETE_AT = 'N'
		INNER JOIN OR_ORDER_FTRS_DTL D
			ON C.FTRS_REQUST_ORDER_NO = D.FTRS_REQUST_ORDER_NO
				AND D.ORDER_STTUS = '2'
				AND D.EXECUT_TY = 'F'
				AND D.POSTN = '1'
				-- AND CONVERT(FLOAT, ISNULL(D.CNCLS_UNTPC, '0')) = 0
				AND D.DELETE_AT = 'N'
		WHERE 1=1
			AND A.AVRGPC_FTRS_REQUST_NO                       = #{avrgpcFtrsRequstNo}                      /* 평균가 선물 요청 번호           */
			AND A.CNTRCT_NO                                   = #{cntrctNo}                                /* 계약 번호                    */
			AND A.CNTRCT_YM                                   = #{cntrctYm}                                /* 계약 년월                    */
		   	AND A.CNTRCT_YM_SN                                = #{cntrctYmSn}                              /* 계약 년월 순번                */
		   	AND A.BL_NO                                       = #{blNo}                                    /* BL 번호						*/
		   	AND A.DELETE_AT = 'N'
    </select>

    <!-- 주문_주문 선물 기본 테이블의 요청 선물사 구분 코드, 요청 선물사 대상 코드 값 수정 -->
    <update id="updateOrOrderFtrsBasLmeCsp" parameterType="com.sorincorp.batch.or.model.EstmtPurchsVO">
        /******  com.sorincorp.batch.or.mapper.EstmtPurchsMapper.updateOrOrderFtrsBasLmeCsp     ******/
        UPDATE dbo.OR_ORDER_FTRS_BAS								/* 주문_주문 평균가 상세		  */
        SET
            REQUST_FTRS_CMPNY_SE_CODE          = #{cnclsFtrsprofsSeCode}            			/* 요청 선물사 구분 코드              */
            ,REQUST_FTRS_CMPNY_TRGET_CODE	   = ( SELECT CODE_CHRCTR_REFRNFOUR FROM CO_CMMN_CD
                                                  WHERE 1=1
                                                  	AND MAIN_CODE = 'FTRS_CMPNY_SE_CODE'
                                                  	AND SUB_CODE != '@'
                                                  	AND SUB_CODE = #{cnclsFtrsprofsSeCode} )		/* 요청 선물사 대상 코드              */
            ,LAST_CHANGER_ID 	= 'BATCH'
            ,LAST_CHANGE_DT 	= GETDATE()
        WHERE 1=1
        	AND FTRS_REQUST_ORDER_NO = #{ftrsRequstOrderNo}						/* 선물 요청 주문 번호	*/
        	AND DELETE_AT = 'N'
    </update>

    <!-- 주문_주문 선물 상세 테이블의 체결 단가, SPREAD 값 수정 -->
    <update id="updateOrOrderFtrsDtlLmeCsp" parameterType="com.sorincorp.batch.or.model.EstmtPurchsVO">
        /******  com.sorincorp.batch.or.mapper.EstmtPurchsMapper.updateOrOrderFtrsDtlLmeCsp     ******/
        UPDATE dbo.OR_ORDER_FTRS_DTL								/* 주문_주문 평균가 상세		  */
        SET
            AVRG_UNTPC          = CONVERT(float, #{avrgLmeCsp})                                 /* 평균 단가              */
            ,CNCLS_UNTPC 		= CONVERT(float, #{avrgLmeCsp})									/* 체결 단가              */
            ,ORDER_UNTPC        = CONVERT(float, #{avrgLmeCsp})                                 /* 주문 단가              */
            <if test='null != lqdExecutId and "" != lqdExecutId'>
            ,AVRGPC_SPREAD 		= CONVERT(float, #{avrgpcSpread})                               /* 평균가 스프레드          */
            </if>
            ,LAST_CHANGER_ID 	= 'BATCH'
            ,LAST_CHANGE_DT 	= GETDATE()
        WHERE 1=1
        	AND FTRS_REQUST_ORDER_NO = #{ftrsRequstOrderNo}						/* 선물 요청 주문 번호	*/
        	AND FTRS_REQUST_DETAIL_SN = #{ftrsRequstDetailSn}					/* 선물 요청 상세 순번	*/
        	AND DELETE_AT = 'N'
    </update>

	<select id="selectAvrgUntpcDcsnData" resultType="com.sorincorp.batch.or.model.AvrgUntpcDcsnVO">
		/******  com.sorincorp.batch.or.mapper.EstmtPurchsMapper.selectAvrgUntpcDcsnData     ******/
        SET TRANSACTION ISOLATION LEVEL READ UNCOMMITTED;
        SELECT
			   CCOB.CNTRCT_ORDER_NO
			 , CCOB.MBER_NO
			 , CCOB.ENTRPS_NO
			 , CCOB.METAL_CODE
			 , CCOB.SLE_MTHD_CODE
			 , CCOB.ITM_SN
			 , CCOB.DSTRCT_LCLSF_CODE
			 , CCOB.BRAND_GROUP_CODE
			 , CCOB.BRAND_CODE
			 , CCOB.CRNCY_SE_CODE
			 , CCOB.UNTPC_MNTNFRMLA_CODE
			 , CCOB.PREMIUM_PC
			 , CCOB.UNTPC_DCSN_DE
			 , CCOB.DLIVY_REQUST_DE
			 , CCOB.ORDER_WT
			 , CCOB.DLVY_MN_CODE
			 , CCOB.DLVRG_NO
			 , CCOB.DSTRCT_MLSFC_CODE
			 , ISNULL(IIIB.SLE_UNIT_WT, 0)/1000 AS SLE_UNIT_WT
			 , OMB.REPY_PD
			 , OMB.MRTGG_STTUS_CODE
			 , OOB.ORDER_NO
			 , OOB.ORDER_ENTRPS_NM
			 , OOB.ORDRR_NM
			 , OOB.ORDRR_MOBLPHON_NO
			 , CASE WHEN OOB.SETLE_MTHD_CODE = '20' THEN '전자상거래보증'
	        	   WHEN OOB.SETLE_MTHD_CODE = '40' THEN '케이지크레딧'
	        	   WHEN OOB.SETLE_MTHD_CODE = '90' THEN '증거금'
	        	   ELSE '하나은행 e-wallet'
	           END AS PAY_METHOD
	         , CONVERT(DATE, OOB.ORDER_DE) AS ORDER_DE
	         , OOB.GOODS_NM
	         , dbo.fn_getCodeNm('BRAND_GROUP_CODE', OOB.BRAND_GROUP_CODE) AS BRAND_GROUP_NM
	         , OOB.TOT_REAL_ORDER_WT
	         , ISNULL((SELECT IIF(ODB.EXPECT_DLVRF = 0, '-', FORMAT(ODB.EXPECT_DLVRF, '#,#'))
		                  FROM OR_DLVRF_BAS ODB
		                 WHERE ODB.ORDER_NO = OOB.ORDER_NO
		                   AND OOB.DLVY_MN_CODE       = '01'
		                   AND ODB.DLVY_SE_CODE       = '01'
		                   AND ODB.DLVRF_BND_MBY_CODE = '01'
		                   AND ODB.DLVRF_LEVY_SE_CODE = '01'), '-')       AS EXPECT_DLVRF
		     , dbo.fn_getCodeNm('DLVY_MN_CODE', OOB.DLVY_MN_CODE) AS DLVY_MN_NM
		     , CASE WHEN OOB.SETLE_MTHD_CODE IN ('20','40') THEN CONVERT(DATE, OMB.SETLE_PREARNGE_DE)
	        	   WHEN OOB.SETLE_MTHD_CODE = '90' THEN CONVERT(DATE, OOB.WRTM_SETLE_PREARNGE_DE)
	           END AS SETLE_PREARNGE_DE
			 , OOB.ORDER_STTUS_CODE
			 , OOB.WT_CHANGE
			 , OOB.TOT_DCSN_WT
			 , OOB.SETLE_MTHD_CODE
			 , OOB.UN_SETLE_AMOUNT
			 , OOB.COUPON_APPLC_AT
			 , OOIB.AVRGPC_GOODS_UNTPC
			 , OOIB.AVRGPC_ORDER_PC
			 , OOIB.AVRGPC_WT_CHANGEGLD
			 , OOIB.AVRGPC_SPLPC
			 , OOIB.AVRGPC_SLEPC
			 , LWIB.WRHOUS_NM
			 , ODB.DLVRG_NM
			 , ODB.RECEPT_ENTRPS_CHARGER_NM
			 , IIF(ODB.RECEPT_ENTRPS_MOBLPHON_NO IS NOT NULL AND ODB.RECEPT_ENTRPS_MOBLPHON_NO != ''
				         , dbo.fn_GetTelNo(ODB.RECEPT_ENTRPS_MOBLPHON_NO)
				         , '') AS RECEPT_ENTRPS_MOBLPHON_NO
			 , ODB.DLVY_REQUST_CN
			 , ISNULL(MMIB.MBER_SE_CODE, '') AS MBER_SE_CODE
			 , dbo.fn_getOrderNo(OOB.ORDER_NO, '2') AS CANCL_EXCHNG_RTNGUD_NO
			 , ISNULL(OOB.GRAD_APPLC_AMOUNT, 0) AS GRAD_APPLC_AMOUNT
		  FROM CN_CNTRCT_ORDER_BAS CCOB
		  JOIN OR_ORDER_BAS OOB
		    ON OOB.DELETE_AT = 'N'
		   AND CCOB.ORDER_NO = OOB.ORDER_NO
		  LEFT
		  JOIN OR_DLVRG_BAS ODB
			ON ODB.DELETE_AT = 'N'
		   AND OOB.ORDER_NO = ODB.ORDER_NO
		   AND OOB.ORDER_DLVRG_NO = ODB.ORDER_DLVRG_NO
		  LEFT
		  JOIN OR_MRTGG_BAS OMB
		    ON OMB.DELETE_AT = 'N'
		   AND OMB.ORDER_NO = OOB.ORDER_NO
		  LEFT
		  JOIN OR_ORDER_INFO_BAS OOIB
		    ON OOIB.DELETE_AT = 'N'
		   AND OOIB.ORDER_NO = OOB.ORDER_NO
		  LEFT
		  JOIN IT_ITM_INFO_BAS AS IIIB
		    ON IIIB.DELETE_AT = 'N'
		   AND IIIB.ITM_SN = CCOB.ITM_SN
		  LEFT
		  JOIN LO_WRHOUS_INFO_BAS LWIB
		    ON LWIB.DELETE_AT = 'N'
		   AND LWIB.WRHOUS_CODE = (SELECT DISTINCT OOD.WRHOUS_CODE FROM OR_ORDER_DTL OOD WHERE OOD.ORDER_NO = OOB.ORDER_NO)
		  LEFT
		  JOIN MB_MBER_INFO_BAS MMIB
			ON MMIB.DELETE_AT = 'N'
		   AND MMIB.MBER_NO = CCOB.MBER_NO
		  LEFT
		  JOIN MB_ENTRPS_INFO_BAS MEIB
		    ON MEIB.DELETE_AT = 'N'
		   AND MEIB.ENTRPS_NO = CCOB.ENTRPS_NO
		 WHERE CCOB.DELETE_AT = 'N'
		   AND CCOB.SLE_MTHD_CODE = '04'
		   <choose>
			<when test='orderNoInArray != null and orderNoInArray.length != 0'>
		   	  AND OOB.ORDER_NO IN (<foreach collection="orderNoInArray" item="orderNo" separator=",">
		   	  	#{orderNo}
		   	  </foreach>)
			</when>
		   	<otherwise>
			  AND LEFT(CCOB.UNTPC_DCSN_DE, 6) <![CDATA[<=]]> FORMAT(DATEADD(MONTH, -1, GETDATE()), 'yyyyMM')
		   	</otherwise>
		   </choose>
		   AND OOB.ORDER_STTUS_CODE NOT IN ('00','01','11','90','91')
		   AND OOB.GOODS_UNTPC IS NULL
	</select>

	<insert id="insertOrOrderAvrgpcDtlList">
		/******  com.sorincorp.batch.or.mapper.EstmtPurchsMapper.insertOrOrderAvrgpcDtlList  ******/
		INSERT INTO dbo.OR_ORDER_AVRGPC_DTL                                                                  /* 주문_주문 평균가 상세           */
		     (
		       ORDER_NO                                                                                      /* 주문 번호                       */
		     , UNTPC_SE_CODE                                                                                 /* 단가 구분 코드                  */
		     , OCCRRNC_DE                                                                                    /* 발생 일자                       */
		     , METAL_CODE                                                                                    /* 금속 코드                       */
		     , ITM_SN                                                                                        /* 아이템 순번                     */
		     , DSTRCT_LCLSF_CODE                                                                             /* 권역 대분류 코드                */
		     , BRAND_GROUP_CODE                                                                              /* 브랜드 그룹 코드                */
		     , BRAND_CODE                                                                                    /* 브랜드 코드                     */
		     , LME_CSP                                                                                       /* LME CSP 가격                    */
		     , USD_CVTRATE                                                                                   /* 달러환산률                      */
		     , LME_MDAT_CFFCNT                                                                               /* LME 조정 계수                   */
		     , FX_MDAT_CFFCNT                                                                                /* FX 조정 계수                    */
		     , DELETE_DT                                                                                     /* 삭제 일시                       */
		     , DELETE_AT                                                                                     /* 삭제 여부                       */
		     , FRST_REGISTER_ID                                                                              /* 최초 등록자 아이디              */
		     , FRST_REGIST_DT                                                                                /* 최초 등록 일시                  */
		     , LAST_CHANGER_ID                                                                               /* 최종 변경자 아이디              */
		     , LAST_CHANGE_DT                                                                                /* 최종 변경 일시                  */
		     )
		VALUES
			<foreach collection="orOrderAvrgpcDtlVOList" item="item" separator=", ">
			 (
		       #{orderNo}                                                                               	 /* 주문 번호                       */
		     , '20'                                                                                          /* 단가 구분 코드 : 20 (확정단가)  */
		     , #{item.occrrncDe}                                                                             /* 발생 일자                       */
		     , #{item.metalCode}                                                                             /* 금속 코드                       */
		     , #{item.itmSn}                                                                                 /* 아이템 순번                     */
		     , #{item.dstrctLclsfCode}                                                                       /* 권역 대분류 코드              	*/
		     , #{item.brandGroupCode}                                                                        /* 브랜드 그룹 코드              	*/
		     , #{item.brandCode}                                                                             /* 브랜드 코드                     */
		     , #{item.lmeCsp}                                                                                /* LME CSP 가격                    */
		     , #{item.usdCvtrate}                                                                            /* 달러환산률                    	*/
		     , #{item.lmeMdatCffcnt}                                                                         /* LME 조정 계수                 	*/
		     , #{item.fxMdatCffcnt}                                                                          /* FX 조정 계수                  	*/
		     , NULL			                                                                                 /* 삭제 일시                     	*/
		     , 'N'			                                                                                 /* 삭제 여부                     	*/
		     , 'BATCH'                                                                            	         /* 최초 등록자 아이디            	*/
		     , GETDATE()		                                                                             /* 최초 등록 일시                	*/
		     , 'BATCH'                                                                              	     /* 최종 변경자 아이디            	*/
		     , GETDATE()		                                                                             /* 최종 변경 일시                	*/
		     )
			</foreach>
	</insert>

	<insert id="insertOrOrderAvrgpcDtlHst">
		/******  INSERT : OR_ORDER_AVRGPC_DTL_HST(주문_주문 평균가 상세 이력)                                                            ******/
		INSERT INTO dbo.OR_ORDER_AVRGPC_DTL_HST                                                              /* 주문_주문 평균가 상세 이력    */
		     (
		       ORDER_NO                                                                                      /* 주문 번호                     */
		     , UNTPC_SE_CODE                                                                                 /* 단가 구분 코드                */
		     , OCCRRNC_DE                                                                                    /* 발생 일자                     */
		     , METAL_CODE                                                                                    /* 금속 코드                     */
		     , ITM_SN                                                                                        /* 아이템 순번                   */
		     , DSTRCT_LCLSF_CODE                                                                             /* 권역 대분류 코드              */
		     , BRAND_GROUP_CODE                                                                              /* 브랜드 그룹 코드              */
		     , BRAND_CODE                                                                                    /* 브랜드 코드                   */
		     , LME_CSP                                                                                       /* LME CSP 가격                  */
		     , USD_CVTRATE                                                                                   /* 달러환산률                    */
		     , LME_MDAT_CFFCNT                                                                               /* LME 조정 계수                 */
		     , FX_MDAT_CFFCNT                                                                                /* FX 조정 계수                  */
		     , DELETE_DT                                                                                     /* 삭제 일시                     */
		     , DELETE_AT                                                                                     /* 삭제 여부                     */
		     , FRST_REGISTER_ID                                                                              /* 최초 등록자 아이디            */
		     , FRST_REGIST_DT                                                                                /* 최초 등록 일시                */
		     , LAST_CHANGER_ID                                                                               /* 최종 변경자 아이디            */
		     , LAST_CHANGE_DT                                                                                /* 최종 변경 일시                */
		     )
		SELECT
		       OOAD.ORDER_NO                                                                                 /* 주문 번호                     */
		     , OOAD.UNTPC_SE_CODE                                                                            /* 단가 구분 코드                */
		     , OOAD.OCCRRNC_DE                                                                               /* 발생 일자                     */
		     , OOAD.METAL_CODE                                                                               /* 금속 코드                     */
		     , OOAD.ITM_SN                                                                                   /* 아이템 순번                   */
		     , OOAD.DSTRCT_LCLSF_CODE                                                                        /* 권역 대분류 코드              */
		     , OOAD.BRAND_GROUP_CODE                                                                         /* 브랜드 그룹 코드              */
		     , OOAD.BRAND_CODE                                                                               /* 브랜드 코드                   */
		     , OOAD.LME_CSP                                                                                  /* LME CSP 가격                  */
		     , OOAD.USD_CVTRATE                                                                              /* 달러환산률                    */
		     , OOAD.LME_MDAT_CFFCNT                                                                          /* LME 조정 계수                 */
		     , OOAD.FX_MDAT_CFFCNT                                                                           /* FX 조정 계수                  */
		     , OOAD.DELETE_DT                                                                                /* 삭제 일시                     */
		     , OOAD.DELETE_AT                                                                                /* 삭제 여부                     */
		     , OOAD.FRST_REGISTER_ID                                                                         /* 최초 등록자 아이디            */
		     , OOAD.FRST_REGIST_DT                                                                           /* 최초 등록 일시                */
		     , OOAD.LAST_CHANGER_ID                                                                          /* 최종 변경자 아이디            */
		     , OOAD.LAST_CHANGE_DT                                                                           /* 최종 변경 일시                */
		  FROM dbo.OR_ORDER_AVRGPC_DTL AS OOAD                                                               /* 주문_주문 평균가 상세         */
		 WHERE 1=1
		   AND OOAD.ORDER_NO = #{orderNo}
		   AND OOAD.UNTPC_SE_CODE = '20'
	</insert>

	<update id="updateOrderPriceInfos" parameterType="com.sorincorp.batch.or.model.AvrgUntpcDcsnVO">
		/******  com.sorincorp.batch.or.mapper.EstmtPurchsMapper.updateOrderPriceInfos  ******/
		/******  UPDATE : OR_ORDER_BAS(주문_주문 기본)                                                       	                            ******/
		UPDATE dbo.OR_ORDER_BAS                                                                              	/* 주문_주문 기본                */
		   SET
		       GOODS_UNTPC                                      = #{goodsUntpc}                              	/* 상품 단가                     */
		     , ORDER_PC                                         = #{orderPc}                                 	/* 주문 가격                     */
		     , WT_CHANGEGLD                                     = #{wtChangegld}                             	/* 중량 변동금                   */
		     , SPLPC                                            = #{splpc}                                   	/* 공급가                        */
		     , VAT                                              = #{vat}                                     	/* 부가세                        */
		     , SLEPC                                            = #{slepc}                                   	/* 판매가                        */
		     , TOT_DCSN_ORDER_PC                                = #{totDcsnOrderPc}                          	/* 총 확정 주문 가격             */
		     , TOT_DCSN_SPLPC                                   = #{totDcsnSplpc}                            	/* 총 확정 공급가                */
		     , EXCCLC_SPLPC                                     = #{excclcSplpc}                             	/* 정산 공급가                   */
		     , EXCCLC_VAT                                       = #{excclcVat}                               	/* 정산 부가세                   */
		     , EXCCLC_AMOUNT                                    = #{excclcAmount}                            	/* 정산 금액                     */
		     , LAST_CHANGER_ID                                  = 'BATCH'                                    	/* 최종 변경자 아이디            */
		     , LAST_CHANGE_DT                                   = GETDATE()                                  	/* 최종 변경 일시                */
		     , ORG_GOODS_UNTPC                                  = #{orgGoodsUntpc}                           	/* 원 상품 단가                  */
		     <if test="excclcAmount != null">
		     	<if test="setleMthdCode == '20' or setleMthdCode == '40' or excclcAmount > 0">
			     , UN_SETLE_AMOUNT									= ISNULL(UN_SETLE_AMOUNT, 0) + #{excclcAmount}  /* 미 결제 금액 				   */
		     	</if>
			    <if test="excclcAmount > 0 ">
			    , ADIT_AMOUNT                                      = ISNULL(ADIT_AMOUNT, 0) + #{excclcAmount}      /* 추가 금액                     */
				, WRTM_SETLE_PREARNGE_DE							= CASE WHEN SETLE_MTHD_CODE IN ('20','40') THEN NULL  /* 여신 주문이면 NULL값 유지 */
																		   ELSE dbo.fn_getSettleSttusDe(CONVERT(VARCHAR, GETDATE(), 112)
																		   								 , 1 + (SELECT CODE_DCONE FROM CO_CMMN_CD WHERE MAIN_CODE = 'SORIN_SETUP_CODE' AND SUB_CODE = 'ADIT_AMOUNT_POSTPNE_PD')
																		   							    )	/* 로직 실행일 미포함하여 영업일 기준으로 추가 금액 유예 기간(ADIT_AMOUNT_POSTPNE_PD) 만큼 계산 */
				 													  END										 	/* 추가 금액에 대한 결제 기한    */
			    </if>
		     </if>
		 WHERE 1=1
		   AND ORDER_NO                                         = #{orderNo}                                 	/* 주문 번호                     */
	</update>

	<insert id="insertOrOrderBasHst" parameterType="String">
		/******  INSERT : OR_ORDER_BAS_HST(주문_주문 기본 이력)                                                                          ******/
		INSERT INTO dbo.OR_ORDER_BAS_HST                                                                     /* 주문_주문 기본 이력           */
		     (
		       ORDER_NO                                                                                      /* 주문 번호                     */
		     , ORDER_DE                                                                                      /* 주문 일자                     */
		     , ORDER_TM                                                                                      /* 주문 시각                     */
		     , BSKT_NO                                                                                       /* 장바구니 번호                 */
		     , MBER_NO                                                                                       /* 회원 번호                     */
		     , ENTRPS_NO                                                                                     /* 업체 번호                     */
		     , ENTRPS_GRAD_NO                                                                                /* 업체 등급 번호                */
		     , RCEPT_MEDIA_SE_CODE                                                                           /* 접수 매체 구분 코드           */
		     , SLE_MTHD_CODE                                                                                 /* 판매 방식 코드                */
		     , ORDRR_NM                                                                                      /* 주문자 명                     */
		     , ORDRR_MOBLPHON_NO                                                                             /* 주문자 휴대폰 번호            */
		     , ORDRR_EMAIL                                                                                   /* 주문자 이메일                 */
		     , ORDER_ENTRPS_NM                                                                               /* 주문 업체 명                  */
		     , ORDER_ENTRPS_TELNO                                                                            /* 주문 업체 전화번호            */
		     , ORDER_ENTRPS_ZIP                                                                              /* 주문 업체 우편번호            */
		     , ORDER_ENTRPS_ADRES                                                                            /* 주문 업체 주소                */
		     , ORDER_ENTRPS_DETAIL_ADRES                                                                     /* 주문 업체 상세 주소           */
		     , ORDER_ENTRPS_RN_ADRES                                                                         /* 주문 업체 도로명 주소         */
		     , ORDER_ENTRPS_RN_DETAIL_ADRES                                                                  /* 주문 업체 도로명 상세 주소    */
		     , ORDER_STTUS_CODE                                                                              /* 주문 상태 코드                */
		     , DLVY_MN_CODE                                                                                  /* 배송 수단 코드                */
		     , DSTRCT_LCLSF_CODE                                                                             /* 권역 대분류 코드              */
		     , DLIVY_REQUST_DE                                                                               /* 출고 요청 일자                */
		     , ORDER_DLVRG_NO                                                                                /* 주문 배송지 번호              */
		     , ORDER_DLVRF_NO                                                                                /* 주문 배송비 번호              */
		     , METAL_CODE                                                                                    /* 금속 코드                     */
		     , ITM_SN                                                                                        /* 아이템 순번                   */
		     , ITM_NM                                                                                        /* 아이템 명                     */
		     , GOODS_NM                                                                                      /* 상품 명                       */
		     , BRAND_GROUP_CODE                                                                              /* 브랜드 그룹 코드              */
		     , BRAND_CODE                                                                                    /* 브랜드 코드                   */
		     , SLE_UNIT_CODE                                                                                 /* 판매 단위 코드                */
		     , TOT_CSTMR_ORDER_WT                                                                            /* 총 고객 주문 중량             */
		     , TOT_REAL_ORDER_WT                                                                             /* 총 실제 주문 중량             */
		     , TOT_BUNDLE_QY                                                                                 /* 총 번들 수량                  */
		     , SLE_PC_RLTM_SN                                                                                /* 판매 가격 실시간 순번         */
		     , LME_PC_RLTM_SN                                                                                /* LME 가격 실시간 순번          */
		     , PREMIUM_NO                                                                                    /* 프리미엄 번호                 */
		     , EHGT_PC_RLTM_SN                                                                               /* 환율 가격 실시간 순번         */
		     , PREMIUM_STDR_AMOUNT                                                                           /* 프리미엄 기준 금액            */
		     , DSTRCT_CHANGE_AMOUNT                                                                          /* 권역 변동 금액                */
		     , HGHNETPRC_DSTRCT_CHANGE_AMOUNT                                                                /* 고정가 권역 변동 금액         */
		     , BRAND_GROUP_CHANGE_AMOUNT                                                                     /* 브랜드 그룹 변동 금액         */
		     , HGHNETPRC_BRAND_GROUP_CHANGE_AMOUNT                                                           /* 고정가 브랜드 그룹 변동 금액  */
		     , BRAND_CHANGE_AMOUNT                                                                           /* 브랜드 변동 금액              */
		     , HGHNETPRC_BRAND_CHANGE_AMOUNT                                                                 /* 고정가 브랜드 변동 금액       */
		     , PREMIUM_PC                                                                                    /* 프리미엄 가격                 */
		     , LME_3M                                                                                        /* LME 3M                        */
		     , LME_CASH                                                                                      /* LME 현금                      */
		     , LME_MDAT_CFFCNT                                                                               /* LME 조정 계수                 */
		     , SPEX                                                                                          /* 현물환                        */
		     , SPEX_MDAT_CFFCNT                                                                              /* 현물환 조정 계수              */
		     , GOODS_UNTPC                                                                                   /* 상품 단가                     */
		     , ORDER_PC                                                                                      /* 주문 가격                     */
		     , WT_CHANGEGLD                                                                                  /* 중량 변동금                   */
		     , SPLPC                                                                                         /* 공급가                        */
		     , VAT                                                                                           /* 부가세                        */
		     , SLEPC                                                                                         /* 판매가                        */
		     , ORDER_COMPT_DT                                                                                /* 주문 완료 일시                */
		     , EXCCLC_PROCESS_AT                                                                             /* 정산 처리 여부                */
		     , EXCCLC_PROCESS_DT                                                                             /* 정산 처리 일시                */
		     , OMS_RCEPT_NO                                                                                  /* OMS 접수 번호                 */
		     , ORDER_FAILR_RESN                                                                              /* 주문 실패 사유                */
		     , TOT_DCSN_WT                                                                                   /* 총 확정 중량                  */
		     , TOT_DCSN_ORDER_PC                                                                             /* 총 확정 주문 가격             */
		     , TOT_DCSN_SPLPC                                                                                /* 총 확정 공급가                */
		     , TOT_DCSN_DT                                                                                   /* 총 확정 일시                  */
		     , EXCCLC_SPLPC                                                                                  /* 정산 공급가                   */
		     , EXCCLC_VAT                                                                                    /* 정산 부가세                   */
		     , EXCCLC_AMOUNT                                                                                 /* 정산 금액                     */
		     , DELETE_DT                                                                                     /* 삭제 일시                     */
		     , DELETE_AT                                                                                     /* 삭제 여부                     */
		     , FRST_REGISTER_ID                                                                              /* 최초 등록자 아이디            */
		     , FRST_REGIST_DT                                                                                /* 최초 등록 일시                */
		     , LAST_CHANGER_ID                                                                               /* 최종 변경자 아이디            */
		     , LAST_CHANGE_DT                                                                                /* 최종 변경 일시                */
		     , HGHNETPRC_TOT_AMT_TARIFF                                                                      /* 고정가 할증 요율              */
		     , HGHNETPRC_AVRG_PURCHS_PRMPC                                                                   /* 고정가 평균 구매 원가         */
		     , HGHNETPRC_SLE_AMOUNT                                                                          /* 고정가 판매 금액              */
		     , CSTMR_SLE_PC_RLTM_SN                                                                          /* 고객 판매 가격 실시간 순번    */
		     , CSTMR_LME_PC_RLTM_SN                                                                          /* 고객 LME 가격 실시간 순번     */
		     , CSTMR_PREMIUM_NO                                                                              /* 고객 프리미엄 번호            */
		     , CSTMR_EHGT_PC_RLTM_SN                                                                         /* 고객 환율 가격 실시간 순번    */
		     , WT_CHANGE                                                                                     /* 중량 변동                     */
		     , VHCLE_INFO_REGIST_AT                                                                          /* 차량 정보 등록 여부           */
		     , TODAY_DLVY_AT                                                                                 /* 당일 배송 여부                */
		     , SETLE_MTHD_CODE                                                                               /* 결제 방식 코드                */
		     , SETLE_MTHD_DETAIL_CODE                                                                        /* 결제 방식 상세 코드           */
		     , FRST_SETLE_AMOUNT                                                                             /* 최초 결제 금액                */
		     , UN_SETLE_AMOUNT                                                                               /* 미 결제 금액                  */
		     , WRTM_MUMM_WRTM_RATE                                                                           /* 증거금 최소 증거금 비율       */
		     , WRTM_SETLE_PREARNGE_DE                                                                        /* 증거금 결제 예정 일자         */
		     , ORDER_HOLDING_USE_AT                                                                          /* 주문 홀딩 사용 여부           */
		     , REPY_BUTTON_ACTV_AT                                                                           /* 상환 버튼 활성화 여부         */
		     , DLVY_MEMO                                                                                     /*                               */
		     , LGIST_REHNDL_TRGET                                                                            /* 물류 재처리 대상              */
		     , NTFC_AMOUNT                                                                                   /* 고시 금액                     */
		     , LRGETRNSPRTCT_AMOUNT                                                                          /* 대운송비 금액                 */
		     , MARGIN_AMOUNT                                                                                 /* 마진 금액                     */
		     , LIMIT_ORDER_NO                                                                                /* 지정가 주문 번호              */
		     , LIMIT_ORDER_STDR_SLE_PC                                                                       /* 지정가 주문 기준 판매 가격    */
		     , LGIST_REHNDL_TRNSMIS_CO                                                                       /* 물류 재처리 전송 횟수         */
		     , COUPON_APPLC_AT                                                                               /* 쿠폰 적용 여부                */
		     , ORG_GOODS_UNTPC                                                                               /* 원 상품 단가                  */
		     , GRAD_APPLC_AMOUNT                                                                             /* 등급 할인 금액                */
		     , SLE_MTHD_DETAIL_CODE                                                                          /* 판매 방식 상세 코드           */
		     , DLVY_COMPT_DE                                                                                 /* 배송 완료 일자                */
		     , RMNDR_DSCNT                                                                                   /* 자투리 할인                   */
     		 , ADIT_AMOUNT                                                                                   /* 추가 금액                     */
		     )
		SELECT
		       OOB.ORDER_NO                                                                                  /* 주문 번호                     */
		     , OOB.ORDER_DE                                                                                  /* 주문 일자                     */
		     , OOB.ORDER_TM                                                                                  /* 주문 시각                     */
		     , OOB.BSKT_NO                                                                                   /* 장바구니 번호                 */
		     , OOB.MBER_NO                                                                                   /* 회원 번호                     */
		     , OOB.ENTRPS_NO                                                                                 /* 업체 번호                     */
		     , OOB.ENTRPS_GRAD_NO                                                                            /* 업체 등급 번호                */
		     , OOB.RCEPT_MEDIA_SE_CODE                                                                       /* 접수 매체 구분 코드           */
		     , OOB.SLE_MTHD_CODE                                                                             /* 판매 방식 코드                */
		     , OOB.ORDRR_NM                                                                                  /* 주문자 명                     */
		     , OOB.ORDRR_MOBLPHON_NO                                                                         /* 주문자 휴대폰 번호            */
		     , OOB.ORDRR_EMAIL                                                                               /* 주문자 이메일                 */
		     , OOB.ORDER_ENTRPS_NM                                                                           /* 주문 업체 명                  */
		     , OOB.ORDER_ENTRPS_TELNO                                                                        /* 주문 업체 전화번호            */
		     , OOB.ORDER_ENTRPS_ZIP                                                                          /* 주문 업체 우편번호            */
		     , OOB.ORDER_ENTRPS_ADRES                                                                        /* 주문 업체 주소                */
		     , OOB.ORDER_ENTRPS_DETAIL_ADRES                                                                 /* 주문 업체 상세 주소           */
		     , OOB.ORDER_ENTRPS_RN_ADRES                                                                     /* 주문 업체 도로명 주소         */
		     , OOB.ORDER_ENTRPS_RN_DETAIL_ADRES                                                              /* 주문 업체 도로명 상세 주소    */
		     , OOB.ORDER_STTUS_CODE                                                                          /* 주문 상태 코드                */
		     , OOB.DLVY_MN_CODE                                                                              /* 배송 수단 코드                */
		     , OOB.DSTRCT_LCLSF_CODE                                                                         /* 권역 대분류 코드              */
		     , OOB.DLIVY_REQUST_DE                                                                           /* 출고 요청 일자                */
		     , OOB.ORDER_DLVRG_NO                                                                            /* 주문 배송지 번호              */
		     , OOB.ORDER_DLVRF_NO                                                                            /* 주문 배송비 번호              */
		     , OOB.METAL_CODE                                                                                /* 금속 코드                     */
		     , OOB.ITM_SN                                                                                    /* 아이템 순번                   */
		     , OOB.ITM_NM                                                                                    /* 아이템 명                     */
		     , OOB.GOODS_NM                                                                                  /* 상품 명                       */
		     , OOB.BRAND_GROUP_CODE                                                                          /* 브랜드 그룹 코드              */
		     , OOB.BRAND_CODE                                                                                /* 브랜드 코드                   */
		     , OOB.SLE_UNIT_CODE                                                                             /* 판매 단위 코드                */
		     , OOB.TOT_CSTMR_ORDER_WT                                                                        /* 총 고객 주문 중량             */
		     , OOB.TOT_REAL_ORDER_WT                                                                         /* 총 실제 주문 중량             */
		     , OOB.TOT_BUNDLE_QY                                                                             /* 총 번들 수량                  */
		     , OOB.SLE_PC_RLTM_SN                                                                            /* 판매 가격 실시간 순번         */
		     , OOB.LME_PC_RLTM_SN                                                                            /* LME 가격 실시간 순번          */
		     , OOB.PREMIUM_NO                                                                                /* 프리미엄 번호                 */
		     , OOB.EHGT_PC_RLTM_SN                                                                           /* 환율 가격 실시간 순번         */
		     , OOB.PREMIUM_STDR_AMOUNT                                                                       /* 프리미엄 기준 금액            */
		     , OOB.DSTRCT_CHANGE_AMOUNT                                                                      /* 권역 변동 금액                */
		     , OOB.HGHNETPRC_DSTRCT_CHANGE_AMOUNT                                                            /* 고정가 권역 변동 금액         */
		     , OOB.BRAND_GROUP_CHANGE_AMOUNT                                                                 /* 브랜드 그룹 변동 금액         */
		     , OOB.HGHNETPRC_BRAND_GROUP_CHANGE_AMOUNT                                                       /* 고정가 브랜드 그룹 변동 금액  */
		     , OOB.BRAND_CHANGE_AMOUNT                                                                       /* 브랜드 변동 금액              */
		     , OOB.HGHNETPRC_BRAND_CHANGE_AMOUNT                                                             /* 고정가 브랜드 변동 금액       */
		     , OOB.PREMIUM_PC                                                                                /* 프리미엄 가격                 */
		     , OOB.LME_3M                                                                                    /* LME 3M                        */
		     , OOB.LME_CASH                                                                                  /* LME 현금                      */
		     , OOB.LME_MDAT_CFFCNT                                                                           /* LME 조정 계수                 */
		     , OOB.SPEX                                                                                      /* 현물환                        */
		     , OOB.SPEX_MDAT_CFFCNT                                                                          /* 현물환 조정 계수              */
		     , OOB.GOODS_UNTPC                                                                               /* 상품 단가                     */
		     , OOB.ORDER_PC                                                                                  /* 주문 가격                     */
		     , OOB.WT_CHANGEGLD                                                                              /* 중량 변동금                   */
		     , OOB.SPLPC                                                                                     /* 공급가                        */
		     , OOB.VAT                                                                                       /* 부가세                        */
		     , OOB.SLEPC                                                                                     /* 판매가                        */
		     , OOB.ORDER_COMPT_DT                                                                            /* 주문 완료 일시                */
		     , OOB.EXCCLC_PROCESS_AT                                                                         /* 정산 처리 여부                */
		     , OOB.EXCCLC_PROCESS_DT                                                                         /* 정산 처리 일시                */
		     , OOB.OMS_RCEPT_NO                                                                              /* OMS 접수 번호                 */
		     , OOB.ORDER_FAILR_RESN                                                                          /* 주문 실패 사유                */
		     , OOB.TOT_DCSN_WT                                                                               /* 총 확정 중량                  */
		     , OOB.TOT_DCSN_ORDER_PC                                                                         /* 총 확정 주문 가격             */
		     , OOB.TOT_DCSN_SPLPC                                                                            /* 총 확정 공급가                */
		     , OOB.TOT_DCSN_DT                                                                               /* 총 확정 일시                  */
		     , OOB.EXCCLC_SPLPC                                                                              /* 정산 공급가                   */
		     , OOB.EXCCLC_VAT                                                                                /* 정산 부가세                   */
		     , OOB.EXCCLC_AMOUNT                                                                             /* 정산 금액                     */
		     , OOB.DELETE_DT                                                                                 /* 삭제 일시                     */
		     , OOB.DELETE_AT                                                                                 /* 삭제 여부                     */
		     , OOB.FRST_REGISTER_ID                                                                          /* 최초 등록자 아이디            */
		     , OOB.FRST_REGIST_DT                                                                            /* 최초 등록 일시                */
		     , OOB.LAST_CHANGER_ID                                                                           /* 최종 변경자 아이디            */
		     , OOB.LAST_CHANGE_DT                                                                            /* 최종 변경 일시                */
		     , OOB.HGHNETPRC_TOT_AMT_TARIFF                                                                  /* 고정가 할증 요율              */
		     , OOB.HGHNETPRC_AVRG_PURCHS_PRMPC                                                               /* 고정가 평균 구매 원가         */
		     , OOB.HGHNETPRC_SLE_AMOUNT                                                                      /* 고정가 판매 금액              */
		     , OOB.CSTMR_SLE_PC_RLTM_SN                                                                      /* 고객 판매 가격 실시간 순번    */
		     , OOB.CSTMR_LME_PC_RLTM_SN                                                                      /* 고객 LME 가격 실시간 순번     */
		     , OOB.CSTMR_PREMIUM_NO                                                                          /* 고객 프리미엄 번호            */
		     , OOB.CSTMR_EHGT_PC_RLTM_SN                                                                     /* 고객 환율 가격 실시간 순번    */
		     , OOB.WT_CHANGE                                                                                 /* 중량 변동                     */
		     , OOB.VHCLE_INFO_REGIST_AT                                                                      /* 차량 정보 등록 여부           */
		     , OOB.TODAY_DLVY_AT                                                                             /* 당일 배송 여부                */
		     , OOB.SETLE_MTHD_CODE                                                                           /* 결제 방식 코드                */
		     , OOB.SETLE_MTHD_DETAIL_CODE                                                                    /* 결제 방식 상세 코드           */
		     , OOB.FRST_SETLE_AMOUNT                                                                         /* 최초 결제 금액                */
		     , OOB.UN_SETLE_AMOUNT                                                                           /* 미 결제 금액                  */
		     , OOB.WRTM_MUMM_WRTM_RATE                                                                       /* 증거금 최소 증거금 비율       */
		     , OOB.WRTM_SETLE_PREARNGE_DE                                                                    /* 증거금 결제 예정 일자         */
		     , OOB.ORDER_HOLDING_USE_AT                                                                      /* 주문 홀딩 사용 여부           */
		     , OOB.REPY_BUTTON_ACTV_AT                                                                       /* 상환 버튼 활성화 여부         */
		     , OOB.DLVY_MEMO                                                                                 /* 업체 배송 메모                */
		     , OOB.LGIST_REHNDL_TRGET                                                                        /* 물류 재처리 대상              */
		     , OOB.NTFC_AMOUNT                                                                               /* 고시 금액                     */
		     , OOB.LRGETRNSPRTCT_AMOUNT                                                                      /* 대운송비 금액                 */
		     , OOB.MARGIN_AMOUNT                                                                             /* 마진 금액                     */
		     , OOB.LIMIT_ORDER_NO                                                                            /* 지정가 주문 번호              */
		     , OOB.LIMIT_ORDER_STDR_SLE_PC                                                                   /* 지정가 주문 기준 판매 가격    */
		     , OOB.LGIST_REHNDL_TRNSMIS_CO                                                                   /* 물류 재처리 전송 횟수         */
		     , OOB.COUPON_APPLC_AT                                                                           /* 쿠폰 적용 여부                */
		     , OOB.ORG_GOODS_UNTPC                                                                           /* 원 상품 단가                  */
		     , OOB.GRAD_APPLC_AMOUNT                                                                         /* 등급 할인 금액                */
		     , OOB.SLE_MTHD_DETAIL_CODE                                                                      /* 판매 방식 상세 코드           */
		     , OOB.DLVY_COMPT_DE                                                                             /* 배송 완료 일자                */
		     , OOB.RMNDR_DSCNT                                                                               /* 자투리 할인                   */
     		 , OOB.ADIT_AMOUNT                                                                               /* 추가 금액                     */
		  FROM dbo.OR_ORDER_BAS AS OOB                                                                       /* 주문_주문 기본                */
		 WHERE 1=1
		   AND OOB.ORDER_NO                                     = #{orderNo}                                 /* 주문 번호                     */
	</insert>

	<update id="updateCntrctMtPricingDcsn">
		/******  com.sorincorp.batch.or.mapper.EstmtPurchsMapper.updateCntrctMtPricingDcsn  ******/
		UPDATE CN_CNTRCT_MT_DTL
		   SET
			   PRICING_DCSN_DT = GETDATE()
			 , PRICING_DCSN_AT = 'Y'
			 , LIVE_PURCHS_WT = 0
			 , AVRGPC_PURCHS_WT = ORDER_WT
			 , LAST_CHANGER_ID = 'BATCH'
			 , LAST_CHANGE_DT = GETDATE()
		 WHERE DELETE_AT = 'N'
		   AND ISNULL(PRICING_DCSN_AT, 'N') = 'N'
		   AND CONVERT(DATE, dbo.fn_getSettleSttusDe(CNTRCT_YM+'01', -3)) = CONVERT(DATE, GETDATE())
	</update>

	<update id="updateCntrctOrderSetleTmlmt">
		/******  com.sorincorp.batch.or.mapper.EstmtPurchsMapper.updateCntrctOrderSetleTmlmt  ******/
		UPDATE CN_CNTRCT_ORDER_BAS
		   SET
		       SETLE_TMLMT_ELAPSE_CANCL_AT = 'Y'
		     , UNSETL_RESN = '결제 기한 경과'
		     , LAST_CHANGER_ID = 'BATCH'
		     , LAST_CHANGE_DT = GETDATE()
		 WHERE DELETE_AT = 'N'
		   AND ISNULL(LIMIT_ORDER_NO, ORDER_NO) IS NULL
		   AND ISNULL(SETLE_TMLMT_ELAPSE_CANCL_AT, 'N') = 'N'
		   AND CONVERT(DATE, SETLE_TMLMT_DE) = CONVERT(DATE, GETDATE())
	</update>

	<select id="selectIsRefnded" resultType="boolean">
		/******  com.sorincorp.batch.or.mapper.EstmtPurchsMapper.selectIsRefnded  ******/
		SET TRANSACTION ISOLATION LEVEL READ UNCOMMITTED
		SELECT CASE WHEN OOB.SETLE_MTHD_CODE IN ('20', '40')
					THEN (SELECT CASE WHEN COUNT(*) <![CDATA[ > ]]> 0 THEN 1 ELSE 0 END
						  FROM OR_MRTGG_DTL OMD 										  	/* 주문_담보 상세 					   */
						 WHERE OMD.REPY_SE_CODE = '04' 									 	/* 상환 구분 코드: 04 중량/단가정산    */
						   AND OMD.MRTGG_REPY_STTUS_CODE = '20' 						 	/* 담보 상환 상태 코드: 20상환정보전송성공    */
						   AND OMD.MRTGG_NO = (SELECT MRTGG_NO 							  	/* 담보 번호						   */
											 FROM OR_MRTGG_BAS OMB
											WHERE DELETE_AT= 'N'
											  AND ORDER_NO = dbo.fn_getOrderNo(#{orderNo}, '1')))
			   		ELSE (SELECT CASE WHEN COUNT(*) <![CDATA[ > ]]> 0 THEN 1 ELSE 0 END
						   FROM OR_SETLE_BAS											 	/* 주문_결제 기본 					   */
						  WHERE ORDER_NO = dbo.fn_getOrderNo(#{orderNo}, '1')			 	/* 주문 번호 						   */
							AND CANCL_EXCHNG_RTNGUD_NO = dbo.fn_getOrderNo(#{orderNo}, '2') /* 취소 교환 반품 번호 				   */
							AND SETLE_SE_CODE = '10'									 	/* 결제 구분 코드 : 10. 주문			   */
							AND SETLE_TY_CODE = '20'									 	/* 결제 유형 코드 : 20. 환불 		 	   */
							AND REFND_SE_CODE = '03'									 	/* 환불 구분 코드 : 03. 중량/단가환불	   */
							AND SETLE_STTUS_CODE IN ('02', '04')) END
		  FROM OR_ORDER_BAS oob
		 WHERE OOB.ORDER_NO  = #{orderNo}
	</select>
	
	<select id="selectNrdmpAmount" parameterType="String" resultType="long">
		/******  com.sorincorp.batch.or.mapper.EstmtPurchsMapper.selectNrdmpAmount  ******/
		SET TRANSACTION ISOLATION LEVEL READ UNCOMMITTED
		SELECT TOP 1 
			   OMB.NRDMP_AMOUNT 
		  FROM OR_MRTGG_BAS OMB 
		 WHERE OMB.DELETE_AT = 'N'
		   AND OMB.ORDER_NO = #{orderNo}
		 ORDER BY OMB.MRTGG_NO DESC
	</select>
	
	<select id="selectCouponList" resultType="com.sorincorp.comm.order.model.CouponVO">
		/******  com.sorincorp.batch.or.mapper.EstmtPurchsMapper.selectIsRefnded  ******/
		SET TRANSACTION ISOLATION LEVEL READ UNCOMMITTED
		SELECT
			   CCIB.COUPON_SN				
			 , CCID.UNTPC_DSCNT_AMOUNT
			 , CCID.COUPON_DTL_NO
			 , CCIB.ENTRPS_NO
			 , CCID.UNTPC_DSCNT_AMOUNT AS COUPON_DSCNT_AMOUNT
			 , CCID.COUPON_TY_CODE
			 , CCID.ATM_ISGN_AT
		 FROM CP_COUPON_ISU_BAS CCIB
		 JOIN CP_COUPON_INFO_DTL CCID
		   ON CCID.DELETE_AT = 'N'
		  AND CCID.COUPON_DTL_NO = CCIB.COUPON_DTL_NO
		WHERE CCIB.DELETE_AT = 'N'
		  AND CCIB.COUPON_APPLC_ORDER_NO = #{orderNo}
	</select>
	
	<update id="updateAvrgPcOrderFshgInfo">
		/******  com.sorincorp.batch.or.mapper.EstmtPurchsMapper.updateAvrgPcOrderFshgInfo     ******/
		UPDATE LQD_INT_DAT_RES 																			/* 청산 주문 응답                               */
		   SET FRST_TRDE_STDR_EHGT = #{usdCvtrate}														/* 최초 매매 기준 환율                          */
		     , SWAP_POINT		   = NEAR_RATE - #{usdCvtrate}											/* SWAP POINT = NEAR 환율 - 최초 매매 기준 환율 */
		 WHERE INT_ID = 'API_TRD_RCV'																	/* 서비스 명 : API 거래 수신           			*/
		   AND BS_TP = 'B'																				/* 매수/매도 구분 : B(매수)						*/
		   AND SUBSTRING(ORD_NO, 0, 7) = #{targetDate}													/* 대상 주문일자 = 은행 주문 번호의 첫 6자리	*/
		   AND FRST_TRDE_STDR_EHGT IS NULL																/* 최초 매매 기준 환율                          */
		   AND SWAP_POINT IS NULL																		/* SWAP POINT			                        */
	</update>
	
	<select id="selectLatestGtxApiFxrate" resultType="Map">
		/******  com.sorincorp.batch.or.mapper.EstmtPurchsMapper.selectLatestGtxApiFxrate     ******/
		SELECT TOP 1 
			   *
		  FROM GTX_API_FXRATE GAF 																/* 매매 기준율                          		*/
		 WHERE CURR_CD = 'KRW'																	/* 기준통화 코드 : KRW(원화)           			*/
		 ORDER BY VALUE_DATE DESC
	</select>
	
	<select id="selectAvrgPcOrderFshgInfoUpdateTarget" resultType="String">
		/******  com.sorincorp.batch.or.mapper.EstmtPurchsMapper.selectAvrgPcOrderFshgInfoUpdateTarget     ******/
		SELECT TOP 1 
 	   		   SUBSTRING(LIDR.ORD_NO, 0, 7)
		  FROM LQD_INT_DAT_RES LIDR
		 WHERE INT_ID = 'API_TRD_RCV'																	/* 서비스 명 : API 거래 수신           			*/
		   AND BS_TP = 'B'																				/* 매수/매도 구분 : B(매수)						*/
		   AND LIDR.ORD_NO <![CDATA[<]]> FORMAT(GETDATE(), 'yyMMdd')
		 ORDER BY LIDR.ORD_NO DESC
	</select>
	
	<update id="updateOrMrtggBas">
		/******  com.sorincorp.batch.or.mapper.EstmtPurchsMapper.updateMrtggSetlePrearngeDe     ******/
		UPDATE OR_MRTGG_BAS
		SET
			  NRDMP_AMOUNT = #{excclcAmount}
			, SETLE_PREARNGE_DE = dbo.fn_getSettleSttusDe(CONVERT(VARCHAR, GETDATE(), 112)
						   								   , 1 + (SELECT CODE_DCONE FROM CO_CMMN_CD WHERE MAIN_CODE = 'SORIN_SETUP_CODE' AND SUB_CODE = 'ADIT_AMOUNT_POSTPNE_PD')
						   							      )		/* 로직 실행일 미포함하여 영업일 기준으로 추가 금액 유예 기간(ADIT_AMOUNT_POSTPNE_PD) 만큼 계산 */
		  	, LAST_CHANGER_ID = 'BATCH'
			, LAST_CHANGE_DT = GETDATE()
		WHERE ORDER_NO = #{orderNo}
		  AND DELETE_AT = 'N'
	</update>
</mapper>