<?xml version="1.0" encoding="UTF-8"?>
<!DOCTYPE mapper PUBLIC "-//mybatis.org//DTD Mapper 3.0//EN" "http://mybatis.org/dtd/mybatis-3-mapper.dtd">

<mapper namespace="com.sorincorp.batch.or.mapper.PrvsnlPcChangegldRegistMapper">
<!-- 가단가 가격 변동금 등록 배치 관련 Mapper 구현체 -->
	
	<!-- 가단가 가격 변동금 등록 대상 리스트 가져오기 -->
	<select id="selectPrvsnlPcChangegldRegistTargetList" parameterType="com.sorincorp.batch.or.model.PrvsnlPcChangegldInfoVO" resultType="com.sorincorp.batch.or.model.PrvsnlPcChangegldInfoVO">
		/******  com.sorincorp.batch.or.mapper.PrvsnlPcChangegldRegistMapper.selectPrvsnlPcChangegldRegistTargetList  SELECT : OR_ORDER_BAS(주문_주문 기본), OR_ORDER_INFO_BAS(주문_주문 정보 기본)  ******/
		SET TRANSACTION ISOLATION LEVEL READ UNCOMMITTED
		SELECT
			  OOB.ORDER_NO                                                                                     /* 주문 번호                     */
			, OOB.ORDER_DE                                                                                     /* 주문 일자                     */
			, OOB.SLE_MTHD_CODE                                                                                /* 판매 방식 코드                */
			, OOB.SETLE_MTHD_CODE                                                                              /* 결제 방식 코드                */
			, OOB.METAL_CODE                                                                                   /* 금속 코드                     */
			, OOB.ITM_SN                                                                                       /* 아이템 순번                   */
			, OOB.DSTRCT_LCLSF_CODE                                                                            /* 권역 대분류 코드              */
			, OOB.BRAND_GROUP_CODE                                                                             /* 브랜드 그룹 코드              */
			, OOB.BRAND_CODE                                                                                   /* 브랜드 코드                   */
			, OOB.TOT_REAL_ORDER_WT                                                                            /* 총 실제 주문 중량             */
			, OOIB.UNTPC_DCSN_MXMM_PD_CODE                                                                     /* 단가 확정 최대 기간 코드      */
			, OOIB.UNTPC_DCSN_MXMM_DE                                                                          /* 단가 확정 최대 일자           */
			, ISNULL(OOIB.LQD_TRGET_EXCL_AT, 'N') AS LQD_TRGET_EXCL_AT                                         /* 청산 대상 제외 여부           */
			, OOIB.AVRGPC_GOODS_UNTPC                                                                          /* 평균가 상품 단가              */
			, OOIB.FRST_PC_CHANGE_AMOUNT                                                                       /* 최초 가격 변동 금액           */
			, OOIB.MNTNC_CHANGE_AMOUNT                                                                         /* 유지 변동 금액                */
		FROM OR_ORDER_BAS OOB                                                                                  /* 주문_주문 기본                */
		INNER JOIN OR_ORDER_INFO_BAS OOIB                                                                      /* 주문_주문 정보 기본           */
		  ON OOB.ORDER_NO = OOIB.ORDER_NO                                                                      /* 주문 번호                     */
		  AND OOIB.DELETE_AT = 'N'                                                                             /* 삭제 여부                     */
		WHERE OOB.SLE_MTHD_CODE = '05'                                                                         /* 판매 방식 코드 (05: 가단가)   */
		AND OOB.ORDER_STTUS_CODE IN ('10', '13', '15', '20', '21', '22', '30')                                 /* 주문 상태 코드                */
		AND OOB.GOODS_UNTPC IS NULL                                                                            /* 상품 단가 (단가 확정 전)      */
		AND OOB.DELETE_AT = 'N'                                                                                /* 삭제 여부                     */
		<choose>
			<when test="occrrncDe != null and occrrncDe.length != 0">
				AND #{occrrncDe} <![CDATA[<=]]> OOIB.UNTPC_DCSN_MXMM_DE                                        /* 단가 확정 최대 일자           */
				AND OOB.ORDER_DE <![CDATA[<=]]> dbo.fn_getSettleSttusDe(#{occrrncDe}, -1)                      /* 주문 일자                     */
			</when>
			<otherwise>
				AND CONVERT(VARCHAR(8), GETDATE(), 112) <![CDATA[<=]]> OOIB.UNTPC_DCSN_MXMM_DE                 /* 단가 확정 최대 일자           */
				AND OOB.ORDER_DE <![CDATA[<=]]> dbo.fn_getSettleSttusDe(CONVERT(VARCHAR(8), GETDATE(), 112), -1) /* 주문 일자 (전일 발생 주문 건) */
			</otherwise>
		</choose>
		<if test="orderNo != null and orderNo.length != 0">
			AND OOB.ORDER_NO = #{orderNo}                                                                      /* 주문 번호                     */
		</if>
	</select>
	
	<!-- 마지막 가격 변동금 정보 가져오기 -->
	<select id="selectLastPcChangegldInfo" parameterType="com.sorincorp.batch.or.model.PrvsnlPcChangegldInfoVO" resultType="com.sorincorp.batch.or.model.OrPcChangegldBasVO">
		/******  com.sorincorp.batch.or.mapper.PrvsnlPcChangegldRegistMapper.selectLastPcChangegldInfo  SELECT : OR_PC_CHANGEGLD_BAS(주문_가격 변동금 기본)  ******/
		SET TRANSACTION ISOLATION LEVEL READ UNCOMMITTED
		SELECT TOP 1
			  ORDER_NO                                                       /* 주문 번호                     */
			, OCCRRNC_SN                                                     /* 발생 순번                     */
			, OCCRRNC_DT                                                     /* 발생 일시                     */
			, CONVERT(NVARCHAR, FORMAT(OCCRRNC_DT, 'yyyyMMdd')) OCCRRNC_DE   /* 발생 일자                     */
			, EVL_AMOUNT                                                     /* 평가 금액                     */
			, PC_CHANGEGLD_STTUS_CODE                                        /* 가격 변동금 상태 코드         */
			, FRST_UNTPC_STDR_PRE_PAY_AMOUNT                                 /* 최초 단가 기준 기 납입 금액   */
			, FRST_PRE_PAY_AMOUNT                                            /* 최초 기 납입 금액             */
			, UNTPC_STDR_PRE_PAY_AMOUNT                                      /* 단가 기준 기 납입 금액        */
			, PRE_PAY_AMOUNT                                                 /* 기 납입 금액                  */
			, CHANGE_UNTPC                                                   /* 변동 단가                     */
			, DCSN_CHANGE_UNTPC                                              /* 확정 변동 단가                */
			, RCPPAY_TRGET_AMOUNT                                            /* 입출금 대상 금액              */
			, LQD_TRGET_EXCL_AT                                              /* 청산 대상 제외 여부           */
			, SETLE_NO                                                       /* 결제 번호                     */                                      
		FROM OR_PC_CHANGEGLD_BAS                                             /* 주문_가격 변동금 기본         */
		WHERE ORDER_NO = #{orderNo}                                          /* 주문 번호                     */
		AND DELETE_AT = 'N'                                                  /* 삭제 여부                     */
		ORDER BY OCCRRNC_SN DESC
	</select>
	
	<!-- 해당 가단가 가격 변동금 정보 수정 (주문_가격 변동금 기본 테이블) -->
	<update id="updateOrPcChangegldBasByPrvsnl" parameterType="com.sorincorp.batch.or.model.OrPcChangegldBasVO">
		/******  com.sorincorp.batch.or.mapper.PrvsnlPcChangegldRegistMapper.updateOrPcChangegldBasByPrvsnl  UPDATE : OR_PC_CHANGEGLD_BAS(주문_가격 변동금 기본)  ******/
		UPDATE OR_PC_CHANGEGLD_BAS
			SET
				  PC_CHANGEGLD_STTUS_CODE = #{pcChangegldSttusCode}          /* 가격 변동금 상태 코드         */
				, LAST_CHANGER_ID = 'BATCH'                                  /* 최종 변경자 아이디            */
				, LAST_CHANGE_DT = #{lastChangeDt}                           /* 최종 변경 일시                */
		WHERE ORDER_NO = #{orderNo}                                          /* 주문 번호                     */
		AND OCCRRNC_SN = #{occrrncSn}                                        /* 발생 순번                     */
		AND DELETE_AT = 'N'                                                  /* 삭제 여부                     */
	</update>
	
	<!-- 가격 변동금 정보 등록 (주문_가격 변동금 기본 테이블) -->
	<insert id="insertOrPcChangegldBasByPrvsnl" parameterType="com.sorincorp.batch.or.model.OrPcChangegldBasVO">
		/******  com.sorincorp.batch.or.mapper.PrvsnlPcChangegldRegistMapper.insertOrPcChangegldBasByPrvsnl  INSERT : OR_PC_CHANGEGLD_BAS(주문_가격 변동금 기본)  ******/
		INSERT INTO dbo.OR_PC_CHANGEGLD_BAS                                                                  /* 주문_가격 변동금 기본         */
		     (
		       ORDER_NO                                                                                      /* 주문 번호                     */
		     , OCCRRNC_SN                                                                                    /* 발생 순번                     */
		     , OCCRRNC_DT                                                                                    /* 발생 일시                     */
		     , EVL_AMOUNT                                                                                    /* 평가 금액                     */
		     , PC_CHANGEGLD_STTUS_CODE                                                                       /* 가격 변동금 상태 코드         */
		     , FRST_UNTPC_STDR_PRE_PAY_AMOUNT                                                                /* 최초 단가 기준 기 납입 금액   */
		     , FRST_PRE_PAY_AMOUNT                                                                           /* 최초 기 납입 금액             */
		     , UNTPC_STDR_PRE_PAY_AMOUNT                                                                     /* 단가 기준 기 납입 금액        */
		     , PRE_PAY_AMOUNT                                                                                /* 기 납입 금액                  */
		     , CHANGE_UNTPC                                                                                  /* 변동 단가                     */
		     , DCSN_CHANGE_UNTPC                                                                             /* 확정 변동 단가                */
		     , RCPPAY_TRGET_AMOUNT                                                                           /* 입출금 대상 금액              */
		     , LQD_TRGET_EXCL_AT                                                                             /* 청산 대상 제외 여부           */
		     , SETLE_NO                                                                                      /* 결제 번호                     */
		     , DELETE_DT                                                                                     /* 삭제 일시                     */
		     , DELETE_AT                                                                                     /* 삭제 여부                     */
		     , FRST_REGISTER_ID                                                                              /* 최초 등록자 아이디            */
		     , FRST_REGIST_DT                                                                                /* 최초 등록 일시                */
		     , LAST_CHANGER_ID                                                                               /* 최종 변경자 아이디            */
		     , LAST_CHANGE_DT                                                                                /* 최종 변경 일시                */
		     )
		VALUES
		     (
		       #{orderNo}                                                                                    /* 주문 번호                     */
		     , #{occrrncSn}                                                                                  /* 발생 순번                     */
		     , #{occrrncDt}                                                                                  /* 발생 일시                     */
		     , #{evlAmount}                                                                                  /* 평가 금액                     */
		     , #{pcChangegldSttusCode}                                                                       /* 가격 변동금 상태 코드         */
		     , #{frstUntpcStdrPrePayAmount}                                                                  /* 최초 단가 기준 기 납입 금액   */
		     , #{frstPrePayAmount}                                                                           /* 최초 기 납입 금액             */
		     , #{untpcStdrPrePayAmount}                                                                      /* 단가 기준 기 납입 금액        */
		     , #{prePayAmount}                                                                               /* 기 납입 금액                  */
		     , #{changeUntpc}                                                                                /* 변동 단가                     */
		     , #{dcsnChangeUntpc}                                                                            /* 확정 변동 단가                */
		     , #{rcppayTrgetAmount}                                                                          /* 입출금 대상 금액              */
		     , #{lqdTrgetExclAt}                                                                             /* 청산 대상 제외 여부           */
		     , NULL                                                                                          /* 결제 번호                     */
		     , NULL                                                                                          /* 삭제 일시                     */
		     , 'N'                                                                                           /* 삭제 여부                     */
		     , 'BATCH'                                                                                       /* 최초 등록자 아이디            */
		     , #{frstRegistDt}                                                                               /* 최초 등록 일시                */
		     , 'BATCH'                                                                                       /* 최종 변경자 아이디            */
		     , #{lastChangeDt}                                                                               /* 최종 변경 일시                */
		     )
	</insert>
	
	<!-- 가격 변동금 내역 회원_업체 담보 한도 상세 등록 -->
	<insert id="insertLastMbEntrpsMrtggLmtDtl" parameterType="com.sorincorp.batch.or.model.OrPcChangegldBasVO" >
		/******  com.sorincorp.batch.or.mapper.PrvsnlPcChangegldRegistMapper.selectLastPcChangegldInfo  INSERT : MB_ENTRPS_MRTGG_LMT_DTL(회원_업체 담보 한도 상세) ,selectKey (mrtggBlce)  ******/
		INSERT INTO dbo.MB_ENTRPS_MRTGG_LMT_DTL                                                              /* 회원_업체 담보 한도 상세      */
		     (
		       ENTRPS_NO                                                                                     /* 업체 번호                     */
		     , GRNTY_NO                                                                                      /* 보증 번호                     */
		     , ENTRPS_MRTGG_CNTRCT_SN                                                                        /* 업체 담보 계약 순번           */
		     , MRTGG_DELNG_DT                                                                                /* 담보 거래 일시                */
		     , MRTGG_DELNG_TY_CODE                                                                           /* 담보 거래 유형 코드           */
		     , MRTGG_SUMRY                                                                                   /* 담보 적요                     */
		     , MRTGG_DELNG_AMOUNT                                                                            /* 담보 거래 금액                */
		     , MRTGG_BLCE                                                                                    /* 담보 잔액                     */
		     , ORDER_NO                                                                                      /* 주문 번호                     */
		     , CANCL_EXCHNG_RTNGUD_NO                                                                        /* 취소 교환 반품 번호           */
		     , MRTGG_DFNNT                                                                                   /* 담보 차액                     */
		     , DELETE_AT                                                                                     /* 삭제 여부                     */
		     , DELETE_DT                                                                                     /* 삭제 일시                     */
		     , FRST_REGISTER_ID                                                                              /* 최초 등록자 아이디            */
		     , FRST_REGIST_DT                                                                                /* 최초 등록 일시                */
		     , LAST_CHANGER_ID                                                                               /* 최종 변경자 아이디            */
		     , LAST_CHANGE_DT                                                                                /* 최종 변경 일시                */
		     )
		SELECT TOP 1
			  MEMLD.ENTRPS_NO                                                                                /* 업체 번호                     */
			, MEMLD.GRNTY_NO                                                                                 /* 보증 번호                     */
			, MEMLD.ENTRPS_MRTGG_CNTRCT_SN                                                                   /* 업체 담보 계약 순번           */
			, #{occrrncDt}                                                                                   /* 담보 거래 일시                */
			, #{mrtggDelngTyCode}                                                                            /* 담보 거래 유형 코드           */
			, #{mrtggSumry}                                                                                  /* 담보 적요                     */
			, #{mrtggDelngAmount}                                                                            /* 담보 거래 금액                */
			<choose>
				<when test="mrtggDelngTyCode != null and mrtggDelngTyCode == '02'">
					, MEMLD.MRTGG_BLCE - #{mrtggDelngAmount}                                                 /* 담보 잔액                     */
				</when>
				<when test="mrtggDelngTyCode != null and mrtggDelngTyCode == '03'">
					, MEMLD.MRTGG_BLCE + #{mrtggDelngAmount}                                                 /* 담보 잔액                     */
				</when>
			</choose>
			, #{orderNo}                                                                                     /* 주문 번호                     */
			, '00000000-000000'                                                                              /* 취소 교환 반품 번호           */
			, NULL                                                                                           /* 담보 차액                     */
			, 'N'                                                                                            /* 삭제 여부                     */
			, NULL                                                                                           /* 삭제 일시                     */
			, 'BATCH'                                                                                        /* 최초 등록자 아이디            */
		    , #{frstRegistDt}                                                                                /* 최초 등록 일시                */
		    , 'BATCH'                                                                                        /* 최종 변경자 아이디            */
		    , #{lastChangeDt}                                                                                /* 최종 변경 일시                */
		FROM MB_ENTRPS_MRTGG_LMT_DTL MEMLD
		INNER JOIN (
			SELECT 
				  OOB.ENTRPS_NO
				, OMB.ORDER_NO
				, MEMCB.GRNTY_NO
				, MEMCB.ENTRPS_MRTGG_CNTRCT_SN 
			FROM OR_MRTGG_BAS OMB
			INNER JOIN OR_ORDER_BAS OOB
			  ON OMB.ORDER_NO = OOB.ORDER_NO
			  AND OMB.DELETE_AT = 'N'
			INNER JOIN MB_ENTRPS_INFO_BAS MEIB
			  ON MEIB.ENTRPS_NO = OOB.ENTRPS_NO
			  AND MEIB.DELETE_AT = 'N'
			INNER JOIN MB_ENTRPS_MRTGG_CNTRCT_BAS MEMCB
			  ON MEMCB.BSNM_REGIST_NO = MEIB.BSNM_REGIST_NO
			  AND MEMCB.GRNTY_NO = OMB.GRNTY_NO
			  AND MEMCB.ENTRPS_MRTGG_CNTRCT_SN = OMB.ENTRPS_MRTGG_CNTRCT_SN
			WHERE OMB.ORDER_NO = #{orderNo}
			AND OOB.ORDER_STTUS_CODE IN ('10', '13', '15', '20', '21', '22', '30') 
			AND OMB.DELETE_AT = 'N'
			AND MEMCB.LAST_CNTRCT_AT = 'Y'
		) MRTGG
		  ON MEMLD.ENTRPS_NO = MRTGG.ENTRPS_NO
		  AND MEMLD.GRNTY_NO = MRTGG.GRNTY_NO
		  AND MEMLD.ENTRPS_MRTGG_CNTRCT_SN = MRTGG.ENTRPS_MRTGG_CNTRCT_SN
		ORDER BY MEMLD.ENTRPS_MRTGG_SN DESC 
		
		<selectKey keyColumn="MRTGG_BLCE" keyProperty="mrtggBlce" order="AFTER" resultType="long">
			SET TRANSACTION ISOLATION LEVEL READ UNCOMMITTED
			SELECT TOP 1
				  MEMLD.MRTGG_BLCE                                                                           /* 담보 잔액                     */
			FROM MB_ENTRPS_MRTGG_LMT_DTL MEMLD
			INNER JOIN (
				SELECT 
					  OOB.ENTRPS_NO
					, OMB.ORDER_NO
					, MEMCB.GRNTY_NO
					, MEMCB.ENTRPS_MRTGG_CNTRCT_SN 
				FROM OR_MRTGG_BAS OMB
				INNER JOIN OR_ORDER_BAS OOB
				  ON OMB.ORDER_NO = OOB.ORDER_NO
				  AND OMB.DELETE_AT = 'N'
				INNER JOIN MB_ENTRPS_INFO_BAS MEIB
				  ON MEIB.ENTRPS_NO = OOB.ENTRPS_NO
				  AND MEIB.DELETE_AT = 'N'
				INNER JOIN MB_ENTRPS_MRTGG_CNTRCT_BAS MEMCB
				  ON MEMCB.BSNM_REGIST_NO = MEIB.BSNM_REGIST_NO
				  AND MEMCB.GRNTY_NO = OMB.GRNTY_NO
				  AND MEMCB.ENTRPS_MRTGG_CNTRCT_SN = OMB.ENTRPS_MRTGG_CNTRCT_SN
				WHERE OMB.ORDER_NO = #{orderNo}
				AND OOB.ORDER_STTUS_CODE IN ('10', '13', '15', '20', '21', '22', '30') 
				AND OMB.DELETE_AT = 'N'
				AND MEMCB.LAST_CNTRCT_AT = 'Y'
			) MRTGG
			  ON MEMLD.ENTRPS_NO = MRTGG.ENTRPS_NO
			  AND MEMLD.GRNTY_NO = MRTGG.GRNTY_NO
			  AND MEMLD.ENTRPS_MRTGG_CNTRCT_SN = MRTGG.ENTRPS_MRTGG_CNTRCT_SN
			ORDER BY MEMLD.ENTRPS_MRTGG_SN DESC 
		</selectKey>
	</insert>
	
	<!-- 가단가 구매 변동금 추가/환불 SMS 내용 정보 가져오기 -->
	<select id="selectPrvsnlPcChangegldSmsInfo" parameterType="com.sorincorp.batch.or.model.OrPcChangegldBasVO" resultType="hashmap">
		/******  com.sorincorp.batch.or.mapper.PrvsnlPcChangegldRegistMapper.selectPrvsnlPcChangegldSmsInfo  SELECT : OR_ORDER_BAS(주문_주문 기본)                          ******/
		SET TRANSACTION ISOLATION LEVEL READ UNCOMMITTED
		SELECT
			  OOB.ORDRR_NM AS 'ordrrNm'                                                               /* 주문자 명                     */
			, STUFF(STUFF(#{occrrncDe}, 5, 0, '-'), 8, 0, '-') AS 'evlDe'                             /* 평가 일자                     */
			, OOB.MBER_NO AS 'mberNo'                                                                 /* 회원 번호                     */
			, OOB.ORDER_NO AS 'orderNo'                                                               /* 주문 번호                     */
			, FORMAT(OOB.TOT_REAL_ORDER_WT, '#,#') AS 'orderWt'                                       /* 주문 수량                     */
			, OOB.ORDRR_MOBLPHON_NO AS 'ordrrMoblphonNo'                                              /* 주문자 휴대폰 번호            */
			, FORMAT(#{avrgpcGoodsUntpc}, '#,#') AS 'avrgpcGoodsUntpc'                                /* 가단가 (평균가 상품 단가)     */
			, FORMAT(#{frstPcChangeAmount}, '#,#') AS 'frstPcChangeAmount'                            /* 최초변동금 (최초 가격 변동 금액) */
			<choose>
				<when test='setleMthdCode == "10"'>
					, FORMAT(#{untpcStdrPrePayAmount}, '#,#') AS 'untpcStdrPrePayAmount'                      /* 추가변동금 (단가 기준 기 납입 금액) */
				</when>
				<when test='setleMthdCode == "20" or setleMthdCode == "40"'>
					, FORMAT(#{frstUntpcStdrPrePayAmount}, '#,#') AS 'frstUntpcStdrPrePayAmount'              /* 추가변동금 (최초 단가 기준 기 납입 금액) */
				</when>
			</choose>
			, FORMAT(#{totalChangeAmount}, '#,#') AS 'totalChangeAmount'                              /* 합계 (가단가 + 최초변동금 + 추가변동금) */
			, FORMAT(#{evlAmount}, '#,#') AS 'evlAmount'                                              /* 시초가                        */
			, FORMAT(#{changeUntpc}, '#,#') AS 'changeUntpc'                                          /* 평가 (변동 단가)              */
			, FORMAT(#{dcsnChangeUntpc}, '#,#') AS 'dcsnChangeUntpc'                                  /* 확정변동단가                  */
			, FORMAT(#{rcppayTrgetAmount}, '#,#') AS 'rcppayTrgetAmount'                              /* 입출금 대상 금액              */
			<if test="mrtggBlce != null">
				, FORMAT(#{mrtggBlce}, '#,#') AS 'mrtggBlce'                                          /* 담보 잔액                     */
			</if>
		FROM OR_ORDER_BAS OOB                                                                         /* 주문_주문 기본                */
		WHERE OOB.ORDER_NO = #{orderNo}                                                               /* 주문 번호                     */
		AND OOB.DELETE_AT ='N'                                                                        /* 삭제 여부                     */
	</select>
	
</mapper>