<?xml version="1.0" encoding="UTF-8"?>
<!DOCTYPE mapper PUBLIC "-//mybatis.org//DTD Mapper 3.0//EN" "http://mybatis.org/dtd/mybatis-3-mapper.dtd">

<mapper namespace="com.sorincorp.batch.or.mapper.PrvsnlPcChangegldRealarmMapper">
<!-- 가단가 변동금 재알람 관련 Mapper 구현체 -->
	
	<!-- 가단가 변동금 재알람 대상 리스트 가져오기 (이월렛의 입금요망(10), 출금대상(40)만 대상) -->
	<select id="selectPrvsnlPcChangegldRealarmTargetList" parameterType="com.sorincorp.batch.or.model.PrvsnlPcChangegldRealarmInfoVO" resultType="com.sorincorp.batch.or.model.PrvsnlPcChangegldRealarmInfoVO">
		/******  com.sorincorp.batch.or.mapper.PrvsnlPcChangegldRealarmMapper.selectPrvsnlPcChangegldRealarmTargetList  SELECT : OR_ORDER_BAS(주문_주문 기본), OR_ORDER_INFO_BAS(주문_주문 정보 기본)  ******/
		/******      OR_PC_CHANGEGLD_BAS(주문_가격 변동금 기본)                                                                                                                                        ******/
		SET TRANSACTION ISOLATION LEVEL READ UNCOMMITTED
		SELECT
			  OOB.ORDER_NO                                                                                     /* 주문 번호                     */
			, OOB.ORDER_DE                                                                                     /* 주문 일자                     */
			, OOB.SETLE_MTHD_CODE                                                                              /* 결제 방식 코드                */
			, OOB.METAL_CODE                                                                                   /* 금속 코드                     */
			, OOIB.AVRGPC_GOODS_UNTPC                                                                          /* 평균가 상품 단가              */
			, OOIB.FRST_PC_CHANGE_AMOUNT                                                                       /* 최초 가격 변동 금액           */
			, OPCB.OCCRRNC_DE                                                                                  /* 발생 일자 (YYYYMMDD)          */
			, OPCB.PC_CHANGEGLD_STTUS_CODE                                                                     /* 가격 변동금 상태 코드         */
			, OPCB.UNTPC_STDR_PRE_PAY_AMOUNT                                                                   /* 단가 기준 기 납입 금액        */
			, OPCB.EVL_AMOUNT                                                                                  /* 평가 금액                     */
			, OPCB.CHANGE_UNTPC                                                                                /* 변동 단가                     */
			, OPCB.DCSN_CHANGE_UNTPC                                                                           /* 확정 변동 단가                */
			, OPCB.RCPPAY_TRGET_AMOUNT                                                                         /* 입출금 대상 금액              */
		FROM OR_ORDER_BAS OOB                                                                                  /* 주문_주문 기본                */
		INNER JOIN OR_ORDER_INFO_BAS OOIB                                                                      /* 주문_주문 정보 기본           */
		  ON OOB.ORDER_NO = OOIB.ORDER_NO                                                                      /* 주문 번호                     */
		  AND OOIB.DELETE_AT = 'N'                                                                             /* 삭제 여부                     */
		INNER JOIN (
			SELECT 
				  TEMP.OCCRRNC_DE
				, TEMP.ORDER_NO
				, TEMP.PC_CHANGEGLD_STTUS_CODE
				, TEMP.UNTPC_STDR_PRE_PAY_AMOUNT
				, TEMP.EVL_AMOUNT
				, TEMP.CHANGE_UNTPC
				, TEMP.DCSN_CHANGE_UNTPC
				, TEMP.RCPPAY_TRGET_AMOUNT
			FROM (
				SELECT 
					  CONVERT(VARCHAR(8), OCCRRNC_DT, 112) AS OCCRRNC_DE
					, * 
				FROM OR_PC_CHANGEGLD_BAS 
			) TEMP
			WHERE TEMP.PC_CHANGEGLD_STTUS_CODE IN ('10', '40') -- 이월렛만 해당 [10(입금 요망), 40(출금 대상)]
			<choose>
				<when test="occrrncDe != null and occrrncDe.length != 0">
					AND TEMP.OCCRRNC_DE = #{occrrncDe}
				</when>
				<otherwise>
					AND TEMP.OCCRRNC_DE = CONVERT(VARCHAR(8), GETDATE(), 112)
				</otherwise>
			</choose>
			AND TEMP.DELETE_AT = 'N'
		) OPCB
		  ON OOB.ORDER_NO = OPCB.ORDER_NO                                                                      /* 주문 번호                     */
		  AND OOIB.ORDER_NO = OPCB.ORDER_NO
		WHERE OOB.SLE_MTHD_CODE = '05'                                                                         /* 판매 방식 코드 (05: 가단가)   */
		AND OOB.ORDER_STTUS_CODE IN ('10', '13', '15', '20', '21', '22', '30')                                 /* 주문 상태 코드                */
		AND OOB.GOODS_UNTPC IS NULL                                                                            /* 상품 단가 (단가 확정 전)      */
		AND OOB.DELETE_AT = 'N'                                                                                /* 삭제 여부                     */
		<choose>
			<when test="occrrncDe != null and occrrncDe.length != 0">
				AND #{occrrncDe} <![CDATA[<=]]> OOIB.UNTPC_DCSN_MXMM_DE                                        /* 단가 확정 최대 일자           */
				AND OOB.ORDER_DE <![CDATA[<=]]> dbo.fn_getSettleSttusDe(#{occrrncDe}, -1)                      /* 주문 일자                     */
			</when>
			<otherwise>
				AND CONVERT(VARCHAR(8), GETDATE(), 112) <![CDATA[<=]]> OOIB.UNTPC_DCSN_MXMM_DE                 /* 단가 확정 최대 일자           */
				AND OOB.ORDER_DE <![CDATA[<=]]> dbo.fn_getSettleSttusDe(CONVERT(VARCHAR(8), GETDATE(), 112), -1) /* 주문 일자 (전일 발생 주문 건) */
			</otherwise>
		</choose>
		<if test="orderNo != null and orderNo.length != 0">
			AND OOB.ORDER_NO = #{orderNo}                                                                      /* 주문 번호                     */
		</if>
	</select>
	
	<!-- 가단가 구매 변동금 추가/환불 재알람 SMS 내용 정보 가져오기 (이월렛의 입금요망(10), 출금대상(40)만 대상) -->
	<select id="selectPrvsnlPcChangegldRealarmSmsInfo" parameterType="com.sorincorp.batch.or.model.OrPcChangegldBasVO" resultType="hashmap">
		/******  com.sorincorp.batch.or.mapper.PrvsnlPcChangegldRealarmMapper.selectPrvsnlPcChangegldRealarmSmsInfo  SELECT : OR_ORDER_BAS(주문_주문 기본)                          ******/
		SET TRANSACTION ISOLATION LEVEL READ UNCOMMITTED
		SELECT
			  OOB.ORDRR_NM AS 'ordrrNm'                                                               /* 주문자 명                     */
			, STUFF(STUFF(#{occrrncDe}, 5, 0, '-'), 8, 0, '-') AS 'evlDe'                             /* 평가 일자                     */
			, OOB.MBER_NO AS 'mberNo'                                                                 /* 회원 번호                     */
			, OOB.ORDER_NO AS 'orderNo'                                                               /* 주문 번호                     */
			, FORMAT(OOB.TOT_REAL_ORDER_WT, '#,#') AS 'orderWt'                                       /* 주문 수량                     */
			, OOB.ORDRR_MOBLPHON_NO AS 'ordrrMoblphonNo'                                              /* 주문자 휴대폰 번호            */
			, FORMAT(#{avrgpcGoodsUntpc}, '#,#') AS 'avrgpcGoodsUntpc'                                /* 가단가 (평균가 상품 단가)     */
			, FORMAT(#{frstPcChangeAmount}, '#,#') AS 'frstPcChangeAmount'                            /* 최초변동금 (최초 가격 변동 금액) */
			, FORMAT(#{untpcStdrPrePayAmount}, '#,#') AS 'untpcStdrPrePayAmount'                      /* 추가변동금 (단가 기준 기 납입 금액) */
			, FORMAT(#{totalChangeAmount}, '#,#') AS 'totalChangeAmount'                              /* 합계 (가단가 + 최초변동금 + 추가변동금) */
			, FORMAT(#{evlAmount}, '#,#') AS 'evlAmount'                                              /* 시초가                        */
			, FORMAT(#{changeUntpc}, '#,#') AS 'changeUntpc'                                          /* 평가 (변동 단가)              */
			, FORMAT(#{dcsnChangeUntpc}, '#,#') AS 'dcsnChangeUntpc'                                  /* 확정변동단가                  */
			, FORMAT(#{rcppayTrgetAmount}, '#,#') AS 'rcppayTrgetAmount'                              /* 입출금 대상 금액              */
		FROM OR_ORDER_BAS OOB                                                                         /* 주문_주문 기본                */
		WHERE OOB.ORDER_NO = #{orderNo}                                                               /* 주문 번호                     */
		AND OOB.DELETE_AT ='N'                                                                        /* 삭제 여부                     */
	</select>
</mapper>