<?xml version="1.0" encoding="UTF-8"?>
<!DOCTYPE mapper PUBLIC "-//mybatis.org//DTD Mapper 3.0//EN" "http://mybatis.org/dtd/mybatis-3-mapper.dtd">

<mapper namespace="com.sorincorp.batch.or.mapper.PrvsnlAutoDcsnMapper">
<!-- 가단가 자동 확정 배치 관련 Mapper 구현체 -->
	
	<!-- 가단가 자동 확정 대상 리스트 가져오기 -->
	<select id="selectPrvsnlAutoDcsnTargetList" parameterType="com.sorincorp.batch.or.model.PrvsnlAutoDcsnInfoVO" resultType="com.sorincorp.batch.or.model.PrvsnlAutoDcsnInfoVO">
		/******  com.sorincorp.batch.or.mapper.PrvsnlAutoDcsnMapper.selectPrvsnlAutoDcsnTargetList  SELECT : OR_ORDER_BAS(주문_주문 기본), OR_ORDER_INFO_BAS(주문_주문 정보 기본)  ******/
		/******      OR_PC_CHANGEGLD_BAS(주문_가격 변동금 기본)                                                                                                                    ******/
		SET TRANSACTION ISOLATION LEVEL READ UNCOMMITTED
		SELECT 
			  TABB.ORDER_NO
			, TABB.UNTPC_SEPRAT_DCSN_AT
			, TABC.MBER_NO 
			, TABC.METAL_CODE 
		FROM (
			SELECT 
				  ORDER_NO
				, UNTPC_SEPRAT_DCSN_AT
			FROM (
				SELECT
					  OOB.ORDER_NO                                                                                     /* 주문 번호                     */
					, OOIB.UNTPC_SEPRAT_DCSN_AT
				FROM OR_ORDER_BAS OOB                                                                                  /* 주문_주문 기본                */
				INNER JOIN OR_ORDER_INFO_BAS OOIB                                                                      /* 주문_주문 정보 기본           */
				  ON OOB.ORDER_NO = OOIB.ORDER_NO                                                                      /* 주문 번호                     */
				  AND OOIB.DELETE_AT = 'N'                                                                             /* 삭제 여부                     */
				WHERE OOB.SLE_MTHD_CODE = '05'                                                                         /* 판매 방식 코드 (05: 가단가)   */
				AND OOB.GOODS_UNTPC IS NULL                                                                            /* 상품 단가 (단가 확정 전)      */
				AND OOB.DELETE_AT = 'N'                                                                                /* 삭제 여부                     */
				<choose>
					<when test="orderNo != null and orderNo.length != 0">
						AND OOB.ORDER_NO = #{orderNo}
					</when>
					<otherwise>
						AND CONVERT(VARCHAR(8), GETDATE(), 112) = OOIB.UNTPC_DCSN_MXMM_DE                 /* 단가 확정 최대 일자           */
					</otherwise>
				</choose>
					
				UNION ALL
				
				SELECT 
					  OPCB.ORDER_NO
					, OOIB.UNTPC_SEPRAT_DCSN_AT
				FROM (
					SELECT
						  ROW_NUMBER() OVER(PARTITION BY ORDER_NO ORDER BY OCCRRNC_SN DESC) AS OCCRRNC_RNUM
						, ORDER_NO
						, OCCRRNC_SN
						, OCCRRNC_DT
						, CONVERT(VARCHAR(8), OCCRRNC_DT, 112) AS OCCRRNC_DE
						, PC_CHANGEGLD_STTUS_CODE
					FROM OR_PC_CHANGEGLD_BAS
					WHERE DELETE_AT = 'N'
				) OPCB
				INNER JOIN OR_ORDER_INFO_BAS OOIB
				  ON OPCB.ORDER_NO = OOIB.ORDER_NO
				  AND OOIB.DELETE_AT = 'N'
				WHERE OPCB.OCCRRNC_RNUM = 1
				AND OPCB.PC_CHANGEGLD_STTUS_CODE = '10'
				<choose>
					<when test="orderNo != null and orderNo.length != 0">
						AND OPCB.ORDER_NO = #{orderNo}
					</when>
					<otherwise>
						AND OPCB.OCCRRNC_DE = CONVERT(VARCHAR(8), GETDATE(), 112)
					</otherwise>
				</choose>
				
				AND ISNULL(OOIB.LQD_TRGET_EXCL_AT, 'N') = 'N'
			) TABA
			GROUP BY ORDER_NO, UNTPC_SEPRAT_DCSN_AT
		) TABB
		INNER JOIN OR_ORDER_BAS TABC
		  ON TABB.ORDER_NO = TABC.ORDER_NO 
		  AND TABC.DELETE_AT = 'N'
		WHERE TABC.ORDER_STTUS_CODE IN ('10', '13', '15', '20', '21', '22', '30')
	</select>
	
	<!-- 가단가 자동 확정에 따른 지정가 취소 대상 가져오기 -->
	<select id="selectPrvsnlLimitCancelTarget" parameterType="string" resultType="com.sorincorp.batch.or.model.PrvsnlAutoDcsnInfoVO">
		/******  com.sorincorp.batch.or.mapper.PrvsnlAutoDcsnMapper.selectPrvsnlLimitCancelTarget  SELECT : OR_LIMIT_ORDER_LME_BAS()  ******/
		SET TRANSACTION ISOLATION LEVEL READ UNCOMMITTED
		SELECT
			(
				SELECT 
					LIMIT_ORDER_NO
				FROM OR_LIMIT_ORDER_LME_BAS 
				WHERE ORDER_NO = #{value}
				AND DELETE_AT = 'N' 
				AND LIMIT_ORDER_STTUS_CODE = '10'
				AND LIMIT_CANCL_TM IS NULL
			) AS LIMIT_LME_ORDER_NO
			, (
				SELECT 
					LIMIT_ORDER_NO
				FROM OR_LIMIT_ORDER_EHGT_BAS 
				WHERE ORDER_NO = #{value}
				AND DELETE_AT = 'N' 
				AND LIMIT_ORDER_STTUS_CODE = '10'
				AND LIMIT_CANCL_TM IS NULL
			) AS LIMIT_EHGT_ORDER_NO
			, (
				SELECT 
					LIMIT_ORDER_NO
				FROM OR_LIMIT_ORDER_KRW_BAS 
				WHERE ORDER_NO = #{value}
				AND DELETE_AT = 'N' 
				AND LIMIT_ORDER_STTUS_CODE = '10'
				AND LIMIT_CANCL_TM IS NULL
			) AS LIMIT_KRW_ORDER_NO
	</select>
	
</mapper>