<?xml version="1.0" encoding="UTF-8"?>
<!DOCTYPE mapper PUBLIC "-//mybatis.org//DTD Mapper 3.0//EN" "http://mybatis.org/dtd/mybatis-3-mapper.dtd">

<mapper namespace="com.sorincorp.batch.or.mapper.TaxBillRecptnMapper">

	<!-- 세금계산서 발행완료 목록 조회 -->
	<select id="getListTaxBillRecptn" resultType="com.sorincorp.batch.or.model.TaxBillRecptnVO">
	/* com.sorincorp.batch.or.mapper.TaxBillRecptnMapper.getListTaxBillRecptn */
	SET TRANSACTION ISOLATION LEVEL READ UNCOMMITTED
	SELECT 
		 IB.ORDER_NO 								AS orderNo					/*주문 번호*/
		 , IB.CANCL_EXCHNG_RTNGUD_NO 				AS canclExchngRtngudNo		/*취소 교환 반품 번호*/
		 , IB.TAX_BILL_CONFM_NO						AS taxBillConfmNo			/*세금 계산서 승인 번호*/
		 , ISNULL(IB.DOC_STTUS_CODE, ' ')			AS docSttusCode				/*문서 상태 코드*/
	     , ISNULL(IB.RECPTN_MSSAGE_CODE, ' ')		AS recptnMssageCode			/*수신 메시지 코드*/
	     , ISNULL(IB.RECPTN_RESULT_CODE, ' ')		AS recptnResultCode			/*수신 결과 코드*/
	     , ISNULL(IB.PROCESS_DETAIL_DC, ' ')		AS processDetailDc			/*처리 상세 설명*/
	     , ELCTRN_TAX_BILL_UPDT_RESN_CODE
	     , CASE WHEN ELCTRN_TAX_BILL_UPDT_RESN_CODE IS NULL
	     		THEN (
	     				SELECT MAX(OOB.ORDER_COMPT_DT)
	     			   	  FROM OR_ORDER_BAS OOB
	     			   	 WHERE 1=1
	     			   	   AND OOB.ORDER_NO = IB.ORDER_NO
	     		) 
	     		WHEN ELCTRN_TAX_BILL_UPDT_RESN_CODE = '04'
	     		THEN (
	     				SELECT MAX(OCERB.COMPT_DT)
	     			   	  FROM OR_CANCL_EXCHNG_RTNGUD_BAS OCERB
	     			   	 WHERE 1=1
	     			   	   AND OCERB.ORDER_NO = IB.ORDER_NO
	     			   	   AND OCERB.CANCL_EXCHNG_RTNGUD_NO = IB.CANCL_EXCHNG_RTNGUD_NO
	     		)
	     		ELSE (
						SELECT ISNULL(MAX(ODOB.DLVY_COMPT_DT), MAX(DLIVY_COMPT_DT)) 
						  FROM OR_DLVY_ODR_BAS ODOB 
						 WHERE 1=1
					       AND IB.ORDER_NO 					= ODOB.ORDER_NO
					   	   AND IB.CANCL_EXCHNG_RTNGUD_NO 	= '00000000-000000'
	     		)
	     		END 								AS elctrnTaxBillIssuDt		/*전자 세금 계산서 발급일시*/
		 , ISNULL(IB.BSNM_MANAGE_NO, ' ')			AS bsnmManageNo				/*사업자 관리 번호*/
		 , ISNULL(MMIB.MOBLPHON_NO, '')				AS tlphonNo					/*주문자 휴대폰 번호*/
		 , ISNULL(IB.SUPLED_NM, '')					AS supledMtltyNm			/*공급자 상호 명*/
		 , IB.TOTAMT								AS totAmount				/*총 금액*/ 
		 , ISNULL(OOB.MBER_NO, '')					AS mberNo							/*회원번호*/
	  FROM IF_OR_TAX_BILL_BAS IB					/*인터페이스_세금계산서_기본*/
	  	LEFT OUTER JOIN OR_ORDER_BAS OOB			/*주문_주문기본*/
	  		ON IB.ORDER_NO = OOB.ORDER_NO 			/*주문 번호*/
	  	LEFT OUTER JOIN MB_MBER_INFO_BAS MMIB		/*회원_회원 정보 기본*/
	  		ON OOB.MBER_NO = MMIB.MBER_NO			/*회원 번호*/
	 WHERE 1=1
	   AND IB.INTRFC_PROCESS_STTUS_CODE IS NULL		/*인터페이스 처리 상태 코드 (BTOBI 수신 데이터에 대한 처리 상태)*/
	   AND IB.DOC_STTUS_CODE IS NOT NULL			/*문서 상태 코드 (BTOBI 수신 결과 처리 상태 코드)*/
	</select>

	<!-- 세금계산서 발행완료 btobi 수신 결과 업데이트 OR_TAX_BILL_BAS (주문_세금계산서_기본) -->
	<update id="updateOrTaxBillBas" parameterType="com.sorincorp.batch.or.model.TaxBillRecptnVO">
	/* com.sorincorp.batch.or.mapper.TaxBillRecptnMapper.updateTaxBill */
	UPDATE 
		OR_TAX_BILL_BAS 
	SET
		ISU_DT					= #{elctrnTaxBillIssuDt}				/*전자 세금 계산서 발급일시 (발행일시)*/
		, PROCESS_STTUS_CODE	= #{processSttusCode}					/*처리상태 코드*/
		, LAST_CHANGER_ID		= #{lastChangerId}						/*최종 변경자 아이디*/
		, LAST_CHANGE_DT		= CONVERT(DATETIME, GETDATE() , 112)	/*최종 변경 일시*/
	WHERE 1=1
	AND ORDER_NO 				= #{orderNo}				/*주문번호*/
	AND CANCL_EXCHNG_RTNGUD_NO 	= #{canclExchngRtngudNo}	/*취소반품교환번호*/
	AND CONFM_NO 				= #{taxBillConfmNo}			/*세금계산서 승인번호*/	
	<!--  	<selectKey order="AFTER" keyProperty="taxBillClCode" resultType="String">
			SET TRANSACTION ISOLATION LEVEL READ UNCOMMITTED
			SELECT TAX_BILL_CL_CODE 
			FROM OR_TAX_BILL_BAS
			WHERE 1=1
			AND ORDER_NO 				= #{orderNo}				/*주문번호*/
			AND CANCL_EXCHNG_RTNGUD_NO 	= #{canclExchngRtngudNo}	/*취소반품교환번호*/
			AND CONFM_NO 				= #{taxBillConfmNo}			/*세금계산서 승인번호*/
		</selectKey>	-->
	</update>
	
	<!-- 방금처리한 세금계산서가 2차세금계산서 인가 -->
	<select id="selectOrTaxBillBas" parameterType="com.sorincorp.batch.or.model.TaxBillRecptnVO" resultType="java.lang.String">
	SET TRANSACTION ISOLATION LEVEL READ UNCOMMITTED
	SELECT TAX_BILL_CL_CODE 								/*세금계산서 분류코드*/
	FROM OR_TAX_BILL_BAS
	WHERE 1=1
	AND ORDER_NO 				= #{orderNo}				/*주문번호*/
	AND CANCL_EXCHNG_RTNGUD_NO 	= #{canclExchngRtngudNo}	/*취소반품교환번호*/
	AND CONFM_NO 				= #{taxBillConfmNo}			/*세금계산서 승인번호*/
	</select>	
	
	<!-- 세금계산서 발행완료 btobi 수신 결과 업데이트 IF_OR_TAX_BILL_BAS (인터페이스_세금계산서_기본) -->
	<update id="updateifOrTaxBillBas" parameterType="com.sorincorp.batch.or.model.TaxBillRecptnVO">
	/* com.sorincorp.batch.or.mapper.TaxBillRecptnMapper.updateifOrTaxBillBas */
	UPDATE
		IF_OR_TAX_BILL_BAS 
	SET
		INTRFC_PROCESS_STTUS_CODE 	= #{intrfcProcessSttusCode} 			/*인터페이스 처리 상태 코드*/
		, LAST_CHANGER_ID			= #{lastChangerId}						/*최종 변경자 아이디*/
		, LAST_CHANGE_DT			= CONVERT(DATETIME, GETDATE() , 112)	/*최종 변경 일시*/
	WHERE 1=1
	AND ORDER_NO					= #{orderNo}				/*주문번호*/
	AND CANCL_EXCHNG_RTNGUD_NO 		= #{canclExchngRtngudNo}	/*취소반품교환번호*/
	AND TAX_BILL_CONFM_NO 			= #{taxBillConfmNo}			/*세금계산서 승인번호*/
	</update>
	
	<!-- 주문_세금계산서_기본 이력	(OR_TAX_BILL_BAS_HST) -->
	<insert id="updateOrTaxBillBasHst" parameterType="com.sorincorp.batch.or.model.TaxBillRecptnVO">
	/* com.sorincorp.batch.or.mapper.TaxBillRecptnMapper.updateifOrTaxBillBas */
	INSERT OR_TAX_BILL_BAS_HST
			(
				TAX_BILL_REQST_NO			/*세금 계산서 신청 번호*/
				, TAX_BILL_REQST_DETAIL_SN	/*세금 계산서 신청 상세 순번*/
				, ORDER_NO					/*주문 번호*/
				, CANCL_EXCHNG_RTNGUD_NO	/*취소 교환 반품 번호*/
				, TAX_BILL_REQST_DE			/*세금 계산서 신청 일자*/
				, SUPLER_BSNM_REGIST_NO		/*공급자 사업자 등록 번호*/
				, SUPLER_SPCS_BSNM_NO		/*공급자 종 사업자 번호*/
				, SUPLER_MTLTY_NM			/*공급자 상호 명*/
				, SUPLER_BIZCND_NM			/*공급자 업태 명*/
				, SUPLER_ITEM_NM			/*공급자 종목 명*/
				, SUPLER_RPRSNTV_NM			/*공급자 대표자 명*/
				, SUPLER_LOCPLC_NM			/*공급자 소재지 명*/
				, SUPLER_BSNM_ADRES			/*공급자 사업자 주소*/
				, SUPLER_BPLC_TELNO			/*공급자 사업장 전화번호*/
				, SUPLER_BPLC_FXNUM			/*공급자 사업장 팩스번호*/
				, SUPLER_CHARGER_DEPT_NM	/*공급자 담당자 부서 명*/
				, SUPLER_CHARGER_NM			/*공급자 담당자 명*/
				, SUPLER_CHARGER_TLPHON_NO	/*공급자 담당자 전화 번호*/
				, SUPLER_CHARGER_EMAIL		/*공급자 담당자 이메일*/
				, SUPLED_MBER_NO			/*공급받는자 회원 번호*/
				, SUPLED_BSNM_REGIST_NO		/*공급받는자 사업자 등록 번호*/
				, SUPLED_SPCS_BSNM_NO		/*공급받는자 종 사업자 번호*/
				, SUPLED_MTLTY_NM			/*공급받는자 상호 명*/
				, SUPLED_RPRSNTV_NM			/*공급받는자 대표자 명*/
				, SUPLED_LOCPLC_NM			/*공급받는자 소재지 명*/
				, SUPLED_BIZCND_NM			/*공급받는자 업태 명*/
				, SUPLED_ITEM_NM			/*공급받는자 종목 명*/
				, SUPLED_BSNM_EMAIL			/*공급받는자 사업자 이메일*/
				, SUPLED_BSNM_POST_NO		/*공급받는자 사업자 우편 번호*/
				, SUPLED_BSNM_ADRES			/*공급받는자 사업자 주소*/
				, SUPLED_BSNM_TLPHON_NO		/*공급받는자 사업자 전화 번호*/
				, SUPLED_BSNM_MOBLPHON_NO	/*공급받는자 사업자 휴대폰 번호*/
				, SUPLED_CHARGER_DEPT_NM	/*공급받는자 담당자 부서 명*/
				, SUPLED_CHARGER_NM			/*공급받는자 담당자 명*/
				, SUPLED_CHARGER_TLPHON_NO	/*공급받는자 담당자 전화 번호*/
				, SUPLED_CHARGER_EMAIL		/*공급받는자 담당자 이메일*/
				, ISU_MTHD_CODE				/*발행 방식 코드*/
				, PUCHAS_SELNG_SE_CODE		/*매입 매출 구분 코드*/
				, TAX_BILL_SE_CODE			/*세금 계산서 구분 코드*/
				, TAXT_SE_CODE				/*과세 구분 코드*/
				, PROCESS_STTUS_CODE		/*처리 상태 코드*/
				, ISU_DT					/*발행 일시*/
				, TAX_BILL_CL_CODE			/*세금 계산서 분류 코드*/
				, TAX_BILL_KND_CODE			/*세금 계산서 종류 코드*/
				, RM						/*비고*/
				, WRITNG_DE					/*작성 일자*/
				, UPDT_RESN_CODE			/*수정 사유 코드*/
				, RCPT_RQEST_SE_CODE		/*영수 청구 구분 코드*/
				, TOT_AMOUNT				/*총 금액*/
				, TOT_SUPLY_AMOUNT_SM		/*총 공급 가액 합계*/
				, TOT_TAXAMT_SM				/*총 세액 합계*/
				, SETLE_MTH_CODE			/*결제 방법 코드*/
				, SETLE_MTH_ACCTO_AMOUNT	/*결제 방법 별 금액*/
				, CONFM_NO					/*승인 번호*/
				, TAX_BILL_ISU_SE_CODE
				, TRNSMIT_AT
				, TRNSMIT_DT
				, DELETE_DT					/*삭제 일시*/
				, DELETE_AT					/*삭제 여부*/
				, FRST_REGISTER_ID			/*최초 등록자 아이디*/
				, FRST_REGIST_DT			/*최초 등록 일시*/
				, LAST_CHANGER_ID			/*최종 변경자 아이디*/
				, LAST_CHANGE_DT			/*최종 변경 일시*/
			)
		SELECT 
			TAX_BILL_REQST_NO			/*세금 계산서 신청 번호*/
			, TAX_BILL_REQST_DETAIL_SN	/*세금 계산서 신청 상세 순번*/
			, ORDER_NO					/*주문 번호*/
			, CANCL_EXCHNG_RTNGUD_NO	/*취소 교환 반품 번호*/
			, TAX_BILL_REQST_DE			/*세금 계산서 신청 일자*/
			, SUPLER_BSNM_REGIST_NO		/*공급자 사업자 등록 번호*/
			, SUPLER_SPCS_BSNM_NO		/*공급자 종 사업자 번호*/
			, SUPLER_MTLTY_NM			/*공급자 상호 명*/
			, SUPLER_BIZCND_NM			/*공급자 업태 명*/
			, SUPLER_ITEM_NM			/*공급자 종목 명*/
			, SUPLER_RPRSNTV_NM			/*공급자 대표자 명*/
			, SUPLER_LOCPLC_NM			/*공급자 소재지 명*/
			, SUPLER_BSNM_ADRES			/*공급자 사업자 주소*/
			, SUPLER_BPLC_TELNO			/*공급자 사업장 전화번호*/
			, SUPLER_BPLC_FXNUM			/*공급자 사업장 팩스번호*/
			, SUPLER_CHARGER_DEPT_NM	/*공급자 담당자 부서 명*/
			, SUPLER_CHARGER_NM			/*공급자 담당자 명*/
			, SUPLER_CHARGER_TLPHON_NO	/*공급자 담당자 전화 번호*/
			, SUPLER_CHARGER_EMAIL		/*공급자 담당자 이메일*/
			, SUPLED_MBER_NO			/*공급받는자 회원 번호*/
			, SUPLED_BSNM_REGIST_NO		/*공급받는자 사업자 등록 번호*/
			, SUPLED_SPCS_BSNM_NO		/*공급받는자 종 사업자 번호*/
			, SUPLED_MTLTY_NM			/*공급받는자 상호 명*/
			, SUPLED_RPRSNTV_NM			/*공급받는자 대표자 명*/
			, SUPLED_LOCPLC_NM			/*공급받는자 소재지 명*/
			, SUPLED_BIZCND_NM			/*공급받는자 업태 명*/
			, SUPLED_ITEM_NM			/*공급받는자 종목 명*/
			, SUPLED_BSNM_EMAIL			/*공급받는자 사업자 이메일*/
			, SUPLED_BSNM_POST_NO		/*공급받는자 사업자 우편 번호*/
			, SUPLED_BSNM_ADRES			/*공급받는자 사업자 주소*/
			, SUPLED_BSNM_TLPHON_NO		/*공급받는자 사업자 전화 번호*/
			, SUPLED_BSNM_MOBLPHON_NO	/*공급받는자 사업자 휴대폰 번호*/
			, SUPLED_CHARGER_DEPT_NM	/*공급받는자 담당자 부서 명*/
			, SUPLED_CHARGER_NM			/*공급받는자 담당자 명*/
			, SUPLED_CHARGER_TLPHON_NO	/*공급받는자 담당자 전화 번호*/
			, SUPLED_CHARGER_EMAIL		/*공급받는자 담당자 이메일*/
			, ISU_MTHD_CODE				/*발행 방식 코드*/
			, PUCHAS_SELNG_SE_CODE		/*매입 매출 구분 코드*/
			, TAX_BILL_SE_CODE			/*세금 계산서 구분 코드*/
			, TAXT_SE_CODE				/*과세 구분 코드*/
			, PROCESS_STTUS_CODE		/*처리 상태 코드*/
			, ISU_DT					/*발행 일시*/
			, TAX_BILL_CL_CODE			/*세금 계산서 분류 코드*/
			, TAX_BILL_KND_CODE			/*세금 계산서 종류 코드*/
			, RM						/*비고*/
			, WRITNG_DE					/*작성 일자*/
			, UPDT_RESN_CODE			/*수정 사유 코드*/
			, RCPT_RQEST_SE_CODE		/*영수 청구 구분 코드*/
			, TOT_AMOUNT				/*총 금액*/
			, TOT_SUPLY_AMOUNT_SM		/*총 공급 가액 합계*/
			, TOT_TAXAMT_SM				/*총 세액 합계*/
			, SETLE_MTH_CODE			/*결제 방법 코드*/
			, SETLE_MTH_ACCTO_AMOUNT	/*결제 방법 별 금액*/
			, CONFM_NO					/*승인 번호*/
			, TAX_BILL_ISU_SE_CODE
			, TRNSMIT_AT
			, TRNSMIT_DT
			, DELETE_DT					/*삭제 일시*/
			, DELETE_AT					/*삭제 여부*/
			, FRST_REGISTER_ID						/*최초 등록자 아이디*/
			, CONVERT(DATETIME, GETDATE() , 112)	/*최초 등록 일시*/
			, LAST_CHANGER_ID						/*최초 등록자 아이디*/
			, CONVERT(DATETIME, GETDATE() , 112) 	/*최종 변경 일시*/
		FROM OR_TAX_BILL_BAS
		WHERE 1=1
		AND ORDER_NO 				= #{orderNo}				/*주문번호*/
		AND CANCL_EXCHNG_RTNGUD_NO 	= #{canclExchngRtngudNo}	/*취소반품교환번호*/
		AND CONFM_NO 				= #{taxBillConfmNo}			/*세금계산서 승인번호*/
	</insert>
	
	<!-- ERP 전송 대상 주문 목록 조회 -->
	<select id="selectErpTrnsmisTaxBillList" resultType="com.sorincorp.batch.or.model.TaxBillRecptnVO">
		/* com.sorincorp.batch.or.mapper.TaxBillRecptnMapper.selectErpTrnsmisTaxBillList */
		SET TRANSACTION ISOLATION LEVEL READ UNCOMMITTED
		SELECT 
			ORDER_NO
			, CANCL_EXCHNG_RTNGUD_NO
			, TAX_BILL_REQST_NO
			, TAX_BILL_REQST_DETAIL_SN
			, TAX_BILL_ISU_SE_CODE
			, CONFM_NO
		FROM OR_TAX_BILL_BAS OTBB 
		WHERE 1=1
		AND PROCESS_STTUS_CODE = '03' 	/*국세청 응답 결과 : 세금계산서 발행 성공*/
		AND TRNSMIT_AT IS NULL			/*ERP 전송 여부 : 미전송 건*/
	</select>
	
	<!-- ERP 송신 여부 업데이트 -->
	<update id="updateErpTrnsmisTaxBill" parameterType="com.sorincorp.batch.or.model.TaxBillRecptnVO">
		/* com.sorincorp.batch.or.mapper.TaxBillRecptnMapper.updateErpTrnsmisTaxBill */
		UPDATE OR_TAX_BILL_BAS
		SET	TRNSMIT_AT 					= #{trnsmitAt}							/*송신여부*/
			<if test='trnsmitAt != null and trnsmitAt == "Y"'>
			, TRNSMIT_DT 				= CONVERT(DATETIME, GETDATE() , 112)	/*송신일시*/
			</if>
			, LAST_CHANGER_ID			= #{lastChangerId}						/*최종 변경자 아이디*/
			, LAST_CHANGE_DT			= CONVERT(DATETIME, GETDATE() , 112)	/*최종 변경 일시*/
		WHERE 1=1
		AND TAX_BILL_REQST_NO			= #{taxBillReqstNo}
		AND TAX_BILL_REQST_DETAIL_SN	= #{taxBillReqstDetailSn}
		AND ORDER_NO					= #{orderNo}
		AND CANCL_EXCHNG_RTNGUD_NO 		= #{canclExchngRtngudNo}
	</update>
</mapper>