<?xml version="1.0" encoding="UTF-8"?>
<!DOCTYPE mapper PUBLIC "-//mybatis.org//DTD Mapper 3.0//EN" "http://mybatis.org/dtd/mybatis-3-mapper.dtd">

<mapper namespace="com.sorincorp.comm.iseco.mapper.IsecoCommMapper">

    <select id="selectMetalClCodeList" parameterType="com.sorincorp.comm.iseco.model.IsecoCommVO" resultType="com.sorincorp.comm.iseco.model.IsecoCommVO">
        /*  isecoComm.selectMetalClCodeList    */
        SET TRANSACTION ISOLATION LEVEL READ UNCOMMITTED
        SELECT
            ISCB.METAL_CL_CODE
            , dbo.fn_getCodeNm('METAL_CL_CODE', ISCB.METAL_CL_CODE) AS METAL_CL_CODE_NM
          FROM dbo.ISECO_SLE_CL_BAS AS ISCB
         WHERE 1=1
           AND ISCB.SLE_MTHD_CODE       = #{sleMthdCode}
           AND ISCB.DELETE_AT           = 'N'
         GROUP BY ISCB.METAL_CL_CODE
         ORDER BY ISCB.METAL_CL_CODE
    </select>

    <select id="selectItmCodeList" parameterType="com.sorincorp.comm.iseco.model.IsecoCommVO" resultType="com.sorincorp.comm.iseco.model.IsecoCommVO">
        /*  isecoComm.selectItmCodeList    */
        SET TRANSACTION ISOLATION LEVEL READ UNCOMMITTED
        SELECT
            G1.ITM_CODE
            , G1.GOODS_NM
            , G1.DSPY_GOODS_NM
            , G1.ITM_SN
          FROM (
            SELECT
               ISCB.ITM_CODE
               , IIIB.GOODS_NM
               , CASE WHEN ISNULL(IIIB.DSPY_GOODS_NM, '') = '' THEN IIIB.GOODS_NM ELSE IIIB.DSPY_GOODS_NM END DSPY_GOODS_NM
               , IIIB.ITM_SN
              FROM dbo.ISECO_SLE_CL_BAS AS ISCB
             INNER JOIN dbo.IT_ITM_INFO_BAS AS IIIB
                ON ISCB.ITM_CODE = IIIB.ITM_CODE
             WHERE 1=1
               AND ISCB.SLE_MTHD_CODE     = #{sleMthdCode}
               AND ISCB.METAL_CL_CODE     = #{metalClCode}
               AND ISCB.DELETE_AT         = 'N'
               AND IIIB.DELETE_AT         = 'N'
          ) AS G1
         GROUP BY G1.ITM_CODE
                    , G1.GOODS_NM
                    , G1.DSPY_GOODS_NM
                    , G1.ITM_SN
         ORDER BY G1.ITM_CODE
    </select>

    <select id="selectDstrctLclsfCodeList" parameterType="com.sorincorp.comm.iseco.model.IsecoCommVO" resultType="com.sorincorp.comm.iseco.model.IsecoCommVO">
        /*  isecoComm.selectDstrctLclsfCodeList    */
        SET TRANSACTION ISOLATION LEVEL READ UNCOMMITTED
        SELECT
            ISCB.DSTRCT_LCLSF_CODE
            , dbo.fn_getCodeNm('DSTRCT_LCLSF_CODE', ISCB.DSTRCT_LCLSF_CODE) AS DSTRCT_LCLSF_CODE_NM
          FROM dbo.ISECO_SLE_CL_BAS AS ISCB
         WHERE 1=1
           AND ISCB.SLE_MTHD_CODE     = #{sleMthdCode}
           AND ISCB.METAL_CL_CODE     = #{metalClCode}
           AND ISCB.ITM_CODE          = #{itmCode}
           AND ISCB.DELETE_AT         = 'N'
         GROUP BY ISCB.DSTRCT_LCLSF_CODE
         ORDER BY ISCB.DSTRCT_LCLSF_CODE
    </select>

    <select id="selectBrandGroupCodeList" parameterType="com.sorincorp.comm.iseco.model.IsecoCommVO" resultType="com.sorincorp.comm.iseco.model.IsecoCommVO">
        /*  isecoComm.selectBrandGroupCodeList    */
        SET TRANSACTION ISOLATION LEVEL READ UNCOMMITTED
        SELECT
            ISCB.BRAND_GROUP_CODE
            , dbo.fn_getCodeNm('BRAND_GROUP_CODE', ISCB.BRAND_GROUP_CODE) AS BRAND_GROUP_CODE_NM
          FROM dbo.ISECO_SLE_CL_BAS AS ISCB
         WHERE 1=1
           AND ISCB.SLE_MTHD_CODE     = #{sleMthdCode}
           AND ISCB.METAL_CL_CODE     = #{metalClCode}
           AND ISCB.ITM_CODE          = #{itmCode}
           AND ISCB.DSTRCT_LCLSF_CODE = #{dstrctLclsfCode}
           AND DELETE_AT              = 'N'
         GROUP BY ISCB.BRAND_GROUP_CODE
         ORDER BY ISCB.BRAND_GROUP_CODE
    </select>

    <select id="selectBrandCodeList" parameterType="com.sorincorp.comm.iseco.model.IsecoCommVO" resultType="com.sorincorp.comm.iseco.model.IsecoCommVO">
        /*  isecoComm.selectBrandCodeList    */
        SET TRANSACTION ISOLATION LEVEL READ UNCOMMITTED
        SELECT
            G1.*
          FROM (
            SELECT
                ISCB.BRAND_CODE
                , IBIB.BRAND_NM
              FROM dbo.ISECO_SLE_CL_BAS AS ISCB
             INNER JOIN dbo.IT_BRAND_INFO_BAS AS IBIB
                ON ISCB.BRAND_CODE = IBIB.BRAND_CODE
             WHERE 1=1
               AND ISCB.SLE_MTHD_CODE           = #{sleMthdCode}
               AND ISCB.METAL_CL_CODE           = #{metalClCode}
               AND ISCB.ITM_CODE                = #{itmCode}
               AND ISCB.DSTRCT_LCLSF_CODE       = #{dstrctLclsfCode}
               AND ISCB.BRAND_GROUP_CODE        = #{brandGroupCode}
               AND ISCB.DELETE_AT               = 'N'
               AND IBIB.DELETE_AT               = 'N'
               AND ISNULL(IBIB.EC_USE_AT, 'N')  = 'Y'
             GROUP BY ISCB.BRAND_CODE
                      , IBIB.BRAND_NM
            ) AS G1
        EXCEPT
        SELECT
            MESBR.BRAND_CODE
            , IBIB.BRAND_NM
          FROM dbo.IT_BRAND_INFO_BAS AS IBIB
         INNER JOIN dbo.MB_ENTRPS_SPCIFY_BRAND_RLS AS MESBR
            ON IBIB.BRAND_CODE =  MESBR.BRAND_CODE
          WHERE 1=1
            AND MESBR.ENTRPS_NO != #{entrpsNo}
            AND ISNULL(MESBR.DELETE_AT, 'N') = 'N'
    </select>

    <select id="selectSleInvntryUnsleBundleBnt" parameterType="com.sorincorp.comm.iseco.model.IsecoCommVO" resultType="Integer">
        /*  isecoComm.selectSleInvntryUnsleBundleBnt    */
        SET TRANSACTION ISOLATION LEVEL READ UNCOMMITTED
        <choose>
            <when test="srhGubunCode eq '01'">
        SELECT
            ISNULL(SUM(IBIB.SLE_INVNTRY_UNSLE_BUNDLE_BNT), 0)
          FROM dbo.IT_BL_INFO_BAS AS IBIB
         INNER JOIN dbo.IT_ITM_INFO_BAS AS IIIB
            ON IBIB.ITM_CODE = IIIB.ITM_CODE
        WHERE 1=1
          AND IIIB.ITM_SN             = #{itmSn}
          AND IBIB.SLE_STTUS_CODE     = '02'
          AND IIIB.REGIST_AT          = 'Y'
          AND IBIB.DELETE_AT          = 'N'
          AND IIIB.DELETE_AT          = 'N'
            </when>
            <when test="srhGubunCode eq '02'">
        SELECT
            ISNULL(SUM(IBIB.SLE_INVNTRY_UNSLE_BUNDLE_BNT), 0)
          FROM dbo.IT_BL_INFO_BAS AS IBIB
         INNER JOIN dbo.IT_ITM_INFO_BAS AS IIIB
            ON IBIB.ITM_CODE = IIIB.ITM_CODE
         WHERE 1=1
           AND IIIB.METAL_CODE         = #{metalCode}
           <if test='ftrsProcessAt eq "N"'>
           AND IIIB.METAL_CL_CODE      = #{metalClCode}
           </if>
           AND IIIB.FTRS_PROCESS_AT    = #{ftrsProcessAt}
           AND IBIB.SLE_STTUS_CODE     = '02'
           AND IIIB.REGIST_AT          = 'Y'
           AND IBIB.DELETE_AT          = 'N'
           AND IIIB.DELETE_AT          = 'N'
            </when>
        </choose>
    </select>

</mapper>