<?xml version="1.0" encoding="UTF-8"?>
<!DOCTYPE mapper PUBLIC "-//mybatis.org//DTD Mapper 3.0//EN" "http://mybatis.org/dtd/mybatis-3-mapper.dtd">

<mapper namespace="com.sorincorp.api.oz.mapper.UnityOrderDetailMapper">

	<!-- 출고지시서 화물수취인 전화번호 복호화 -->
    <select id="selectMoblphonNoDecryption" parameterType="com.sorincorp.api.oz.model.SlePrufDtaOutptVO" resultType="String">
		/***** com.sorincorp.bo.or.mapper.UnityOrderDetailMapper.selectMoblphonNoDecryption *****/
		SET TRANSACTION ISOLATION LEVEL READ UNCOMMITTED
		SELECT
			ISNULL(ODB.RECEPT_ENTRPS_MOBLPHON_NO, '')
		  FROM dbo.OR_ORDER_DTL OOD
		 INNER JOIN dbo.OR_ORDER_BAS OOB
		    ON OOD.ORDER_NO 				= OOB.ORDER_NO
		 INNER JOIN dbo.LO_WRHOUS_INFO_BAS LWIB
		    ON OOD.WRHOUS_CODE 				= LWIB.WRHOUS_CODE
		 INNER JOIN dbo.OR_DLVRG_BAS ODB
	    ON OOB.ORDER_NO 				= ODB.ORDER_NO
		   AND ODB.CANCL_EXCHNG_RTNGUD_NO 	= '00000000-000000'
		   AND OOB.ORDER_DLVRG_NO 			= ODB.ORDER_DLVRG_NO
		   AND ODB.DLVY_SE_CODE 			= '01'
		  LEFT JOIN (SELECT KOREAN_BPLC_NM
						  , BSNM_REGIST_NO
						  , RPRSNTV_NM
						  , REPRSNT_TLPHON
						  , RPRSNTV_ADRES
						  , REPRSNT_FAX
						  , BPLC_CODE
					   FROM dbo.CO_BPLC_BAS
					  WHERE CMPNY_ESNTL_NO = 'SC') AS RNC
		    ON RNC.BPLC_CODE = 10
		 WHERE 1=1
		   AND OOD.ORDER_NO		= #{param1}
		   <if test="tabDiv == 'tax_selng_sle'">
		   AND OOD.WRHOUS_CODE	= #{param4}
		   </if>
		   <if test="tabDiv == 'all_tax_selng_sle'">
		   AND OOD.WRHOUS_CODE	= #{param9}
		   </if>
		   AND OOD.DELETE_AT	= 'N'
	</select>

	<!-- 배송차수 -->
    <select id="selectDlvyOdrCount" parameterType="com.sorincorp.api.oz.model.UnityOrderPapersVO" resultType="String">
    	/***** com.sorincorp.bo.or.mapper.UnityOrderDetailMapper.selectDlvyOdrCount *****/
    	SELECT ISNULL(MAX(DLVY_ODR),0) FROM dbo.OR_DLVY_ODR_BL_DTL WHERE ORDER_NO = #{param1} AND DELETE_AT = 'N'
    </select>

	<!-- 출고지시서 화물수취인 전화번호 포맷 -->
	<select id="selectFnGetTelNo" parameterType="String" resultType="String">
		/***** com.sorincorp.bo.or.mapper.UnityOrderDetailMapper.selectFnGetTelNo *****/
		SET TRANSACTION ISOLATION LEVEL READ UNCOMMITTED
		SELECT dbo.fn_GetTelNo(#{decryptStr})
	</select>		
    
    <!-- 매출증빙 데이터를 조회한다.  -->
	<select id="getSlePrufDtaOutptList" parameterType="com.sorincorp.api.oz.model.SlePrufDtaOutptVO" resultType="com.sorincorp.api.oz.model.SlePrufDtaOutptVO">
	/* com.sorincorp.api.oz.mapper.slePrufDtaOutptMapper.getSlePrufDtaOutptList*/		
		SET TRANSACTION ISOLATION LEVEL READ UNCOMMITTED;
		WITH SLE_PRUF AS
		(
			SELECT
				OOB.SETLE_MTHD_CODE
				,OOB.ORDER_NO AS ORDER_NO
				,CASE WHEN OTBB01.TAX_BILL_REQST_DE IS NOT NULL AND  OTBB02.TAX_BILL_REQST_DE IS NULL THEN '01'
						WHEN OTBB01.TAX_BILL_REQST_DE IS NULL AND OTBB02.TAX_BILL_REQST_DE IS NOT NULL THEN '02'
						WHEN OTBB01.TAX_BILL_REQST_DE IS NOT NULL AND  OTBB02.TAX_BILL_REQST_DE IS NOT NULL THEN '00'
					END	AS RECEIPT_TY
				,OTBB01.TAX_BILL_REQST_NO AS CSU_TAX_BILL_REQST_NO
				,OTBB02.TAX_BILL_REQST_NO AS CWS_TAX_BILL_REQST_NO
				,OTBB01.TAX_BILL_REQST_DETAIL_SN AS CSU_TAX_BILL_REQST_DETAIL_SN
				,OTBB02.TAX_BILL_REQST_DETAIL_SN AS CWS_TAX_BILL_REQST_DETAIL_SN
				,ISNULL(CONVERT(CHAR,#{orderRcpmnyBatch}), '')  AS ORDER_RCPMNY_BATCH
				,ISNULL(CONVERT(CHAR,#{excclcRcpmnySlng}), '') AS EXCCLC_RCPMNY_BATCH
				,ISNULL(CONVERT(CHAR,#{orderEntyRcpmnyBatch}), '')  AS ORDER_ENTY_RCPMNY_BATCH
				,ISNULL(CONVERT(CHAR,#{orderRcpmnyBatch}), '')  AS ORDER_ENTY_RCPMNY_SLNG
				,ISNULL(CONVERT(CHAR,#{csuBatchNo}), '')  AS CSU_BATCH
				,ISNULL(CONVERT(CHAR,#{cwsBatchNo}), '')  AS CWS_BATCH
			FROM OR_ORDER_BAS OOB
				LEFT OUTER JOIN OR_TAX_BILL_BAS OTBB01 ON OOB.ORDER_NO = OTBB01.ORDER_NO AND OTBB01.TAX_BILL_CL_CODE IN ('01')
				LEFT OUTER JOIN IF_OR_TAX_BILL_BAS IOTBB01 ON OTBB01.CONFM_NO = IOTBB01.TAX_BILL_CONFM_NO AND IOTBB01 .INTRFC_PROCESS_STTUS_CODE = 'S'
				LEFT OUTER JOIN OR_TAX_BILL_BAS OTBB02 ON OOB.ORDER_NO = OTBB02.ORDER_NO AND OTBB02.TAX_BILL_CL_CODE IN ('02')
				LEFT OUTER JOIN IF_OR_TAX_BILL_BAS IOTBB02 ON OTBB02.CONFM_NO = IOTBB02.TAX_BILL_CONFM_NO AND IOTBB02.INTRFC_PROCESS_STTUS_CODE = 'S'
			WHERE 1=1
				AND OOB.ORDER_STTUS_CODE NOT IN ('01','03','11')
				AND OOB.ORDER_NO = #{orderNo}
		)
		SELECT
			papersNo
			,papersNm
			,tabDiv
			,ozNm
			,pCount
			,contents
			,sttus
			,param1
			,paramNm2
			,param2
			,paramNm3
			,param3
			,paramNm4
			,param4
			,paperDe
			,DB_ALIAS
			,printAt
			,setleMthdCode
			,RECEIPT_TY
		FROM (
			SELECT
			papersNo
			,papersNm
			,tabDiv
			,ozNm
			,pCount
			,CASE WHEN papersNo = '14' THEN '' ELSE contents END contents
			,DBO.FN_GETCODENM('ORDER_STTUS_CODE', OOB.ORDER_STTUS_CODE) AS sttus
			,OOB.ORDER_NO AS param1
			,paramNm2
			,CASE WHEN papersNo = '1' AND OOB.ORDER_STTUS_CODE <![CDATA[>=]]> '10' AND OOB.SETLE_MTHD_CODE IN ('10','40') AND (SP.RECEIPT_TY <![CDATA[<=]]> '01' OR SP.RECEIPT_TY = '00') THEN SP.ORDER_RCPMNY_BATCH
				  WHEN papersNo = '30' AND OOB.ORDER_STTUS_CODE <![CDATA[>=]]> '10' AND OOB.SETLE_MTHD_CODE = '40' AND (SP.RECEIPT_TY IN ('00','02')) AND SP.EXCCLC_RCPMNY_BATCH IS NOT NULL THEN SP.EXCCLC_RCPMNY_BATCH
				  WHEN papersNo = '2' AND OOB.ORDER_STTUS_CODE <![CDATA[>=]]> '10' AND OOB.SETLE_MTHD_CODE = '90' AND SP.ORDER_ENTY_RCPMNY_SLNG IS NOT NULL AND (SP.RECEIPT_TY <![CDATA[<=]]> '01' OR SP.RECEIPT_TY = '00') THEN SP.ORDER_ENTY_RCPMNY_BATCH
				  WHEN papersNo = '3' AND OOB.ORDER_STTUS_CODE <![CDATA[>=]]> '10' AND OOB.SETLE_MTHD_CODE IN ('10','40') AND (SP.RECEIPT_TY <![CDATA[<=]]> '01' OR SP.RECEIPT_TY = '00') THEN NULL
				  WHEN papersNo = '4' AND OOB.ORDER_STTUS_CODE <![CDATA[>=]]> '10' AND OOB.SETLE_MTHD_CODE = '90' AND (SP.RECEIPT_TY <![CDATA[<=]]> '01' OR SP.RECEIPT_TY = '00') THEN SP.ORDER_RCPMNY_BATCH
				  WHEN papersNo = '5' AND OOB.ORDER_STTUS_CODE <![CDATA[>=]]> '10' AND (SP.RECEIPT_TY <![CDATA[<=]]> '01' OR SP.RECEIPT_TY = '00') THEN SP.CSU_BATCH
				  WHEN papersNo = '6' AND OOB.ORDER_STTUS_CODE <![CDATA[>=]]> '10' AND (SP.RECEIPT_TY <![CDATA[<=]]> '01' OR SP.RECEIPT_TY = '00') THEN SP.CSU_BATCH
				  WHEN papersNo = '7' THEN SP.CSU_TAX_BILL_REQST_NO
				  WHEN papersNo = '8' AND OOB.ORDER_STTUS_CODE <![CDATA[>=]]> '10' AND (SP.RECEIPT_TY <![CDATA[<=]]> '01' OR SP.RECEIPT_TY = '00') THEN NULL
				  WHEN papersNo = '9' AND OOB.ORDER_STTUS_CODE <![CDATA[>=]]> '10' AND OOB.SETLE_MTHD_CODE IN ('10', '20', '30', '90') AND (SP.RECEIPT_TY <![CDATA[<=]]> '01' OR SP.RECEIPT_TY = '00') THEN NULL
				  WHEN papersNo = '10' AND OOB.ORDER_STTUS_CODE <![CDATA[>=]]> '10' AND OOB.SETLE_MTHD_CODE IN ('10','90') AND (SP.RECEIPT_TY <![CDATA[>=]]> '02' OR SP.RECEIPT_TY = '00') THEN SP.EXCCLC_RCPMNY_BATCH
				  WHEN papersNo = '11' AND OOB.ORDER_STTUS_CODE <![CDATA[>=]]> '10' AND (SP.RECEIPT_TY <![CDATA[>=]]> '02' OR SP.RECEIPT_TY = '00') THEN SP.CWS_BATCH
				  WHEN papersNo = '12' AND OOB.ORDER_STTUS_CODE <![CDATA[>=]]> '10' AND (SP.RECEIPT_TY <![CDATA[>=]]> '02' OR SP.RECEIPT_TY = '00') THEN SP.CWS_BATCH
				  WHEN papersNo = '13' THEN SP.CWS_TAX_BILL_REQST_NO
				  WHEN papersNo = '14' AND OOB.ORDER_STTUS_CODE <![CDATA[>=]]> '10' AND (SP.RECEIPT_TY <![CDATA[>=]]> '02' OR SP.RECEIPT_TY = '00') THEN OOD.BL_NO
				  WHEN papersNo = '15' AND OOB.ORDER_NO = param1 THEN param2
				  WHEN papersNo = '16' AND OOB.ORDER_NO = param1 THEN param2
				  WHEN papersNo = '17' AND OOB.ORDER_NO = param1 THEN param2
				  WHEN papersNo = '18' AND OOB.ORDER_NO = param1 THEN param2
				  WHEN papersNo = '19' AND OOB.ORDER_NO = param1 THEN param2
				  WHEN papersNo = '98' AND OOB.ORDER_STTUS_CODE <![CDATA[>=]]> '10' AND OOB.SETLE_MTHD_CODE IN ('10','90','40') AND (SP.RECEIPT_TY <![CDATA[>=]]> '02' OR SP.RECEIPT_TY = '00') THEN NULL
				  WHEN papersNo = '99' THEN OOB.ORDER_NO
			  ELSE NULL END AS param2
			,paramNm3
			,CASE WHEN papersNo = '7' THEN SP.CSU_TAX_BILL_REQST_DETAIL_SN
				  WHEN papersNo = '9' AND OOB.ORDER_STTUS_CODE <![CDATA[>=]]> '10' AND OOB.SETLE_MTHD_CODE IN ('10', '20', '30', '90') AND (SP.RECEIPT_TY <![CDATA[<=]]> '01' OR SP.RECEIPT_TY = '00') THEN param3
				  WHEN papersNo = '13' THEN SP.CWS_TAX_BILL_REQST_DETAIL_SN
				  WHEN papersNo = '14' AND OOB.ORDER_STTUS_CODE <![CDATA[>=]]> '10' AND (SP.RECEIPT_TY <![CDATA[>=]]> '02' OR SP.RECEIPT_TY = '00') THEN param3
				  WHEN papersNo = '98' AND OOB.ORDER_STTUS_CODE <![CDATA[>=]]> '10' AND OOB.SETLE_MTHD_CODE IN ('10','90','40') AND (SP.RECEIPT_TY <![CDATA[>=]]> '02' OR SP.RECEIPT_TY = '00') THEN param3
			  ELSE NULL END AS param3
			,paramNm4
			,CASE WHEN papersNo = '7' THEN '00000000-000000'
				  WHEN papersNo = '13' THEN '00000000-000000'
			  ELSE NULL END AS param4
			,FORMAT(CONVERT(DATE, OOB.ORDER_DE), 'yyyy.MM.dd') AS paperDe
			,DB_ALIAS
			,CASE WHEN papersNo = '1' AND OOB.ORDER_STTUS_CODE  <![CDATA[>=]]>  '10' AND OOB.SETLE_MTHD_CODE IN ('10','40') AND (SP.RECEIPT_TY  <![CDATA[<=]]>  '01' ) AND ISNULL(SP.EXCCLC_RCPMNY_BATCH,'')  <![CDATA[!=]]> ISNULL(SP.ORDER_RCPMNY_BATCH,'') THEN 'Y'
				  WHEN papersNo = '30' AND OOB.ORDER_STTUS_CODE <![CDATA[>=]]>  '10' AND OOB.SETLE_MTHD_CODE = '40' AND (SP.RECEIPT_TY IN ('00','02')) AND  SP.EXCCLC_RCPMNY_BATCH IS NOT NULL THEN 'Y'
				  WHEN papersNo = '2' AND OOB.ORDER_STTUS_CODE  <![CDATA[>=]]>  '10' AND OOB.SETLE_MTHD_CODE = '90' AND SP.ORDER_ENTY_RCPMNY_SLNG IS NOT NULL AND (SP.RECEIPT_TY  <![CDATA[<=]]>  '01' OR SP.RECEIPT_TY = '00') THEN 'Y'
				  WHEN papersNo = '3' AND OOB.ORDER_STTUS_CODE  <![CDATA[>=]]>  '10' AND OOB.SETLE_MTHD_CODE = '90' AND (SP.RECEIPT_TY  <![CDATA[<=]]>  '01' OR SP.RECEIPT_TY = '00') THEN 'Y'
				  WHEN papersNo = '3' AND OOB.ORDER_STTUS_CODE  <![CDATA[>=]]>  '10' AND OOB.SETLE_MTHD_CODE = '40' AND (SP.RECEIPT_TY  <![CDATA[<=]]>  '01' OR SP.RECEIPT_TY = '00') AND SP.ORDER_RCPMNY_BATCH IS NOT NULL THEN 'Y'
				  WHEN papersNo = '4' AND OOB.ORDER_STTUS_CODE  <![CDATA[>=]]>  '10' AND OOB.SETLE_MTHD_CODE = '90' AND (SP.RECEIPT_TY  <![CDATA[<=]]>  '01' OR SP.RECEIPT_TY = '00') THEN 'Y'
				  WHEN papersNo = '5' AND OOB.ORDER_STTUS_CODE  <![CDATA[>=]]>  '10' AND (SP.RECEIPT_TY  <![CDATA[<=]]>  '01' OR SP.RECEIPT_TY = '00') THEN 'Y'
				  WHEN papersNo = '6' AND OOB.ORDER_STTUS_CODE  <![CDATA[>=]]>  '10' AND (SP.RECEIPT_TY  <![CDATA[<=]]>  '01' OR SP.RECEIPT_TY = '00') THEN 'Y'
				  WHEN papersNo = '7' AND SP.RECEIPT_TY <![CDATA[<=]]> '01' THEN 'Y'
				  WHEN papersNo = '8' AND OOB.ORDER_STTUS_CODE  <![CDATA[>=]]>  '10' AND (SP.RECEIPT_TY  <![CDATA[<=]]>  '01' OR SP.RECEIPT_TY = '00') THEN 'Y'
				  WHEN papersNo = '9' AND OOB.ORDER_STTUS_CODE  <![CDATA[>=]]>  '10' AND OOB.SETLE_MTHD_CODE IN ('10', '20', '30', '90') AND (SP.RECEIPT_TY  <![CDATA[<=]]>  '01' OR SP.RECEIPT_TY = '00') THEN 'Y'
				  WHEN papersNo = '10' AND OOB.ORDER_STTUS_CODE  <![CDATA[>=]]>  '10' AND OOB.SETLE_MTHD_CODE IN ('10','90') AND (SP.RECEIPT_TY  <![CDATA[>=]]>  '02' OR SP.RECEIPT_TY = '00') THEN 'Y'
				  WHEN papersNo = '11' AND OOB.ORDER_STTUS_CODE  <![CDATA[>=]]>  '10' AND (SP.RECEIPT_TY  <![CDATA[>=]]>  '02' OR SP.RECEIPT_TY = '00') THEN 'Y'
				  WHEN papersNo = '12' AND OOB.ORDER_STTUS_CODE  <![CDATA[>=]]>  '10' AND (SP.RECEIPT_TY  <![CDATA[>=]]>  '02' OR SP.RECEIPT_TY = '00') THEN 'Y'
				  WHEN papersNo = '13' AND (SP.RECEIPT_TY = '02' OR SP.RECEIPT_TY = '00') THEN 'Y'
				  WHEN papersNo = '14' AND OOB.ORDER_STTUS_CODE  <![CDATA[>=]]>  '10' AND (SP.RECEIPT_TY  <![CDATA[>=]]>  '02' OR SP.RECEIPT_TY = '00') THEN 'Y'
				  WHEN papersNo = '15' AND (SP.RECEIPT_TY = '02' OR SP.RECEIPT_TY = '00') AND OOB.ORDER_NO = param1 THEN 'Y'
				  WHEN papersNo = '16' AND (SP.RECEIPT_TY = '02' OR SP.RECEIPT_TY = '00') AND OOB.ORDER_NO = param1 THEN 'Y'
				  WHEN papersNo = '17' AND (SP.RECEIPT_TY = '02' OR SP.RECEIPT_TY = '00') AND OOB.ORDER_NO = param1 THEN 'Y'
				  WHEN papersNo = '18' AND (SP.RECEIPT_TY = '02' OR SP.RECEIPT_TY = '00') AND OOB.ORDER_NO = param1 THEN 'Y'
				  WHEN papersNo = '19' AND (SP.RECEIPT_TY = '02' OR SP.RECEIPT_TY = '00') AND OOB.ORDER_NO = param1 THEN 'Y'
				  WHEN papersNo = '98' AND OOB.ORDER_STTUS_CODE  <![CDATA[>=]]>  '10' AND OOB.SETLE_MTHD_CODE IN ('10','90','40') AND (SP.RECEIPT_TY  <![CDATA[>=]]>  '02' OR SP.RECEIPT_TY = '00') THEN 'Y'
				  WHEN papersNo = '99' THEN 'Y'
			  ELSE NULL END AS printAt
			  ,OOB.SETLE_MTHD_CODE AS setleMthdCode
			  ,SP.RECEIPT_TY  AS  RECEIPT_TY
			FROM
			(
			SELECT --입금전표(이월렛, 케이지크레딧)
				'1' AS papersNo
				,'입금전표' AS papersNm /*서류명 */
				,'rcpmnyr' AS tabDiv /*서류 구분 */
				,'/OZ550404' AS ozNm /*ozr 파일명 */
				,2 AS pCount
				,'' AS contents
				,NULL AS param1
				,'pa1' AS paramNm2
				,NULL AS param2
				,NULL AS paramNm3
				,NULL AS param3
				,NULL AS paramNm4
				,NULL AS param4
				,NULL AS paperDe
				,#{erpDbAlias} AS DB_ALIAS
			UNION ALL
			SELECT --입금전표(증거금)
				'2' AS papersNo
				,'입금전표' AS papersNm4
				,'rcpmnyr' AS tabDiv
				,'/OZ550404' AS ozNm
				,2 AS pCount
				,'' AS contents
				,NULL AS param1
				,'pa1' AS paramNm2
				,NULL AS param2
				,NULL AS paramNm3
				,NULL AS param3
				,NULL AS paramNm4
				,NULL AS param4
				,NULL AS paperDe
				,#{erpDbAlias} AS DB_ALIAS
			UNION ALL
			SELECT --입금전표(케이지크레딧 정산 입금전표)
				'30' AS papersNo
				,'입금전표' AS papersNm  /* 서류명    */
				,'rcpmnyr' AS tabDiv     /* 서류 구분  */
				,'/OZ550404' AS ozNm     /* ozr 파일명  */
				,2 AS pCount
				,'' AS contents
				,NULL AS param1
				,'pa1' AS paramNm2
				,NULL AS param2
				,NULL AS paramNm3
				,NULL AS param3
				,NULL AS paramNm4
				,NULL AS param4
				,NULL AS paperDe
				,#{erpDbAlias} AS DB_ALIAS
			UNION ALL
			SELECT --입금증빙(증거금, 케이지크레딧)
				'3' AS papersNo
				,'입금증빙' AS papersNm
				,'rcptPruf' AS tabDiv
				,'EC_Hana_Trading_Dtls' AS ozNm
				,4 AS pCount
				,'' AS contents
				,NULL AS param1
				,'ewalletAcntNo' AS paramNm2
				,NULL AS param2
				,'delngSeCode' AS paramNm3
				,'03' AS param3
				,NULL AS paramNm4
				,NULL AS param4
				,NULL AS paperDe
				,#{dbAlias} AS DB_ALIAS
			UNION ALL
			SELECT --입금전표(증거금)
				'4' AS papersNo
				,'입금전표(잔금)' AS papersNm
				,'rcpmnyr' AS tabDiv
				,'/OZ550404' AS ozNm
				,2 AS pCount
				,'' AS contents
				,NULL AS param1
				,'pa1' AS paramNm2
				,NULL AS param2
				,NULL AS paramNm3
				,NULL AS param3
				,NULL AS paramNm4
				,NULL AS param4
				,NULL AS paperDe
				,#{erpDbAlias} AS DB_ALIAS
			UNION ALL
			SELECT
				'5' AS papersNo
				,'매출전표' AS papersNm
				,'sales' AS tabDiv
				,'/OZ550403_1' AS ozNm
				,3 AS pCount
				,'' AS contents
				,NULL AS param1
				,'pa1' AS paramNm2
				,NULL AS param2
				,NULL AS paramNm3
				,NULL AS param3
				,NULL AS paramNm4
				,NULL AS param4
				,NULL AS paperDe
				,#{erpDbAlias} AS DB_ALIAS
			UNION ALL
			SELECT
				'6' AS papersNo
				,'판매전표' AS papersNm
				,'sales' AS tabDiv
				,'/OZ550321' AS ozNm
				,3 AS pCount
				,'' AS contents
				,NULL AS param1
				,'pa1' AS paramNm2
				,NULL AS param2
				,NULL AS paramNm3
				,NULL AS param3
				,NULL AS paramNm4
				,NULL AS param4
				,NULL AS paperDe
				,#{erpDbAlias} AS DB_ALIAS
			UNION ALL
			SELECT
				'7' AS papersNo
				,'전자세금계산서' AS papersNm
				,'tax' AS tabDiv
				,'EC_Tax_Bill' AS ozNm
				,5 AS pCount
				,'' AS contents
				,NULL AS param1
				,'taxBillReqstNo' AS paramNm2
				,NULL AS param2
				,'taxBillReqstDetailSn' AS paramNm3
				,NULL AS param3
				,'canclExchngRtngudNo' AS paramNm4
				,NULL AS param4
				,NULL AS paperDe
				,#{dbAlias} AS DB_ALIAS
			UNION ALL
			SELECT
				'8' AS papersNo
				,'매매계약서' AS papersNm
				,'salesContract' AS tabDiv
				,'EC_Sales_Contract' AS ozNm
				,2 AS pCount
				,'' AS contents
				,NULL AS param1
				,NULL AS paramNm2
				,NULL AS param2
				,NULL AS paramNm3
				,NULL AS param3
				,NULL AS paramNm4
				,NULL AS param4
				,NULL AS paperDe
				,#{dbAlias} AS DB_ALIAS
			UNION ALL
			SELECT --입금증빙(이월렛, 증거금)
				'9' AS papersNo
				,'입금증빙' AS papersNm
				,'rcptPruf' AS tabDiv
				,'EC_Hana_Trading_Dtls' AS ozNm
				,4 AS pCount
				,'' AS contents
				,NULL AS param1
				,'ewalletAcntNo' AS paramNm2
				,NULL AS param2
				,'delngSeCode' AS paramNm3
				,'03' AS param3
				,NULL AS paramNm4
				,NULL AS param4
				,NULL AS paperDe
				,#{dbAlias} AS DB_ALIAS
			UNION ALL
			SELECT --입금전표(이월렛, 증거금)
				'10' AS papersNo
				,'입금전표(정산)' AS papersNm
				,'rcpmnyr' AS tabDiv
				,'/OZ550404' AS ozNm
				,2 AS pCount
				,'' AS contents
				,NULL AS param1
				,'pa1' AS paramNm2
				,NULL AS param2
				,NULL AS paramNm3
				,NULL AS param3
				,NULL AS paramNm4
				,NULL AS param4
				,NULL AS paperDe
				,#{erpDbAlias} AS DB_ALIAS
			UNION ALL
			SELECT
				'11' AS papersNo
				,'매출전표' AS papersNm
				,'sales' AS tabDiv
				,'/OZ550403_1' AS ozNm
				,3 AS pCount
				,'' AS contents
				,NULL AS param1
				,'pa1' AS paramNm2
				,NULL AS param2
				,NULL AS paramNm3
				,NULL AS param3
				,NULL AS paramNm4
				,NULL AS param4
				,NULL AS paperDe
				,#{erpDbAlias} AS DB_ALIAS
			UNION ALL
			SELECT
				'12' AS papersNo
				,'판매전표' AS papersNm
				,'sales' AS tabDiv
				,'/OZ550321' AS ozNm
				,3 AS pCount
				,'' AS contents
				,NULL AS param1
				,'pa1' AS paramNm2
				,NULL AS param2
				,NULL AS paramNm3
				,NULL AS param3
				,NULL AS paramNm4
				,NULL AS param4
				,NULL AS paperDe
				,#{erpDbAlias} AS DB_ALIAS
			UNION ALL
			SELECT
				'13' AS papersNo
				,'전자세금계산서' AS papersNm
				,'tax' AS tabDiv
				,'EC_Tax_Bill' AS ozNm
				,5 AS pCount
				,'' AS contents
				,NULL AS param1
				,'taxBillReqstNo' AS paramNm2
				,NULL AS param2
				,'taxBillReqstDetailSn' AS paramNm3
				,NULL AS param3
				,'canclExchngRtngudNo' AS paramNm4
				,NULL AS param4
				,NULL AS paperDe
				,#{dbAlias} AS DB_ALIAS
			UNION ALL
			SELECT
				INSTR.papersNo,
				INSTR.papersNm,
				INSTR.tabDiv,
				INSTR.ozNm,
				INSTR.pCount,
				OR_DTL.ORDER_SN AS contents,
				INSTR.param1,
				INSTR.paramNm2,
				INSTR.param2,
				INSTR.paramNm3,
				INSTR.param3,
				INSTR.paramNm4,
				INSTR.param4,
				INSTR.paperDe,
				INSTR.dbAlias
			FROM
				(
					SELECT
					'14' AS papersNo
					,'출고지시서' AS papersNm
					,'instr' AS tabDiv
					,'EC_Release_Order' AS ozNm
					,5 AS pCount
					,'' AS contents
					,NULL AS param1
					,'blNo' AS paramNm2
					,NULL AS param2
					,'wrhousCode' AS paramNm3
					,NULL AS param3
					,NULL AS paramNm4
					,NULL AS param4
					,NULL AS paperDe
					,#{dbAlias} AS dbAlias
				) INSTR
				CROSS JOIN ( SELECT DISTINCT ORDER_SN FROM OR_ORDER_DTL WHERE ORDER_NO = #{orderNo}) OR_DTL
			UNION ALL
			SELECT
				'14'+DLVY_ODR AS papersNo
				,A.PAPERS_NM AS papersNm
				,A.TAB_DIV AS tabDiv
				,A.OZ_NM AS ozNm
				,A.PARAM_CNT AS pCount
				,'' AS contents
				,DLVY_ORDER_NO AS param1
				,'dlvyOdr' AS paramNm2
				,CONVERT(NVARCHAR, A.DLVY_ODR) AS param2
				,NULL AS paramNm3
				,NULL AS param3
				,NULL AS paramNm4
				,NULL AS param4
				,A.PAPER_DE AS paperDe
				,A.DB_ALIAS AS dbAlias
			  FROM (
				SELECT
					'출고명세서' AS PAPERS_NM
					,'details' AS TAB_DIV
					,'EC_Release_Statement' AS OZ_NM
					,3 AS PARAM_CNT
					,ORDER_NO AS DLVY_ORDER_NO
					,DLVY_ODR AS DLVY_ODR
					,NULL AS PAPER_DE
					,#{dbAlias} AS DB_ALIAS
				  FROM OR_DLVY_ODR_BL_DTL
				  WHERE ORDER_NO = #{orderNo}
				) A
			UNION ALL
			SELECT
				'98' AS papersNo
				,'정산증빙' AS papersNm
				,'rcptPruf' AS tabDiv
				,'EC_Hana_Trading_Dtls' AS ozNm
				,4 AS pCount
				,'' AS contents
				,NULL AS param1
				,'ewalletAcntNo' AS paramNm2
				,NULL AS param2
				,'delngSeCode' AS paramNm3
				,'03' AS param3
				,NULL AS paramNm4
				,NULL AS param4
				,NULL AS paperDe
				,#{dbAlias} AS DB_ALIAS
			) printParams
			LEFT OUTER JOIN OR_ORDER_BAS OOB ON OOB.ORDER_NO = #{orderNo}
			LEFT OUTER JOIN OR_ORDER_DTL OOD ON OOB.ORDER_NO = OOD.ORDER_NO AND OOD.ORDER_SN = contents
			LEFT OUTER JOIN SLE_PRUF SP ON OOB.ORDER_NO = SP.ORDER_NO
		) A
		WHERE 1=1
		AND 1 = (CASE WHEN papersNo NOT IN ('3', '8', '9', '98', '99') AND param2 is NULL THEN 0
		  			  ELSE 1 END )
		AND printAt = 'Y'
		ORDER BY param1,
			CASE WHEN setleMthdCode IN ('10') AND papersNo = '1'  THEN 8.5
			WHEN setleMthdCode IN ('40') AND papersNo = '1'       THEN 20
			WHEN papersNo = '30'                                  THEN 96
			WHEN setleMthdCode IN ('40') AND papersNo = '3'       THEN 97
			WHEN setleMthdCode IN ('90') AND papersNo = '4'       THEN 8.5
			WHEN papersNo = '6'                                   THEN 4.5
			WHEN setleMthdCode IN ('10','90') AND papersNo = '10' THEN 97.5
			WHEN papersNo = '11'                                  THEN 12.5
			ELSE CONVERT(INT, papersNo) END
	</select>
	
	<!-- 주문 기업 계좌번호 조회 -->
	<select id="getEwalletAcnutNo" parameterType="String" resultType="String">
		/***** com.sorincorp.bo.or.mapper.slePrufDtaOutptMapper.getEwalletAcnutNo *****/
		SET TRANSACTION ISOLATION LEVEL READ UNCOMMITTED
		SELECT EWALLET_ACNUT_NO
		FROM MB_ENTRPS_INFO_BAS
		WHERE ENTRPS_NO = (  SELECT ENTRPS_NO FROM OR_ORDER_BAS
			WHERE ORDER_NO = #{orderNo})
	</select>
	
	<!-- 출력 횟수를 입력한다. -->
	<insert id="insertSlePrufDtaPrintCnt" parameterType="com.sorincorp.api.oz.model.SlePrufDtaOutptVO">
		/******	SlePrufDtaOutptMapper.insertSlePrufDtaPrintCnt		******/
		INSERT INTO ORDER_PRUF_OUTPT_MANAGE
		(
			ORDER_NO
			,ORDER_PRINT_SN
			,OUTPT_DT
			,FRST_REGISTER_ID
			,FRST_REGIST_DT
			,LAST_CHANGER_ID
			,LAST_CHANGE_DT
		)
		VALUES
		(
			#{orderNo}
			,(SELECT ISNULL(MAX(ORDER_PRINT_SN),0) + 1 FROM ORDER_PRUF_OUTPT_MANAGE WHERE ORDER_NO = #{orderNo})
			,GETDATE()
			,#{frstRegisterId}
			,GETDATE()
			,#{frstRegisterId}
			,GETDATE()
		)
    </insert>
</mapper>