<?xml version='1.0' encoding='UTF-8'?><profile><name>css</name><language>css</language><rules><rule><repositoryKey>css</repositoryKey><key>S1116</key><priority>MINOR</priority><parameters/></rule><rule><repositoryKey>css</repositoryKey><key>S1128</key><priority>MINOR</priority><parameters/></rule><rule><repositoryKey>css</repositoryKey><key>S4647</key><priority>BLOCKER</priority><parameters/></rule><rule><repositoryKey>css</repositoryKey><key>S4648</key><priority>MAJOR</priority><parameters/></rule><rule><repositoryKey>css</repositoryKey><key>S4649</key><priority>MAJOR</priority><parameters/></rule><rule><repositoryKey>css</repositoryKey><key>S4650</key><priority>BLOCKER</priority><parameters/></rule><rule><repositoryKey>css</repositoryKey><key>S4651</key><priority>CRITICAL</priority><parameters/></rule><rule><repositoryKey>css</repositoryKey><key>S4652</key><priority>MAJOR</priority><parameters/></rule><rule><repositoryKey>css</repositoryKey><key>S4653</key><priority>BLOCKER</priority><parameters/></rule><rule><repositoryKey>css</repositoryKey><key>S4654</key><priority>BLOCKER</priority><parameters/></rule><rule><repositoryKey>css</repositoryKey><key>S4655</key><priority>MAJOR</priority><parameters/></rule><rule><repositoryKey>css</repositoryKey><key>S4656</key><priority>MAJOR</priority><parameters><parameter><key>ignoreFallbacks</key><value>true</value></parameter></parameters></rule><rule><repositoryKey>css</repositoryKey><key>S4657</key><priority>CRITICAL</priority><parameters/></rule><rule><repositoryKey>css</repositoryKey><key>S4658</key><priority>MAJOR</priority><parameters/></rule><rule><repositoryKey>css</repositoryKey><key>S4659</key><priority>MAJOR</priority><parameters/></rule><rule><repositoryKey>css</repositoryKey><key>S4660</key><priority>MAJOR</priority><parameters/></rule><rule><repositoryKey>css</repositoryKey><key>S4661</key><priority>MAJOR</priority><parameters/></rule><rule><repositoryKey>css</repositoryKey><key>S4662</key><priority>MAJOR</priority><parameters><parameter><key>ignoreAtRules</key><value>value,at-root,content,debug,each,else,error,for,function,if,include,mixin,return,warn,while,extend</value></parameter></parameters></rule><rule><repositoryKey>css</repositoryKey><key>S4663</key><priority>MINOR</priority><parameters/></rule><rule><repositoryKey>css</repositoryKey><key>S4666</key><priority>MAJOR</priority><parameters/></rule><rule><repositoryKey>css</repositoryKey><key>S4667</key><priority>MAJOR</priority><parameters/></rule><rule><repositoryKey>css</repositoryKey><key>S4668</key><priority>BLOCKER</priority><parameters/></rule><rule><repositoryKey>css</repositoryKey><key>S4670</key><priority>CRITICAL</priority><parameters><parameter><key>ignoreTypes</key><value>/^mat-/</value></parameter></parameters></rule></rules></profile>