<?xml version="1.0" encoding="UTF-8"?>
<!DOCTYPE mapper PUBLIC "-//mybatis.org//DTD Mapper 3.0//EN" "http://mybatis.org/dtd/mybatis-3-mapper.dtd">

<mapper namespace="com.sorincorp.comm.entrpsgrade.mapper.EntrpsGradeMapper">

    <select id="getEntrpsGradeBnefInfoList" parameterType="java.util.HashMap" resultType="com.sorincorp.comm.entrpsgrade.model.EntrpsGradeVO">
        /*  entrpsGrade.getEntrpsGradeBnefInfoList  */
        SET TRANSACTION ISOLATION LEVEL READ UNCOMMITTED
        SELECT
            MEIB.ENTRPS_NO
            , MEIB.ENTRPS_GRAD
            , dbo.fn_getCodeNm('ENTRPS_GRAD_CODE', MEIB.ENTRPS_GRAD) AS ENTRPS_GRAD_NM
            , MEGBB.OPERTN_DE
            , MEGBB.INVNTRY_INDICT_AT
            , MEGBB.SPCLTYUSEFUL_EMAILRING_SVC_AT
            , MEGMAMD.METAL_CODE
            , ISNULL(MEGMAMD.ONEDE_PURCHS_WT_LMT, 0) AS ONEDE_PURCHS_WT_LMT
            , ISNULL(MEGMAMD.ONCE_PURCHS_WT_LMT, 0) AS ONCE_PURCHS_WT_LMT
            , ISNULL(MEGMAMD.ACCML_MLG, 0) AS ACCML_MLG
          FROM dbo.MB_ENTRPS_INFO_BAS AS MEIB
         INNER JOIN dbo.MB_ENTRPS_GRAD_BNEF_BAS MEGBB
            ON MEIB.ENTRPS_GRAD = MEGBB.ENTRPS_GRAD
           AND MEGBB.DELETE_AT = 'N'
         INNER JOIN dbo.MB_ENTRPS_GRAD_METAL_ACCTO_MANAGE_DTL AS MEGMAMD
            ON MEGMAMD.ENTRPS_GRAD_SN = MEGBB.ENTRPS_GRAD_SN
           AND MEGBB.DELETE_AT = 'N'
         WHERE 1=1
           AND MEIB.ENTRPS_NO = #{entrpsNo}
           AND MEGBB.ENTRPS_GRAD_SN = (
	               SELECT TOP 1 ENTRPS_GRAD_SN
	                FROM dbo.MB_ENTRPS_GRAD_BNEF_BAS
	               WHERE 1=1
	                 AND ENTRPS_GRAD = MEIB.ENTRPS_GRAD
	                 AND OPERTN_DE <![CDATA[<=]]> FORMAT(GETDATE(), 'yyyy-MM-dd')
	                 AND DELETE_AT = 'N'
	               ORDER BY OPERTN_DE DESC
               )
    </select>

    <select id="getEntrpsEvlGradeInfo" parameterType="java.util.HashMap" resultType="com.sorincorp.comm.entrpsgrade.model.EntrpsGradeVO">
        /*  entrpsGrade.getEntrpsEvlGradeInfo  */
        SET TRANSACTION ISOLATION LEVEL READ UNCOMMITTED
        SELECT TOP 1
            MEIB.ENTRPS_NO
            , dbo.fn_getCodeNm('ENTRPS_EVL_GRAD_CODE', MEIB.ENTRPS_EVL_GRAD) AS ENTRPS_EVL_GRAD_NM
            , MEEGMB.BEGIN_CREDT_GRAD
            , dbo.fn_getCodeNm('CREDT_GRAD_CODE', MEEGMB.BEGIN_CREDT_GRAD) AS BEGIN_CREDT_GRAD_NM
            , MEEGMB.END_CREDT_GRAD
            , dbo.fn_getCodeNm('CREDT_GRAD_CODE', MEEGMB.END_CREDT_GRAD) AS END_CREDT_GRAD_NM
            , ISNULL(MEEGMB.CDTLN_SCTN, 0) AS CDTLN_SCTN
            , ISNULL(MEEGMB.MRTGG_GRNTY_PERM_BEGIN_PD, 0) AS MRTGG_GRNTY_PERM_BEGIN_PD
            , ISNULL(MEEGMB.MRTGG_GRNTY_PERM_REPY_PD, 0) AS MRTGG_GRNTY_PERM_REPY_PD
          FROM dbo.MB_ENTRPS_INFO_BAS AS MEIB
         INNER JOIN dbo.MB_ENTRPS_EVL_GRAD_MANAGE_BAS AS MEEGMB
            ON MEEGMB.ENTRPS_EVL_GRAD = MEIB.ENTRPS_EVL_GRAD
           AND MEEGMB.DELETE_AT = 'N'
         WHERE 1=1
           AND MEIB.ENTRPS_NO = #{entrpsNo}
    </select>

    <select id="getEntrpsPurchsInclnGradeInfo" parameterType="java.util.HashMap" resultType="com.sorincorp.comm.entrpsgrade.model.EntrpsGradeVO">
        /*  entrpsGrade.getEntrpsPurchsInclnGradeInfo  */
        SET TRANSACTION ISOLATION LEVEL READ UNCOMMITTED
        SELECT TOP 1
            MEPIGMB.PURCHS_INCLN_GRAD
            , dbo.fn_getCodeNm('ENTRPS_PURCHS_INCLN_GRAD_CODE', MEPIGMB.PURCHS_INCLN_GRAD) AS PURCHS_INCLN_GRAD_NM
            , ISNULL(WRTM_AUTHOR_RATE, 0) AS WRTM_AUTHOR_RATE
            , ISNULL(WRTM_AUTHOR_RATE_DCMLPOINT, 0) AS WRTM_AUTHOR_RATE_DCMLPOINT
          FROM dbo.MB_ENTRPS_INFO_BAS AS MEIB
         INNER JOIN dbo.MB_ENTRPS_PURCHS_INCLN_GRAD_MANAGE_BAS AS MEPIGMB
            ON MEIB.ENTRPS_PURCHS_INCLN_GRAD = MEPIGMB.PURCHS_INCLN_GRAD
           AND MEPIGMB.DELETE_AT = 'N'
         WHERE 1=1
           AND MEIB.ENTRPS_NO = #{entrpsNo}
         ORDER BY MEPIGMB.GRAD_EVL_SN
    </select>

    <select id="getEntrpsPurchsInclnGradeInfoAllList" resultType="com.sorincorp.comm.entrpsgrade.model.EntrpsGradeVO">
        /*  entrpsGrade.getEntrpsPurchsInclnGradeInfoAllList  */
        SET TRANSACTION ISOLATION LEVEL READ UNCOMMITTED
        SELECT
            MEPIGMB.PURCHS_INCLN_GRAD
            , dbo.fn_getCodeNm('ENTRPS_PURCHS_INCLN_GRAD_CODE', MEPIGMB.PURCHS_INCLN_GRAD) AS PURCHS_INCLN_GRAD_NM
            , ISNULL(WRTM_AUTHOR_RATE, 0) AS WRTM_AUTHOR_RATE
            , ISNULL(WRTM_AUTHOR_RATE_DCMLPOINT, 0) AS WRTM_AUTHOR_RATE_DCMLPOINT
          FROM dbo.MB_ENTRPS_PURCHS_INCLN_GRAD_MANAGE_BAS AS MEPIGMB
         WHERE 1=1
           AND MEPIGMB.DELETE_AT = 'N'
         ORDER BY MEPIGMB.GRAD_EVL_SN
    </select>
</mapper>