<?xml version="1.0" encoding="UTF-8"?>
<!DOCTYPE tiles-definitions PUBLIC
       "-//Apache Software Foundation//DTD Tiles Configuration 3.0//EN"
       "http://tiles.apache.org/dtds/tiles-config_3_0.dtd">
<tiles-definitions>

   <!-- main -->
   <definition name="layout" template="/WEB-INF/tiles/layout-main.jsp">
       <put-attribute name="headerBody" value="" />
       <put-attribute name="popupModal" value="" />
       <put-attribute name="footer" value="/WEB-INF/tiles/footer.jsp" />
   </definition>
   <definition name="*/*.tiles" extends="layout">
       <put-attribute name="headerBody" value="/WEB-INF/jsp/{1}/{2}.jsp" />
       <put-attribute name="popupModal" value="/WEB-INF/tiles/popupModal.jsp" />
   </definition>
   <definition name="*/*" template="/WEB-INF/tiles/body.jsp">
       <put-attribute name="headerBody" value="/WEB-INF/jsp/{1}/{2}.jsp" />
       <put-attribute name="popupModal" value="/WEB-INF/tiles/popupModal.jsp" />
   </definition>

</tiles-definitions> 